solid OpenSCAD_Model
  facet normal 0 0.8155608689592598 -0.5786712961798064
    outer loop
      vertex -87.19999999999999 -5.713534697298995 8.862112267803678
      vertex -97 -5.713534697298995 8.862112267803678
      vertex -87.19999999999999 -5.486410188638104 9.182214306505568
    endloop
  endfacet
  facet normal -1 0 0
    outer loop
      vertex -87.19999999999999 6.25 0.75
      vertex -87.19999999999999 6.25 0
      vertex -87.19999999999999 -6.25 0.75
    endloop
  endfacet
  facet normal 0 0.7456421648831671 -0.6663465779520021
    outer loop
      vertex -87.19999999999999 -5.486410188638104 9.182214306505568
      vertex -97 -5.486410188638104 9.182214306505568
      vertex -87.19999999999999 -5.224873734152917 9.474873734152917
    endloop
  endfacet
  facet normal 0 -0.6663465779520046 -0.7456421648831649
    outer loop
      vertex -87.19999999999999 5.224873734152917 9.474873734152917
      vertex -97 4.932214306505568 9.736410188638105
      vertex -97 5.224873734152917 9.474873734152917
    endloop
  endfacet
  facet normal -1 0 0
    outer loop
      vertex -87.19999999999999 -6.25 3
      vertex -87.19999999999999 -6.25 7
      vertex -87.19999999999999 6.25 7
    endloop
  endfacet
  facet normal -1 0 0
    outer loop
      vertex -87.19999999999999 3.5288232688471006 10.412247692636383
      vertex -87.19999999999999 4.268593086911454 10.153391037658468
      vertex -87.19999999999999 4.612112267803678 9.963534697298995
    endloop
  endfacet
  facet normal -1 0 0
    outer loop
      vertex -87.19999999999999 -6.25 7
      vertex -87.19999999999999 -6.2279927346263495 7.391875666361578
      vertex -87.19999999999999 3.5288232688471006 10.412247692636383
    endloop
  endfacet
  facet normal -1 0 0
    outer loop
      vertex -87.19999999999999 5.486410188638104 9.182214306505568
      vertex -87.19999999999999 5.713534697298995 8.862112267803678
      vertex -87.19999999999999 3.5288232688471006 10.412247692636383
    endloop
  endfacet
  facet normal -1 0 0
    outer loop
      vertex -87.19999999999999 -6.2279927346263495 7.391875666361578
      vertex -87.19999999999999 -6.162247692636383 7.778823268847098
      vertex -87.19999999999999 3.5288232688471006 10.412247692636383
    endloop
  endfacet
  facet normal -1 0 0
    outer loop
      vertex -87.19999999999999 -6.25 0.75
      vertex -87.19999999999999 6.25 3
      vertex -87.19999999999999 6.25 0.75
    endloop
  endfacet
  facet normal -1 0 0
    outer loop
      vertex -87.19999999999999 -3.5288232688471006 10.412247692636383
      vertex -87.19999999999999 -3.141875666361577 10.47799273462635
      vertex -87.19999999999999 3.5288232688471006 10.412247692636383
    endloop
  endfacet
  facet normal 0 -0.6663465779520046 -0.7456421648831649
    outer loop
      vertex -97 4.932214306505568 9.736410188638105
      vertex -87.19999999999999 5.224873734152917 9.474873734152917
      vertex -87.19999999999999 4.932214306505568 9.736410188638105
    endloop
  endfacet
  facet normal 0 -0.48371888710524186 -0.8752234219087526
    outer loop
      vertex -97 4.612112267803678 9.963534697298995
      vertex -87.19999999999999 4.612112267803678 9.963534697298995
      vertex -97 4.268593086911454 10.153391037658468
    endloop
  endfacet
  facet normal 0 -0.5786712961798034 -0.8155608689592619
    outer loop
      vertex -87.19999999999999 4.932214306505568 9.736410188638105
      vertex -97 4.612112267803678 9.963534697298995
      vertex -97 4.932214306505568 9.736410188638105
    endloop
  endfacet
  facet normal -1 0 0
    outer loop
      vertex -87.19999999999999 3.5288232688471006 10.412247692636383
      vertex -87.19999999999999 3.9059767168430843 10.303591656079286
      vertex -87.19999999999999 4.268593086911454 10.153391037658468
    endloop
  endfacet
  facet normal -1 0 0
    outer loop
      vertex -87.19999999999999 2.75 10.5
      vertex -87.19999999999999 3.141875666361577 10.47799273462635
      vertex -87.19999999999999 3.5288232688471006 10.412247692636383
    endloop
  endfacet
  facet normal -8.291781057539958e-17 -0.05607044723719073 -0.9984268150178167
    outer loop
      vertex -88.39999999999999 2.928066497453504 10.49
      vertex -87.19999999999999 3.141875666361577 10.47799273462635
      vertex -87.19999999999999 2.75 10.5
    endloop
  endfacet
  facet normal 0 -0.05607044723719018 -0.9984268150178167
    outer loop
      vertex -88.39999999999999 2.75 10.5
      vertex -88.39999999999999 2.928066497453504 10.49
      vertex -87.19999999999999 2.75 10.5
    endloop
  endfacet
  facet normal 0 0 -1
    outer loop
      vertex -88.39999999999999 0.6 10.5
      vertex -88.39999999999999 2.75 10.5
      vertex -87.19999999999999 2.75 10.5
    endloop
  endfacet
  facet normal 0 -0.27683551142485124 -0.960917321945099
    outer loop
      vertex -87.19999999999999 3.5288232688471006 10.412247692636383
      vertex -97 3.5288232688471006 10.412247692636383
      vertex -87.19999999999999 3.9059767168430843 10.303591656079286
    endloop
  endfacet
  facet normal 0 -0.38268343236508634 -0.9238795325112882
    outer loop
      vertex -97 3.9059767168430843 10.303591656079286
      vertex -87.19999999999999 4.268593086911454 10.153391037658468
      vertex -87.19999999999999 3.9059767168430843 10.303591656079286
    endloop
  endfacet
  facet normal 0 -0.1675062233047369 -0.9858710185182358
    outer loop
      vertex -97 3.141875666361577 10.47799273462635
      vertex -87.19999999999999 3.5288232688471006 10.412247692636383
      vertex -87.19999999999999 3.141875666361577 10.47799273462635
    endloop
  endfacet
  facet normal 0 -0.056070447237191186 -0.9984268150178167
    outer loop
      vertex -97 3.141875666361577 10.47799273462635
      vertex -87.19999999999999 3.141875666361577 10.47799273462635
      vertex -88.39999999999999 2.928066497453504 10.49
    endloop
  endfacet
  facet normal -1 0 0
    outer loop
      vertex -87.19999999999999 -2.75 10.5
      vertex -87.19999999999999 2.75 10.5
      vertex -87.19999999999999 3.5288232688471006 10.412247692636383
    endloop
  endfacet
  facet normal 0 0 -1
    outer loop
      vertex -88.39999999999999 -0.6 10.5
      vertex -88.39999999999999 0.6 10.5
      vertex -87.19999999999999 2.75 10.5
    endloop
  endfacet
  facet normal 0 -0.27683551142485124 -0.960917321945099
    outer loop
      vertex -97 3.9059767168430843 10.303591656079286
      vertex -87.19999999999999 3.9059767168430843 10.303591656079286
      vertex -97 3.5288232688471006 10.412247692636383
    endloop
  endfacet
  facet normal 0 -0.1675062233047369 -0.9858710185182358
    outer loop
      vertex -87.19999999999999 3.5288232688471006 10.412247692636383
      vertex -97 3.141875666361577 10.47799273462635
      vertex -97 3.5288232688471006 10.412247692636383
    endloop
  endfacet
  facet normal -1.0592683393965538e-16 -0.056070447237195446 -0.9984268150178164
    outer loop
      vertex -97 3.141875666361577 10.47799273462635
      vertex -88.39999999999999 2.928066497453504 10.49
      vertex -93.1 2.928066497453513 10.49
    endloop
  endfacet
  facet normal 0 -0.05607044723718738 -0.9984268150178169
    outer loop
      vertex -93.1 2.75 10.5
      vertex -97 2.75 10.5
      vertex -93.1 2.928066497453513 10.49
    endloop
  endfacet
  facet normal 1.531201052177818e-16 -0.05607044723719072 -0.9984268150178166
    outer loop
      vertex -93.1 2.928066497453513 10.49
      vertex -97 2.75 10.5
      vertex -97 3.141875666361577 10.47799273462635
    endloop
  endfacet
  facet normal 0 0 -1
    outer loop
      vertex -97 2.75 10.5
      vertex -93.1 2.75 10.5
      vertex -97 -2.75 10.5
    endloop
  endfacet
  facet normal 0 0 -1
    outer loop
      vertex -93.1 0.6 10.5
      vertex -97 -2.75 10.5
      vertex -93.1 2.75 10.5
    endloop
  endfacet
  facet normal 0 -0.9858710185182358 -0.16750622330473766
    outer loop
      vertex -97 6.162247692636383 7.7788232688471
      vertex -87.19999999999999 6.2279927346263495 7.391875666361578
      vertex -87.19999999999999 6.162247692636383 7.7788232688471
    endloop
  endfacet
  facet normal 0 -0.9984268150178166 -0.05607044723719053
    outer loop
      vertex -97 6.2279927346263495 7.391875666361578
      vertex -87.19999999999999 6.25 7
      vertex -87.19999999999999 6.2279927346263495 7.391875666361578
    endloop
  endfacet
  facet normal -1 0 0
    outer loop
      vertex -87.19999999999999 6.053591656079286 8.155976716843085
      vertex -87.19999999999999 3.5288232688471006 10.412247692636383
      vertex -87.19999999999999 5.9033910376584675 8.518593086911453
    endloop
  endfacet
  facet normal -1 0 0
    outer loop
      vertex -87.19999999999999 6.162247692636383 7.7788232688471
      vertex -87.19999999999999 3.5288232688471006 10.412247692636383
      vertex -87.19999999999999 6.053591656079286 8.155976716843085
    endloop
  endfacet
  facet normal -1 0 0
    outer loop
      vertex -87.19999999999999 6.2279927346263495 7.391875666361578
      vertex -87.19999999999999 3.5288232688471006 10.412247692636383
      vertex -87.19999999999999 6.162247692636383 7.7788232688471
    endloop
  endfacet
  facet normal -1 0 0
    outer loop
      vertex -87.19999999999999 3.5288232688471006 10.412247692636383
      vertex -87.19999999999999 6.2279927346263495 7.391875666361578
      vertex -87.19999999999999 6.25 7
    endloop
  endfacet
  facet normal -1 0 0
    outer loop
      vertex -87.19999999999999 5.9033910376584675 8.518593086911453
      vertex -87.19999999999999 3.5288232688471006 10.412247692636383
      vertex -87.19999999999999 5.713534697298995 8.862112267803678
    endloop
  endfacet
  facet normal 0 -0.8155608689592598 -0.5786712961798064
    outer loop
      vertex -97 5.486410188638104 9.182214306505568
      vertex -87.19999999999999 5.713534697298995 8.862112267803678
      vertex -87.19999999999999 5.486410188638104 9.182214306505568
    endloop
  endfacet
  facet normal 0 1 0
    outer loop
      vertex -87.19999999999999 -6.25 0
      vertex -97 -6.25 0
      vertex -97 -6.25 0.75
    endloop
  endfacet
  facet normal 0 1 0
    outer loop
      vertex -87.19999999999999 -6.25 0.75
      vertex -87.19999999999999 -6.25 0
      vertex -97 -6.25 0.75
    endloop
  endfacet
  facet normal 0 1 0
    outer loop
      vertex -87.19999999999999 -6.25 3
      vertex -97 -6.25 3
      vertex -87.19999999999999 -6.25 7
    endloop
  endfacet
  facet normal -1 0 0
    outer loop
      vertex -87.19999999999999 -6.25 0
      vertex -87.19999999999999 -6.25 0.75
      vertex -87.19999999999999 6.25 0
    endloop
  endfacet
  facet normal -1 0 0
    outer loop
      vertex -87.19999999999999 -6.25 0.75
      vertex -87.19999999999999 -6.25 3
      vertex -87.19999999999999 6.25 7
    endloop
  endfacet
  facet normal 0 1 0
    outer loop
      vertex -97 -6.25 7
      vertex -87.19999999999999 -6.25 7
      vertex -97 -6.25 3
    endloop
  endfacet
  facet normal 0 0.9984268150178166 -0.05607044723719053
    outer loop
      vertex -97 -6.2279927346263495 7.391875666361578
      vertex -87.19999999999999 -6.2279927346263495 7.391875666361578
      vertex -97 -6.25 7
    endloop
  endfacet
  facet normal 0 0.9858710185182356 -0.1675062233047384
    outer loop
      vertex -97 -6.162247692636383 7.778823268847098
      vertex -87.19999999999999 -6.162247692636383 7.778823268847098
      vertex -97 -6.2279927346263495 7.391875666361578
    endloop
  endfacet
  facet normal 0 0.9609173219450993 -0.27683551142485036
    outer loop
      vertex -87.19999999999999 -6.053591656079286 8.155976716843083
      vertex -97 -6.162247692636383 7.778823268847098
      vertex -97 -6.053591656079286 8.155976716843083
    endloop
  endfacet
  facet normal 0 0.9238795325112874 -0.38268343236508834
    outer loop
      vertex -97 -5.903391037658467 8.518593086911453
      vertex -87.19999999999999 -5.903391037658467 8.518593086911453
      vertex -97 -6.053591656079286 8.155976716843083
    endloop
  endfacet
  facet normal 0 0.875223421908754 -0.48371888710523914
    outer loop
      vertex -87.19999999999999 -5.713534697298995 8.862112267803678
      vertex -97 -5.903391037658467 8.518593086911453
      vertex -97 -5.713534697298995 8.862112267803678
    endloop
  endfacet
  facet normal 0 0.8155608689592598 -0.5786712961798064
    outer loop
      vertex -97 -5.486410188638104 9.182214306505568
      vertex -87.19999999999999 -5.486410188638104 9.182214306505568
      vertex -97 -5.713534697298995 8.862112267803678
    endloop
  endfacet
  facet normal 0 0.9984268150178166 -0.05607044723719053
    outer loop
      vertex -87.19999999999999 -6.25 7
      vertex -97 -6.25 7
      vertex -87.19999999999999 -6.2279927346263495 7.391875666361578
    endloop
  endfacet
  facet normal 0 0.9858710185182356 -0.1675062233047384
    outer loop
      vertex -87.19999999999999 -6.2279927346263495 7.391875666361578
      vertex -97 -6.2279927346263495 7.391875666361578
      vertex -87.19999999999999 -6.162247692636383 7.778823268847098
    endloop
  endfacet
  facet normal 0 0.9609173219450993 -0.27683551142485036
    outer loop
      vertex -97 -6.162247692636383 7.778823268847098
      vertex -87.19999999999999 -6.053591656079286 8.155976716843083
      vertex -87.19999999999999 -6.162247692636383 7.778823268847098
    endloop
  endfacet
  facet normal 0 0.9238795325112874 -0.38268343236508834
    outer loop
      vertex -87.19999999999999 -6.053591656079286 8.155976716843083
      vertex -97 -6.053591656079286 8.155976716843083
      vertex -87.19999999999999 -5.903391037658467 8.518593086911453
    endloop
  endfacet
  facet normal 0 0.875223421908754 -0.48371888710523914
    outer loop
      vertex -97 -5.903391037658467 8.518593086911453
      vertex -87.19999999999999 -5.713534697298995 8.862112267803678
      vertex -87.19999999999999 -5.903391037658467 8.518593086911453
    endloop
  endfacet
  facet normal 0 -0.38268343236508634 -0.9238795325112882
    outer loop
      vertex -87.19999999999999 4.268593086911454 10.153391037658468
      vertex -97 3.9059767168430843 10.303591656079286
      vertex -97 4.268593086911454 10.153391037658468
    endloop
  endfacet
  facet normal -1 0 0
    outer loop
      vertex -87.19999999999999 3.5288232688471006 10.412247692636383
      vertex -87.19999999999999 4.612112267803678 9.963534697298995
      vertex -87.19999999999999 4.932214306505568 9.736410188638105
    endloop
  endfacet
  facet normal -1 0 0
    outer loop
      vertex -87.19999999999999 3.5288232688471006 10.412247692636383
      vertex -87.19999999999999 5.224873734152917 9.474873734152917
      vertex -87.19999999999999 5.486410188638104 9.182214306505568
    endloop
  endfacet
  facet normal -1 0 0
    outer loop
      vertex -87.19999999999999 4.932214306505568 9.736410188638105
      vertex -87.19999999999999 5.224873734152917 9.474873734152917
      vertex -87.19999999999999 3.5288232688471006 10.412247692636383
    endloop
  endfacet
  facet normal 0 -0.7456421648831671 -0.6663465779520021
    outer loop
      vertex -87.19999999999999 5.224873734152917 9.474873734152917
      vertex -97 5.224873734152917 9.474873734152917
      vertex -87.19999999999999 5.486410188638104 9.182214306505568
    endloop
  endfacet
  facet normal -1 0 0
    outer loop
      vertex -87.19999999999999 -6.162247692636383 7.778823268847098
      vertex -87.19999999999999 -6.053591656079286 8.155976716843083
      vertex -87.19999999999999 3.5288232688471006 10.412247692636383
    endloop
  endfacet
  facet normal -1 0 0
    outer loop
      vertex -87.19999999999999 -6.053591656079286 8.155976716843083
      vertex -87.19999999999999 -5.903391037658467 8.518593086911453
      vertex -87.19999999999999 3.5288232688471006 10.412247692636383
    endloop
  endfacet
  facet normal -1 0 0
    outer loop
      vertex -87.19999999999999 -6.25 0.75
      vertex -87.19999999999999 6.25 7
      vertex -87.19999999999999 6.25 3
    endloop
  endfacet
  facet normal 0 -0.48371888710524186 -0.8752234219087526
    outer loop
      vertex -87.19999999999999 4.268593086911454 10.153391037658468
      vertex -97 4.268593086911454 10.153391037658468
      vertex -87.19999999999999 4.612112267803678 9.963534697298995
    endloop
  endfacet
  facet normal 0 -1 0
    outer loop
      vertex -87.19999999999999 6.25 0.75
      vertex -97 6.25 0.75
      vertex -97 6.25 0
    endloop
  endfacet
  facet normal -1 0 0
    outer loop
      vertex -87.19999999999999 -5.903391037658467 8.518593086911453
      vertex -87.19999999999999 -5.713534697298995 8.862112267803678
      vertex -87.19999999999999 3.5288232688471006 10.412247692636383
    endloop
  endfacet
  facet normal 0 -0.8752234219087531 -0.4837188871052409
    outer loop
      vertex -97 5.713534697298995 8.862112267803678
      vertex -87.19999999999999 5.9033910376584675 8.518593086911453
      vertex -87.19999999999999 5.713534697298995 8.862112267803678
    endloop
  endfacet
  facet normal 0 0.7456421648831671 -0.6663465779520021
    outer loop
      vertex -97 -5.224873734152917 9.474873734152917
      vertex -87.19999999999999 -5.224873734152917 9.474873734152917
      vertex -97 -5.486410188638104 9.182214306505568
    endloop
  endfacet
  facet normal 0 0.6663465779520046 -0.7456421648831649
    outer loop
      vertex -87.19999999999999 -4.932214306505568 9.736410188638105
      vertex -97 -5.224873734152917 9.474873734152917
      vertex -97 -4.932214306505568 9.736410188638105
    endloop
  endfacet
  facet normal 0 0.5786712961798034 -0.8155608689592619
    outer loop
      vertex -97 -4.612112267803678 9.963534697298995
      vertex -87.19999999999999 -4.612112267803678 9.963534697298995
      vertex -97 -4.932214306505568 9.736410188638105
    endloop
  endfacet
  facet normal -1 0 0
    outer loop
      vertex -87.19999999999999 -3.141875666361577 10.47799273462635
      vertex -87.19999999999999 -2.75 10.5
      vertex -87.19999999999999 3.5288232688471006 10.412247692636383
    endloop
  endfacet
  facet normal 0 -1 0
    outer loop
      vertex -97 6.25 0
      vertex -87.19999999999999 6.25 0
      vertex -87.19999999999999 6.25 0.75
    endloop
  endfacet
  facet normal 0 -0.5786712961798034 -0.8155608689592619
    outer loop
      vertex -97 4.612112267803678 9.963534697298995
      vertex -87.19999999999999 4.932214306505568 9.736410188638105
      vertex -87.19999999999999 4.612112267803678 9.963534697298995
    endloop
  endfacet
  facet normal 0 -1 0
    outer loop
      vertex -97 6.25 3
      vertex -87.19999999999999 6.25 3
      vertex -97 6.25 7
    endloop
  endfacet
  facet normal -1 0 0
    outer loop
      vertex -87.19999999999999 -6.25 7
      vertex -87.19999999999999 3.5288232688471006 10.412247692636383
      vertex -87.19999999999999 6.25 7
    endloop
  endfacet
  facet normal 0 -1 0
    outer loop
      vertex -87.19999999999999 6.25 7
      vertex -97 6.25 7
      vertex -87.19999999999999 6.25 3
    endloop
  endfacet
  facet normal 0 -0.9238795325112875 -0.38268343236508795
    outer loop
      vertex -97 6.053591656079286 8.155976716843085
      vertex -87.19999999999999 6.053591656079286 8.155976716843085
      vertex -97 5.9033910376584675 8.518593086911453
    endloop
  endfacet
  facet normal 0 0.48371888710524186 -0.8752234219087526
    outer loop
      vertex -87.19999999999999 -4.268593086911454 10.153391037658468
      vertex -97 -4.612112267803678 9.963534697298995
      vertex -97 -4.268593086911454 10.153391037658468
    endloop
  endfacet
  facet normal 0 -0.8752234219087531 -0.4837188871052409
    outer loop
      vertex -87.19999999999999 5.9033910376584675 8.518593086911453
      vertex -97 5.713534697298995 8.862112267803678
      vertex -97 5.9033910376584675 8.518593086911453
    endloop
  endfacet
  facet normal 0 -0.7456421648831671 -0.6663465779520021
    outer loop
      vertex -97 5.486410188638104 9.182214306505568
      vertex -87.19999999999999 5.486410188638104 9.182214306505568
      vertex -97 5.224873734152917 9.474873734152917
    endloop
  endfacet
  facet normal 0 -0.8155608689592598 -0.5786712961798064
    outer loop
      vertex -87.19999999999999 5.713534697298995 8.862112267803678
      vertex -97 5.486410188638104 9.182214306505568
      vertex -97 5.713534697298995 8.862112267803678
    endloop
  endfacet
  facet normal 0 0.6663465779520046 -0.7456421648831649
    outer loop
      vertex -97 -5.224873734152917 9.474873734152917
      vertex -87.19999999999999 -4.932214306505568 9.736410188638105
      vertex -87.19999999999999 -5.224873734152917 9.474873734152917
    endloop
  endfacet
  facet normal 0 -0.9984268150178166 -0.05607044723719053
    outer loop
      vertex -97 6.25 7
      vertex -87.19999999999999 6.25 7
      vertex -97 6.2279927346263495 7.391875666361578
    endloop
  endfacet
  facet normal 0 0.5786712961798034 -0.8155608689592619
    outer loop
      vertex -87.19999999999999 -4.932214306505568 9.736410188638105
      vertex -97 -4.932214306505568 9.736410188638105
      vertex -87.19999999999999 -4.612112267803678 9.963534697298995
    endloop
  endfacet
  facet normal 0 0.48371888710524186 -0.8752234219087526
    outer loop
      vertex -97 -4.612112267803678 9.963534697298995
      vertex -87.19999999999999 -4.268593086911454 10.153391037658468
      vertex -87.19999999999999 -4.612112267803678 9.963534697298995
    endloop
  endfacet
  facet normal 0 0.38268343236508634 -0.9238795325112882
    outer loop
      vertex -97 -4.268593086911454 10.153391037658468
      vertex -87.19999999999999 -3.9059767168430843 10.303591656079286
      vertex -87.19999999999999 -4.268593086911454 10.153391037658468
    endloop
  endfacet
  facet normal 0 -0.9858710185182358 -0.16750622330473766
    outer loop
      vertex -87.19999999999999 6.2279927346263495 7.391875666361578
      vertex -97 6.162247692636383 7.7788232688471
      vertex -97 6.2279927346263495 7.391875666361578
    endloop
  endfacet
  facet normal 0 -0.9609173219450993 -0.27683551142485036
    outer loop
      vertex -97 6.162247692636383 7.7788232688471
      vertex -87.19999999999999 6.162247692636383 7.7788232688471
      vertex -97 6.053591656079286 8.155976716843085
    endloop
  endfacet
  facet normal 0 0.38268343236508634 -0.9238795325112882
    outer loop
      vertex -87.19999999999999 -3.9059767168430843 10.303591656079286
      vertex -97 -4.268593086911454 10.153391037658468
      vertex -97 -3.9059767168430843 10.303591656079286
    endloop
  endfacet
  facet normal 0 0.27683551142485124 -0.960917321945099
    outer loop
      vertex -87.19999999999999 -3.5288232688471006 10.412247692636383
      vertex -97 -3.9059767168430843 10.303591656079286
      vertex -97 -3.5288232688471006 10.412247692636383
    endloop
  endfacet
  facet normal 0 -0.9609173219450993 -0.27683551142485036
    outer loop
      vertex -87.19999999999999 6.053591656079286 8.155976716843085
      vertex -97 6.053591656079286 8.155976716843085
      vertex -87.19999999999999 6.162247692636383 7.7788232688471
    endloop
  endfacet
  facet normal 0 0.1675062233047369 -0.9858710185182358
    outer loop
      vertex -87.19999999999999 -3.141875666361577 10.47799273462635
      vertex -97 -3.5288232688471006 10.412247692636383
      vertex -97 -3.141875666361577 10.47799273462635
    endloop
  endfacet
  facet normal 0 0.0560704472371884 -0.9984268150178167
    outer loop
      vertex -87.19999999999999 -3.141875666361577 10.47799273462635
      vertex -97 -3.141875666361577 10.47799273462635
      vertex -93.1 -2.9280664974534933 10.49
    endloop
  endfacet
  facet normal 0 0.05607044723719072 -0.9984268150178166
    outer loop
      vertex -97 -2.75 10.5
      vertex -93.1 -2.75 10.5
      vertex -97 -3.141875666361577 10.47799273462635
    endloop
  endfacet
  facet normal -2.816423486185712e-16 0.0560704472371935 -0.9984268150178164
    outer loop
      vertex -93.1 -2.9280664974534933 10.49
      vertex -97 -3.141875666361577 10.47799273462635
      vertex -93.1 -2.75 10.5
    endloop
  endfacet
  facet normal 0 0 -1
    outer loop
      vertex -97 -2.75 10.5
      vertex -93.1 -0.6 10.5
      vertex -93.1 -2.75 10.5
    endloop
  endfacet
  facet normal 0 0 -1
    outer loop
      vertex -97 -2.75 10.5
      vertex -93.1 0.6 10.5
      vertex -93.1 -0.6 10.5
    endloop
  endfacet
  facet normal 0 -0.9238795325112875 -0.38268343236508795
    outer loop
      vertex -87.19999999999999 5.9033910376584675 8.518593086911453
      vertex -97 5.9033910376584675 8.518593086911453
      vertex -87.19999999999999 6.053591656079286 8.155976716843085
    endloop
  endfacet
  facet normal 0 0.27683551142485124 -0.960917321945099
    outer loop
      vertex -97 -3.9059767168430843 10.303591656079286
      vertex -87.19999999999999 -3.5288232688471006 10.412247692636383
      vertex -87.19999999999999 -3.9059767168430843 10.303591656079286
    endloop
  endfacet
  facet normal 0 0.1675062233047369 -0.9858710185182358
    outer loop
      vertex -97 -3.5288232688471006 10.412247692636383
      vertex -87.19999999999999 -3.141875666361577 10.47799273462635
      vertex -87.19999999999999 -3.5288232688471006 10.412247692636383
    endloop
  endfacet
  facet normal 9.006484475777937e-17 0.056070447237190874 -0.9984268150178165
    outer loop
      vertex -93.1 -2.9280664974534933 10.49
      vertex -88.39999999999999 -2.928066497453501 10.49
      vertex -87.19999999999999 -3.141875666361577 10.47799273462635
    endloop
  endfacet
  facet normal -1 0 0
    outer loop
      vertex -87.19999999999999 -5.713534697298995 8.862112267803678
      vertex -87.19999999999999 -5.486410188638104 9.182214306505568
      vertex -87.19999999999999 3.5288232688471006 10.412247692636383
    endloop
  endfacet
  facet normal -1 0 0
    outer loop
      vertex -87.19999999999999 -5.486410188638104 9.182214306505568
      vertex -87.19999999999999 -5.224873734152917 9.474873734152917
      vertex -87.19999999999999 3.5288232688471006 10.412247692636383
    endloop
  endfacet
  facet normal -1 0 0
    outer loop
      vertex -87.19999999999999 -5.224873734152917 9.474873734152917
      vertex -87.19999999999999 -4.932214306505568 9.736410188638105
      vertex -87.19999999999999 3.5288232688471006 10.412247692636383
    endloop
  endfacet
  facet normal 6.310265861026303e-17 0.05607044723719073 -0.9984268150178167
    outer loop
      vertex -87.19999999999999 -3.141875666361577 10.47799273462635
      vertex -88.39999999999999 -2.928066497453501 10.49
      vertex -87.19999999999999 -2.75 10.5
    endloop
  endfacet
  facet normal 3.987027169259996e-19 0.056070447237191144 -0.9984268150178166
    outer loop
      vertex -88.39999999999999 -2.928066497453501 10.49
      vertex -88.39999999999999 -2.75 10.5
      vertex -87.19999999999999 -2.75 10.5
    endloop
  endfacet
  facet normal 0 0 -1
    outer loop
      vertex -88.39999999999999 -2.75 10.5
      vertex -88.39999999999999 -0.6 10.5
      vertex -87.19999999999999 -2.75 10.5
    endloop
  endfacet
  facet normal 0 0 -1
    outer loop
      vertex -87.19999999999999 -2.75 10.5
      vertex -88.39999999999999 -0.6 10.5
      vertex -87.19999999999999 2.75 10.5
    endloop
  endfacet
  facet normal -1 0 0
    outer loop
      vertex -87.19999999999999 -4.932214306505568 9.736410188638105
      vertex -87.19999999999999 -4.612112267803678 9.963534697298995
      vertex -87.19999999999999 3.5288232688471006 10.412247692636383
    endloop
  endfacet
  facet normal -1 0 0
    outer loop
      vertex -87.19999999999999 -4.612112267803678 9.963534697298995
      vertex -87.19999999999999 -4.268593086911454 10.153391037658468
      vertex -87.19999999999999 3.5288232688471006 10.412247692636383
    endloop
  endfacet
  facet normal -1 0 0
    outer loop
      vertex -87.19999999999999 -4.268593086911454 10.153391037658468
      vertex -87.19999999999999 -3.9059767168430843 10.303591656079286
      vertex -87.19999999999999 3.5288232688471006 10.412247692636383
    endloop
  endfacet
  facet normal -1 0 0
    outer loop
      vertex -87.19999999999999 -3.9059767168430843 10.303591656079286
      vertex -87.19999999999999 -3.5288232688471006 10.412247692636383
      vertex -87.19999999999999 3.5288232688471006 10.412247692636383
    endloop
  endfacet
  facet normal 0 0 1
    outer loop
      vertex -97 -8.5 0.75
      vertex -87.19999999999999 -8.5 0.75
      vertex -97 -6.25 0.75
    endloop
  endfacet
  facet normal 0 0 1
    outer loop
      vertex -97 -6.25 0.75
      vertex -87.19999999999999 -8.5 0.75
      vertex -87.19999999999999 -6.25 0.75
    endloop
  endfacet
  facet normal 0 0.7071067811865476 -0.7071067811865476
    outer loop
      vertex -97 -8.5 0.75
      vertex -87.19999999999999 -6.25 3
      vertex -87.19999999999999 -8.5 0.75
    endloop
  endfacet
  facet normal -1 0 0
    outer loop
      vertex -87.19999999999999 -8.5 0.75
      vertex -87.19999999999999 -6.25 3
      vertex -87.19999999999999 -6.25 0.75
    endloop
  endfacet
  facet normal 0 0 1
    outer loop
      vertex -97 6.25 0.75
      vertex -87.19999999999999 6.25 0.75
      vertex -97 8.5 0.75
    endloop
  endfacet
  facet normal 0 -0.7071067811865476 -0.7071067811865476
    outer loop
      vertex -87.19999999999999 8.5 0.75
      vertex -97 6.25 3
      vertex -97 8.5 0.75
    endloop
  endfacet
  facet normal 0 0 1
    outer loop
      vertex -97 8.5 0.75
      vertex -87.19999999999999 6.25 0.75
      vertex -87.19999999999999 8.5 0.75
    endloop
  endfacet
  facet normal 0 -0.7071067811865476 -0.7071067811865476
    outer loop
      vertex -97 6.25 3
      vertex -87.19999999999999 8.5 0.75
      vertex -87.19999999999999 6.25 3
    endloop
  endfacet
  facet normal -1 0 0
    outer loop
      vertex -87.19999999999999 6.25 0.75
      vertex -87.19999999999999 6.25 3
      vertex -87.19999999999999 8.5 0.75
    endloop
  endfacet
  facet normal 0 0.7071067811865476 -0.7071067811865476
    outer loop
      vertex -87.19999999999999 -6.25 3
      vertex -97 -8.5 0.75
      vertex -97 -6.25 3
    endloop
  endfacet
  facet normal -1 0 0
    outer loop
      vertex -88.39999999999999 -0.6 12.499999999999996
      vertex -88.39999999999999 0.6 12.499999999999996
      vertex -88.39999999999999 0.6 10.75
    endloop
  endfacet
  facet normal 0 -1 0
    outer loop
      vertex -93.1 0.6 10.75
      vertex -88.39999999999999 0.6 12.499999999999996
      vertex -93.1 0.6 12.499999999999996
    endloop
  endfacet
  facet normal -1 0 0
    outer loop
      vertex -88.39999999999999 0.6 10.5
      vertex -88.39999999999999 -0.6 12.499999999999996
      vertex -88.39999999999999 0.6 10.75
    endloop
  endfacet
  facet normal 0 -1 0
    outer loop
      vertex -88.39999999999999 0.6 12.499999999999996
      vertex -93.1 0.6 10.75
      vertex -88.39999999999999 0.6 10.75
    endloop
  endfacet
  facet normal 1 0 0
    outer loop
      vertex -93.1 -0.6 10.5
      vertex -93.1 0.6 10.75
      vertex -93.1 0.6 12.499999999999996
    endloop
  endfacet
  facet normal 1 0 0
    outer loop
      vertex -93.1 -0.6 10.5
      vertex -93.1 0.6 10.5
      vertex -93.1 0.6 10.75
    endloop
  endfacet
  facet normal 0 1 0
    outer loop
      vertex -88.39999999999999 -0.6 10.75
      vertex -93.1 -0.6 12.499999999999996
      vertex -88.39999999999999 -0.6 12.499999999999996
    endloop
  endfacet
  facet normal 1 0 0
    outer loop
      vertex -93.1 0.6 12.499999999999996
      vertex -93.1 -0.6 10.75
      vertex -93.1 -0.6 10.5
    endloop
  endfacet
  facet normal 1 0 0
    outer loop
      vertex -93.1 -0.6 10.75
      vertex -93.1 0.6 12.499999999999996
      vertex -93.1 -0.6 12.499999999999996
    endloop
  endfacet
  facet normal -1 0 0
    outer loop
      vertex -88.39999999999999 0.6 10.5
      vertex -88.39999999999999 -0.6 10.75
      vertex -88.39999999999999 -0.6 12.499999999999996
    endloop
  endfacet
  facet normal -1 0 0
    outer loop
      vertex -88.39999999999999 -0.6 10.5
      vertex -88.39999999999999 -0.6 10.75
      vertex -88.39999999999999 0.6 10.5
    endloop
  endfacet
  facet normal 0 1 0
    outer loop
      vertex -93.1 -0.6 12.499999999999996
      vertex -88.39999999999999 -0.6 10.75
      vertex -93.1 -0.6 10.75
    endloop
  endfacet
  facet normal 0 0 1
    outer loop
      vertex -93.1 2.928066497453513 10.49
      vertex -88.39999999999999 6.25 10.49
      vertex -93.1 6.25 10.49
    endloop
  endfacet
  facet normal 1 0 0
    outer loop
      vertex -93.1 2.75 10.5
      vertex -93.1 2.928066497453513 10.49
      vertex -93.1 6.25 10.75
    endloop
  endfacet
  facet normal -1 0 0
    outer loop
      vertex -88.39999999999999 -0.6 10.5
      vertex -88.39999999999999 -2.75 10.5
      vertex -88.39999999999999 -6.25 10.75
    endloop
  endfacet
  facet normal -1 0 0
    outer loop
      vertex -88.39999999999999 -2.928066497453501 10.49
      vertex -88.39999999999999 -6.25 10.75
      vertex -88.39999999999999 -2.75 10.5
    endloop
  endfacet
  facet normal 0 0 -1
    outer loop
      vertex -93.1 -6.25 10.75
      vertex -93.1 -0.6 10.75
      vertex -88.39999999999999 -0.6 10.75
    endloop
  endfacet
  facet normal 0 0 1
    outer loop
      vertex -93.1 -6.25 10.49
      vertex -88.39999999999999 -2.928066497453501 10.49
      vertex -93.1 -2.9280664974534933 10.49
    endloop
  endfacet
  facet normal 1 0 0
    outer loop
      vertex -93.1 -2.75 10.5
      vertex -93.1 -0.6 10.5
      vertex -93.1 -0.6 10.75
    endloop
  endfacet
  facet normal 1 0 0
    outer loop
      vertex -93.1 -6.25 10.49
      vertex -93.1 -2.75 10.5
      vertex -93.1 -0.6 10.75
    endloop
  endfacet
  facet normal 1 0 0
    outer loop
      vertex -93.1 -6.25 10.49
      vertex -93.1 -2.9280664974534933 10.49
      vertex -93.1 -2.75 10.5
    endloop
  endfacet
  facet normal -1 0 0
    outer loop
      vertex -88.39999999999999 -6.25 10.49
      vertex -88.39999999999999 -6.25 10.75
      vertex -88.39999999999999 -2.928066497453501 10.49
    endloop
  endfacet
  facet normal 0 0 -1
    outer loop
      vertex -88.39999999999999 -6.25 10.75
      vertex -93.1 -6.25 10.75
      vertex -88.39999999999999 -0.6 10.75
    endloop
  endfacet
  facet normal 0 0 1
    outer loop
      vertex -93.1 -6.25 10.49
      vertex -88.39999999999999 -6.25 10.49
      vertex -88.39999999999999 -2.928066497453501 10.49
    endloop
  endfacet
  facet normal 0 1 0
    outer loop
      vertex -93.1 -6.25 10.49
      vertex -88.39999999999999 -6.25 10.75
      vertex -88.39999999999999 -6.25 10.49
    endloop
  endfacet
  facet normal 0 1 0
    outer loop
      vertex -88.39999999999999 -6.25 10.75
      vertex -93.1 -6.25 10.49
      vertex -93.1 -6.25 10.75
    endloop
  endfacet
  facet normal 1 0 0
    outer loop
      vertex -93.1 -6.25 10.75
      vertex -93.1 -6.25 10.49
      vertex -93.1 -0.6 10.75
    endloop
  endfacet
  facet normal 1 0 0
    outer loop
      vertex -93.1 0.6 10.75
      vertex -93.1 0.6 10.5
      vertex -93.1 6.25 10.75
    endloop
  endfacet
  facet normal 0 0 1
    outer loop
      vertex -93.1 2.928066497453513 10.49
      vertex -88.39999999999999 2.928066497453504 10.49
      vertex -88.39999999999999 6.25 10.49
    endloop
  endfacet
  facet normal 0 0 -1
    outer loop
      vertex -88.39999999999999 0.6 10.75
      vertex -93.1 0.6 10.75
      vertex -88.39999999999999 6.25 10.75
    endloop
  endfacet
  facet normal -1 0 0
    outer loop
      vertex -88.39999999999999 2.928066497453504 10.49
      vertex -88.39999999999999 2.75 10.5
      vertex -88.39999999999999 0.6 10.75
    endloop
  endfacet
  facet normal -1 0 0
    outer loop
      vertex -88.39999999999999 6.25 10.49
      vertex -88.39999999999999 2.928066497453504 10.49
      vertex -88.39999999999999 0.6 10.75
    endloop
  endfacet
  facet normal 1 0 0
    outer loop
      vertex -93.1 2.928066497453513 10.49
      vertex -93.1 6.25 10.49
      vertex -93.1 6.25 10.75
    endloop
  endfacet
  facet normal 0 0 -1
    outer loop
      vertex -93.1 0.6 10.75
      vertex -93.1 6.25 10.75
      vertex -88.39999999999999 6.25 10.75
    endloop
  endfacet
  facet normal -1 0 0
    outer loop
      vertex -88.39999999999999 0.6 10.75
      vertex -88.39999999999999 6.25 10.75
      vertex -88.39999999999999 6.25 10.49
    endloop
  endfacet
  facet normal 0 -1 0
    outer loop
      vertex -93.1 6.25 10.49
      vertex -88.39999999999999 6.25 10.49
      vertex -93.1 6.25 10.75
    endloop
  endfacet
  facet normal 0 -1 0
    outer loop
      vertex -88.39999999999999 6.25 10.49
      vertex -88.39999999999999 6.25 10.75
      vertex -93.1 6.25 10.75
    endloop
  endfacet
  facet normal 1 0 0
    outer loop
      vertex -93.1 0.6 10.5
      vertex -93.1 2.75 10.5
      vertex -93.1 6.25 10.75
    endloop
  endfacet
  facet normal -1 0 0
    outer loop
      vertex -88.39999999999999 0.6 10.5
      vertex -88.39999999999999 0.6 10.75
      vertex -88.39999999999999 2.75 10.5
    endloop
  endfacet
  facet normal -1 0 0
    outer loop
      vertex -88.39999999999999 -6.25 10.75
      vertex -88.39999999999999 -0.6 10.75
      vertex -88.39999999999999 -0.6 10.5
    endloop
  endfacet
  facet normal 0 0 -1
    outer loop
      vertex -93.54508497187474 -32.25528258147577 0
      vertex -92.39229547863923 -32.48458666866564 0
      vertex -92.78217232520116 -32.43844170297569 0
    endloop
  endfacet
  facet normal 0.9708994501445252 0.1931239081158738 0.1416241992849741
    outer loop
      vertex 96.9384417029757 28.282172325201156 0
      vertex 96.86184960198838 28.667226819279527 0
      vertex 96.86184960198838 1.167226819279527 37.5
    endloop
  endfacet
  facet normal -0.5976540516283405 -0.646538510533849 0.47412824105815593
    outer loop
      vertex -95.53553390593274 -3.5355339059327378 37.5
      vertex -95.53553390593274 -31.035533905932738 0
      vertex -95.24724024165091 -3.8020298280001548 37.5
    endloop
  endfacet
  facet normal -0.6573788441143493 -0.6076747529165755 0.445628152138822
    outer loop
      vertex -95.80202982800016 -3.2472402416509185 37.5
      vertex -95.80202982800016 -30.747240241650918 0
      vertex -95.53553390593274 -3.5355339059327378 37.5
    endloop
  endfacet
  facet normal -0.031667847534307556 -0.8060005417680632 0.5910670639632465
    outer loop
      vertex -92.39229547863923 -4.9845866686656395 37.5
      vertex -92.39229547863923 -32.48458666866564 0
      vertex -92 -5 37.5
    endloop
  endfacet
  facet normal -0.7700147593646939 -0.5145074130900582 0.3773054362660427
    outer loop
      vertex -96.26320082177047 -2.612492823579744 37.5
      vertex -96.26320082177047 -30.112492823579743 0
      vertex -96.04508497187474 -2.938926261462366 37.5
    endloop
  endfacet
  facet normal -0.821358780506754 -0.45998301859521123 0.33732088030315494
    outer loop
      vertex -96.45503262094184 -2.269952498697734 37.5
      vertex -96.45503262094184 -29.769952498697734 0
      vertex -96.26320082177047 -2.612492823579744 37.5
    endloop
  endfacet
  facet normal -0.8681487716405528 -0.40022206558863205 0.2934961814316635
    outer loop
      vertex -96.61939766255644 -1.913417161825449 37.5
      vertex -96.61939766255644 -29.41341716182545 0
      vertex -96.45503262094184 -2.269952498697734 37.5
    endloop
  endfacet
  facet normal -0.9093562445368574 -0.33547923024108506 0.2460181021767957
    outer loop
      vertex -96.75528258147577 -1.545084971874737 37.5
      vertex -96.75528258147577 -29.045084971874736 0
      vertex -96.61939766255644 -1.913417161825449 37.5
    endloop
  endfacet
  facet normal -0.9439359182170778 -0.26621746194528856 0.19522613875987826
    outer loop
      vertex -96.86184960198838 -1.167226819279527 37.5
      vertex -96.86184960198838 -28.667226819279527 0
      vertex -96.75528258147577 -1.545084971874737 37.5
    endloop
  endfacet
  facet normal -0.9708994501445254 -0.19312390811587318 0.14162419928497366
    outer loop
      vertex -96.9384417029757 -0.7821723252011543 37.5
      vertex -96.9384417029757 -28.282172325201156 0
      vertex -96.86184960198838 -1.167226819279527 37.5
    endloop
  endfacet
  facet normal -0.98939992363117 -0.11710319792571956 0.08587567847886102
    outer loop
      vertex -96.98458666866564 -0.3922954786392247 37.5
      vertex -96.98458666866564 -27.892295478639223 0
      vertex -96.9384417029757 -0.7821723252011543 37.5
    endloop
  endfacet
  facet normal -0.998815165684526 -0.03924355474062268 0.028778606809789966
    outer loop
      vertex -97 -27.5 0
      vertex -96.98458666866564 -0.3922954786392247 37.5
      vertex -97 0 37.5
    endloop
  endfacet
  facet normal -1 0 0
    outer loop
      vertex -97 -4.932214306505568 9.736410188638105
      vertex -97 -5.224873734152917 9.474873734152917
      vertex -97 0 37.5
    endloop
  endfacet
  facet normal -1 0 0
    outer loop
      vertex -97 -4.612112267803678 9.963534697298995
      vertex -97 -4.932214306505568 9.736410188638105
      vertex -97 0 37.5
    endloop
  endfacet
  facet normal -1 0 0
    outer loop
      vertex -97 -4.268593086911454 10.153391037658468
      vertex -97 -4.612112267803678 9.963534697298995
      vertex -97 0 37.5
    endloop
  endfacet
  facet normal -1 0 0
    outer loop
      vertex -97 -3.9059767168430843 10.303591656079286
      vertex -97 -4.268593086911454 10.153391037658468
      vertex -97 0 37.5
    endloop
  endfacet
  facet normal -1 0 0
    outer loop
      vertex -97 -3.5288232688471006 10.412247692636383
      vertex -97 -3.9059767168430843 10.303591656079286
      vertex -97 0 37.5
    endloop
  endfacet
  facet normal -1 0 0
    outer loop
      vertex -97 -3.141875666361577 10.47799273462635
      vertex -97 -3.5288232688471006 10.412247692636383
      vertex -97 0 37.5
    endloop
  endfacet
  facet normal 0 0 1
    outer loop
      vertex 93.91341716182545 4.619397662556434 37.5
      vertex 93.54508497187474 4.755282581475767 37.5
      vertex 97 0 37.5
    endloop
  endfacet
  facet normal 0 0 1
    outer loop
      vertex 93.54508497187474 4.755282581475767 37.5
      vertex 93.16722681927952 4.861849601988383 37.5
      vertex 97 0 37.5
    endloop
  endfacet
  facet normal -1 0 0
    outer loop
      vertex -97 -2.75 10.5
      vertex -97 -3.141875666361577 10.47799273462635
      vertex -97 0 37.5
    endloop
  endfacet
  facet normal 0 0 1
    outer loop
      vertex 92.78217232520116 4.938441702975689 37.5
      vertex 92.39229547863923 4.9845866686656395 37.5
      vertex 97 0 37.5
    endloop
  endfacet
  facet normal 0 0 1
    outer loop
      vertex 92 5 37.5
      vertex 97 0 37.5
      vertex 92.39229547863923 4.9845866686656395 37.5
    endloop
  endfacet
  facet normal 0 0 1
    outer loop
      vertex 93.16722681927952 4.861849601988383 37.5
      vertex 92.78217232520116 4.938441702975689 37.5
      vertex 97 0 37.5
    endloop
  endfacet
  facet normal 0 0 1
    outer loop
      vertex -93.16722681927952 -4.861849601988383 37.5
      vertex -92.78217232520116 -4.938441702975689 37.5
      vertex -94 -2.5 37.5
    endloop
  endfacet
  facet normal 0 0 1
    outer loop
      vertex -92.78217232520116 -4.938441702975689 37.5
      vertex -92.39229547863923 -4.9845866686656395 37.5
      vertex -94 -2.5 37.5
    endloop
  endfacet
  facet normal 0 0 1
    outer loop
      vertex -92.39229547863923 -4.9845866686656395 37.5
      vertex -92 -5 37.5
      vertex -94 -2.5 37.5
    endloop
  endfacet
  facet normal 0 0 1
    outer loop
      vertex -94.26995249869773 -4.455032620941839 37.5
      vertex -94 -2.5 37.5
      vertex -94.61249282357974 -4.263200821770462 37.5
    endloop
  endfacet
  facet normal 0 0 1
    outer loop
      vertex -94.61249282357974 -4.263200821770462 37.5
      vertex -94 -2.5 37.5
      vertex -94.93892626146237 -4.045084971874737 37.5
    endloop
  endfacet
  facet normal 0 0 1
    outer loop
      vertex -95.53553390593274 -3.5355339059327378 37.5
      vertex -94 -2.5 37.5
      vertex -95.80202982800016 -3.2472402416509185 37.5
    endloop
  endfacet
  facet normal 0 0 1
    outer loop
      vertex -94.93892626146237 -4.045084971874737 37.5
      vertex -94 -2.5 37.5
      vertex -95.24724024165091 -3.8020298280001548 37.5
    endloop
  endfacet
  facet normal 0 0 1
    outer loop
      vertex -95.53553390593274 -3.5355339059327378 37.5
      vertex -95.24724024165091 -3.8020298280001548 37.5
      vertex -94 -2.5 37.5
    endloop
  endfacet
  facet normal 0 0 1
    outer loop
      vertex -93.91341716182545 -4.619397662556434 37.5
      vertex -93.54508497187474 -4.755282581475767 37.5
      vertex -94 -2.5 37.5
    endloop
  endfacet
  facet normal 0 0 1
    outer loop
      vertex -94.26995249869773 -4.455032620941839 37.5
      vertex -93.91341716182545 -4.619397662556434 37.5
      vertex -94 -2.5 37.5
    endloop
  endfacet
  facet normal 0 0 1
    outer loop
      vertex -93.54508497187474 -4.755282581475767 37.5
      vertex -93.16722681927952 -4.861849601988383 37.5
      vertex -94 -2.5 37.5
    endloop
  endfacet
  facet normal 0 0 1
    outer loop
      vertex -95.80202982800016 -3.2472402416509185 37.5
      vertex -94 -2.5 37.5
      vertex -96.04508497187474 -2.938926261462366 37.5
    endloop
  endfacet
  facet normal 0 0 1
    outer loop
      vertex -96.26320082177047 -2.612492823579744 37.5
      vertex -96.04508497187474 -2.938926261462366 37.5
      vertex -94 -2.5 37.5
    endloop
  endfacet
  facet normal 0 0 1
    outer loop
      vertex -94.5 -2 37.5
      vertex -96.45503262094184 -2.269952498697734 37.5
      vertex -96.26320082177047 -2.612492823579744 37.5
    endloop
  endfacet
  facet normal 0 0 1
    outer loop
      vertex -96.26320082177047 -2.612492823579744 37.5
      vertex -94 -2.5 37.5
      vertex -94.35355339059328 -2.353553390593274 37.5
    endloop
  endfacet
  facet normal 0 0 1
    outer loop
      vertex -94.35355339059328 -2.353553390593274 37.5
      vertex -94.5 -2 37.5
      vertex -96.26320082177047 -2.612492823579744 37.5
    endloop
  endfacet
  facet normal 0 0 1
    outer loop
      vertex -96.61939766255644 -1.913417161825449 37.5
      vertex -94.5 2 37.5
      vertex -96.75528258147577 -1.545084971874737 37.5
    endloop
  endfacet
  facet normal 0 0 1
    outer loop
      vertex -96.75528258147577 -1.545084971874737 37.5
      vertex -94.5 2 37.5
      vertex -96.86184960198838 -1.167226819279527 37.5
    endloop
  endfacet
  facet normal 0 0 1
    outer loop
      vertex -94.5 2 37.5
      vertex -96.61939766255644 -1.913417161825449 37.5
      vertex -96.45503262094184 -2.269952498697734 37.5
    endloop
  endfacet
  facet normal 0 0 1
    outer loop
      vertex -94.5 2 37.5
      vertex -96.45503262094184 -2.269952498697734 37.5
      vertex -94.5 -2 37.5
    endloop
  endfacet
  facet normal 0 -0.8064049958557056 0.5913636636275174
    outer loop
      vertex -92 -5 37.5
      vertex -92 -32.5 0
      vertex 92 -5 37.5
    endloop
  endfacet
  facet normal 0 0 1
    outer loop
      vertex 94.26995249869773 4.455032620941839 37.5
      vertex 97 0 37.5
      vertex 94.61249282357974 4.263200821770462 37.5
    endloop
  endfacet
  facet normal 0 0 1
    outer loop
      vertex -94 -2.5 37.5
      vertex -92 -5 37.5
      vertex 92 -5 37.5
    endloop
  endfacet
  facet normal 0 0 1
    outer loop
      vertex 95.24724024165091 3.8020298280001548 37.5
      vertex 94.93892626146237 4.045084971874737 37.5
      vertex 97 0 37.5
    endloop
  endfacet
  facet normal 0 0 1
    outer loop
      vertex 94.61249282357974 4.263200821770462 37.5
      vertex 97 0 37.5
      vertex 94.93892626146237 4.045084971874737 37.5
    endloop
  endfacet
  facet normal 0 0 1
    outer loop
      vertex 95.80202982800016 3.2472402416509185 37.5
      vertex 97 0 37.5
      vertex 96.04508497187474 2.938926261462366 37.5
    endloop
  endfacet
  facet normal 0 0 1
    outer loop
      vertex 95.53553390593274 3.5355339059327378 37.5
      vertex 95.24724024165091 3.8020298280001548 37.5
      vertex 97 0 37.5
    endloop
  endfacet
  facet normal 0 0 1
    outer loop
      vertex 95.80202982800016 3.2472402416509185 37.5
      vertex 95.53553390593274 3.5355339059327378 37.5
      vertex 97 0 37.5
    endloop
  endfacet
  facet normal 0 0 1
    outer loop
      vertex 94.26995249869773 4.455032620941839 37.5
      vertex 93.91341716182545 4.619397662556434 37.5
      vertex 97 0 37.5
    endloop
  endfacet
  facet normal 0 0 1
    outer loop
      vertex 94.35355339059328 2.353553390593274 37.5
      vertex 97 0 37.5
      vertex 92 5 37.5
    endloop
  endfacet
  facet normal 0 0 1
    outer loop
      vertex 92 5 37.5
      vertex 94 2.5 37.5
      vertex 94.35355339059328 2.353553390593274 37.5
    endloop
  endfacet
  facet normal 0 0 1
    outer loop
      vertex 96.26320082177047 2.612492823579744 37.5
      vertex 96.04508497187474 2.938926261462366 37.5
      vertex 97 0 37.5
    endloop
  endfacet
  facet normal 0 0 1
    outer loop
      vertex 96.45503262094184 2.269952498697734 37.5
      vertex 96.26320082177047 2.612492823579744 37.5
      vertex 97 0 37.5
    endloop
  endfacet
  facet normal 0 0 1
    outer loop
      vertex 96.61939766255644 1.913417161825449 37.5
      vertex 96.45503262094184 2.269952498697734 37.5
      vertex 97 0 37.5
    endloop
  endfacet
  facet normal 0 0 1
    outer loop
      vertex 96.75528258147577 1.545084971874737 37.5
      vertex 96.61939766255644 1.913417161825449 37.5
      vertex 97 0 37.5
    endloop
  endfacet
  facet normal 0 0 1
    outer loop
      vertex 94.35355339059328 2.353553390593274 37.5
      vertex 94.5 2 37.5
      vertex 97 0 37.5
    endloop
  endfacet
  facet normal 0 0 1
    outer loop
      vertex 96.86184960198838 1.167226819279527 37.5
      vertex 96.75528258147577 1.545084971874737 37.5
      vertex 97 0 37.5
    endloop
  endfacet
  facet normal -0.34845769294507567 -0.7558631672495494 0.5542996559830029
    outer loop
      vertex -94.26995249869773 -4.455032620941839 37.5
      vertex -94.26995249869773 -31.95503262094184 0
      vertex -93.91341716182545 -4.619397662556434 37.5
    endloop
  endfacet
  facet normal -0.09501253806139742 -0.8027568808289478 0.5886883792745617
    outer loop
      vertex -92.78217232520116 -4.938441702975689 37.5
      vertex -92.78217232520116 -32.43844170297569 0
      vertex -92.39229547863923 -4.9845866686656395 37.5
    endloop
  endfacet
  facet normal -0.1583793622598637 -0.7962268226266871 0.5838996699262372
    outer loop
      vertex -93.16722681927952 -4.861849601988383 37.5
      vertex -93.16722681927952 -32.36184960198838 0
      vertex -92.78217232520116 -4.938441702975689 37.5
    endloop
  endfacet
  facet normal -1 0 0
    outer loop
      vertex -97 6.25 0
      vertex -97 6.25 0.75
      vertex -97 8.5 0.75
    endloop
  endfacet
  facet normal -0.22176667539703931 -0.7863253178105868 0.5766385663944303
    outer loop
      vertex -93.54508497187474 -4.755282581475767 37.5
      vertex -93.54508497187474 -32.25528258147577 0
      vertex -93.16722681927952 -4.861849601988383 37.5
    endloop
  endfacet
  facet normal -0.28514746007049346 -0.7729260116716541 0.5668124085592131
    outer loop
      vertex -93.91341716182545 -4.619397662556434 37.5
      vertex -93.91341716182545 -32.11939766255644 0
      vertex -93.54508497187474 -4.755282581475767 37.5
    endloop
  endfacet
  facet normal -0.4743462103935766 -0.7099092719735753 0.5206001327806219
    outer loop
      vertex -94.93892626146237 -4.045084971874737 37.5
      vertex -94.93892626146237 -31.545084971874736 0
      vertex -94.61249282357974 -4.263200821770462 37.5
    endloop
  endfacet
  facet normal -0.4115833868425139 -0.7349350193974925 0.5389523475581611
    outer loop
      vertex -94.61249282357974 -4.263200821770462 37.5
      vertex -94.61249282357974 -31.76320082177046 0
      vertex -94.26995249869773 -4.455032620941839 37.5
    endloop
  endfacet
  facet normal -0.715072467700412 -0.5637176796569129 0.41339296508173606
    outer loop
      vertex -96.04508497187474 -2.938926261462366 37.5
      vertex -96.04508497187474 -30.438926261462367 0
      vertex -95.80202982800016 -3.2472402416509185 37.5
    endloop
  endfacet
  facet normal 0 0 1
    outer loop
      vertex 96.9384417029757 0.7821723252011543 37.5
      vertex 96.86184960198838 1.167226819279527 37.5
      vertex 97 0 37.5
    endloop
  endfacet
  facet normal 0 0 1
    outer loop
      vertex 96.98458666866564 0.3922954786392247 37.5
      vertex 96.9384417029757 0.7821723252011543 37.5
      vertex 97 0 37.5
    endloop
  endfacet
  facet normal 0 0 1
    outer loop
      vertex 94.5 2 37.5
      vertex 94.5 -2 37.5
      vertex 97 0 37.5
    endloop
  endfacet
  facet normal 0.28514746007049346 0.7729260116716541 0.5668124085592131
    outer loop
      vertex 93.91341716182545 4.619397662556434 37.5
      vertex 93.91341716182545 32.11939766255644 0
      vertex 93.54508497187474 4.755282581475767 37.5
    endloop
  endfacet
  facet normal 0.4115833868425139 0.7349350193974925 0.5389523475581611
    outer loop
      vertex 94.61249282357974 4.263200821770462 37.5
      vertex 94.61249282357974 31.76320082177046 0
      vertex 94.26995249869773 4.455032620941839 37.5
    endloop
  endfacet
  facet normal 0 0 -1
    outer loop
      vertex -87.19999999999999 6.25 0
      vertex 97 -27.5 0
      vertex -87.19999999999999 -6.25 0
    endloop
  endfacet
  facet normal 0 0 -1
    outer loop
      vertex 97 -27.5 0
      vertex -93.54508497187474 -32.25528258147577 0
      vertex -87.19999999999999 -6.25 0
    endloop
  endfacet
  facet normal 0 0 -1
    outer loop
      vertex -92 -32.5 0
      vertex -93.54508497187474 -32.25528258147577 0
      vertex 92 -32.5 0
    endloop
  endfacet
  facet normal -1 0 0
    outer loop
      vertex -97 -5.224873734152917 9.474873734152917
      vertex -97 -5.486410188638104 9.182214306505568
      vertex -97 0 37.5
    endloop
  endfacet
  facet normal -1 0 0
    outer loop
      vertex -97 -5.486410188638104 9.182214306505568
      vertex -97 -5.713534697298995 8.862112267803678
      vertex -97 0 37.5
    endloop
  endfacet
  facet normal -1 0 0
    outer loop
      vertex -97 -5.713534697298995 8.862112267803678
      vertex -97 -5.903391037658467 8.518593086911453
      vertex -97 0 37.5
    endloop
  endfacet
  facet normal -1 0 0
    outer loop
      vertex -97 -5.903391037658467 8.518593086911453
      vertex -97 -6.053591656079286 8.155976716843083
      vertex -97 0 37.5
    endloop
  endfacet
  facet normal -1 0 0
    outer loop
      vertex -97 -6.053591656079286 8.155976716843083
      vertex -97 -6.162247692636383 7.778823268847098
      vertex -97 0 37.5
    endloop
  endfacet
  facet normal 0.4743462103935766 0.7099092719735753 0.5206001327806219
    outer loop
      vertex 94.93892626146237 4.045084971874737 37.5
      vertex 94.93892626146237 31.545084971874736 0
      vertex 94.61249282357974 4.263200821770462 37.5
    endloop
  endfacet
  facet normal -1 0 0
    outer loop
      vertex -97 -6.162247692636383 7.778823268847098
      vertex -97 -27.5 0
      vertex -97 0 37.5
    endloop
  endfacet
  facet normal -1 0 0
    outer loop
      vertex -97 -6.162247692636383 7.778823268847098
      vertex -97 -6.2279927346263495 7.391875666361578
      vertex -97 -27.5 0
    endloop
  endfacet
  facet normal -1 0 0
    outer loop
      vertex -97 -6.2279927346263495 7.391875666361578
      vertex -97 -6.25 7
      vertex -97 -27.5 0
    endloop
  endfacet
  facet normal -1 0 0
    outer loop
      vertex -97 -6.25 7
      vertex -97 -6.25 3
      vertex -97 -27.5 0
    endloop
  endfacet
  facet normal -1 0 0
    outer loop
      vertex -97 -6.25 3
      vertex -97 -8.5 0.75
      vertex -97 -27.5 0
    endloop
  endfacet
  facet normal 0 0 -1
    outer loop
      vertex -97 -27.5 0
      vertex -97 -6.25 0
      vertex -87.19999999999999 -6.25 0
    endloop
  endfacet
  facet normal -1 0 0
    outer loop
      vertex -97 -6.25 0.75
      vertex -97 -6.25 0
      vertex -97 -27.5 0
    endloop
  endfacet
  facet normal -1 0 0
    outer loop
      vertex -97 -8.5 0.75
      vertex -97 -6.25 0.75
      vertex -97 -27.5 0
    endloop
  endfacet
  facet normal 0.34845769294507567 0.7558631672495494 0.5542996559830029
    outer loop
      vertex 94.26995249869773 4.455032620941839 37.5
      vertex 94.26995249869773 31.95503262094184 0
      vertex 93.91341716182545 4.619397662556434 37.5
    endloop
  endfacet
  facet normal -1 0 0
    outer loop
      vertex -97 27.5 0
      vertex -97 6.25 0
      vertex -97 8.5 0.75
    endloop
  endfacet
  facet normal 0 0 -1
    outer loop
      vertex -87.19999999999999 6.25 0
      vertex -97 6.25 0
      vertex -96.75528258147577 29.045084971874736 0
    endloop
  endfacet
  facet normal -1 0 0
    outer loop
      vertex -97 6.25 3
      vertex -97 27.5 0
      vertex -97 8.5 0.75
    endloop
  endfacet
  facet normal -1 0 0
    outer loop
      vertex -97 6.25 3
      vertex -97 6.25 7
      vertex -97 27.5 0
    endloop
  endfacet
  facet normal -1 0 0
    outer loop
      vertex -97 4.612112267803678 9.963534697298995
      vertex -97 4.268593086911454 10.153391037658468
      vertex -97 27.5 0
    endloop
  endfacet
  facet normal -1 0 0
    outer loop
      vertex -97 6.053591656079286 8.155976716843085
      vertex -97 5.9033910376584675 8.518593086911453
      vertex -97 27.5 0
    endloop
  endfacet
  facet normal -1 0 0
    outer loop
      vertex -97 5.9033910376584675 8.518593086911453
      vertex -97 5.713534697298995 8.862112267803678
      vertex -97 27.5 0
    endloop
  endfacet
  facet normal -1 0 0
    outer loop
      vertex -97 6.25 7
      vertex -97 6.2279927346263495 7.391875666361578
      vertex -97 27.5 0
    endloop
  endfacet
  facet normal -1 0 0
    outer loop
      vertex -97 6.2279927346263495 7.391875666361578
      vertex -97 6.162247692636383 7.7788232688471
      vertex -97 27.5 0
    endloop
  endfacet
  facet normal -1 0 0
    outer loop
      vertex -97 6.162247692636383 7.7788232688471
      vertex -97 6.053591656079286 8.155976716843085
      vertex -97 27.5 0
    endloop
  endfacet
  facet normal -1 0 0
    outer loop
      vertex -97 5.224873734152917 9.474873734152917
      vertex -97 4.932214306505568 9.736410188638105
      vertex -97 27.5 0
    endloop
  endfacet
  facet normal -1 0 0
    outer loop
      vertex -97 5.713534697298995 8.862112267803678
      vertex -97 5.486410188638104 9.182214306505568
      vertex -97 27.5 0
    endloop
  endfacet
  facet normal -1 0 0
    outer loop
      vertex -97 5.486410188638104 9.182214306505568
      vertex -97 5.224873734152917 9.474873734152917
      vertex -97 27.5 0
    endloop
  endfacet
  facet normal -1 0 0
    outer loop
      vertex -97 4.932214306505568 9.736410188638105
      vertex -97 4.612112267803678 9.963534697298995
      vertex -97 27.5 0
    endloop
  endfacet
  facet normal 0.5976540516283405 0.646538510533849 0.47412824105815593
    outer loop
      vertex 95.53553390593274 3.5355339059327378 37.5
      vertex 95.53553390593274 31.035533905932738 0
      vertex 95.24724024165091 3.8020298280001548 37.5
    endloop
  endfacet
  facet normal 0.6573788441143493 0.6076747529165755 0.445628152138822
    outer loop
      vertex 95.80202982800016 3.2472402416509185 37.5
      vertex 95.80202982800016 30.747240241650918 0
      vertex 95.53553390593274 3.5355339059327378 37.5
    endloop
  endfacet
  facet normal 0.715072467700412 0.5637176796569129 0.41339296508173606
    outer loop
      vertex 96.04508497187474 2.938926261462366 37.5
      vertex 96.04508497187474 30.438926261462367 0
      vertex 95.80202982800016 3.2472402416509185 37.5
    endloop
  endfacet
  facet normal 0.5364878889153346 0.6805316428101875 0.4990565380608042
    outer loop
      vertex 95.24724024165091 3.8020298280001548 37.5
      vertex 95.24724024165091 31.302029828000155 0
      vertex 94.93892626146237 4.045084971874737 37.5
    endloop
  endfacet
  facet normal 0.09501253806139742 0.8027568808289478 0.5886883792745617
    outer loop
      vertex 92.78217232520116 4.938441702975689 37.5
      vertex 92.78217232520116 32.43844170297569 0
      vertex 92.39229547863923 4.9845866686656395 37.5
    endloop
  endfacet
  facet normal 0.1583793622598637 0.7962268226266871 0.5838996699262372
    outer loop
      vertex 93.16722681927952 4.861849601988383 37.5
      vertex 93.16722681927952 32.36184960198838 0
      vertex 92.78217232520116 4.938441702975689 37.5
    endloop
  endfacet
  facet normal 0.22176667539703931 0.7863253178105868 0.5766385663944303
    outer loop
      vertex 93.54508497187474 4.755282581475767 37.5
      vertex 93.54508497187474 32.25528258147577 0
      vertex 93.16722681927952 4.861849601988383 37.5
    endloop
  endfacet
  facet normal 0.031667847534307556 0.8060005417680632 0.5910670639632465
    outer loop
      vertex 92.39229547863923 4.9845866686656395 37.5
      vertex 92.39229547863923 32.48458666866564 0
      vertex 92 5 37.5
    endloop
  endfacet
  facet normal 0.7700147593646939 0.5145074130900582 0.3773054362660427
    outer loop
      vertex 96.26320082177047 2.612492823579744 37.5
      vertex 96.26320082177047 30.112492823579743 0
      vertex 96.04508497187474 2.938926261462366 37.5
    endloop
  endfacet
  facet normal 0.821358780506754 0.45998301859521123 0.33732088030315494
    outer loop
      vertex 96.45503262094184 2.269952498697734 37.5
      vertex 96.45503262094184 29.769952498697734 0
      vertex 96.26320082177047 2.612492823579744 37.5
    endloop
  endfacet
  facet normal 0.8681487716405528 0.40022206558863205 0.2934961814316635
    outer loop
      vertex 96.61939766255644 1.913417161825449 37.5
      vertex 96.61939766255644 29.41341716182545 0
      vertex 96.45503262094184 2.269952498697734 37.5
    endloop
  endfacet
  facet normal 0.9093562445368574 0.33547923024108506 0.2460181021767957
    outer loop
      vertex 96.75528258147577 1.545084971874737 37.5
      vertex 96.75528258147577 29.045084971874736 0
      vertex 96.61939766255644 1.913417161825449 37.5
    endloop
  endfacet
  facet normal 0.9439359182170778 0.26621746194528856 0.19522613875987826
    outer loop
      vertex 96.86184960198838 1.167226819279527 37.5
      vertex 96.86184960198838 28.667226819279527 0
      vertex 96.75528258147577 1.545084971874737 37.5
    endloop
  endfacet
  facet normal -0.998815165684526 -0.03924355474062268 0.028778606809789966
    outer loop
      vertex -96.98458666866564 -27.892295478639223 0
      vertex -96.98458666866564 -0.3922954786392247 37.5
      vertex -97 -27.5 0
    endloop
  endfacet
  facet normal -0.9893999236311702 -0.11710319792571867 0.08587567847886036
    outer loop
      vertex -96.9384417029757 -28.282172325201156 0
      vertex -96.9384417029757 -0.7821723252011543 37.5
      vertex -96.98458666866564 -27.892295478639223 0
    endloop
  endfacet
  facet normal -0.9439359182170775 -0.2662174619452891 0.19522613875987865
    outer loop
      vertex -96.75528258147577 -29.045084971874736 0
      vertex -96.75528258147577 -1.545084971874737 37.5
      vertex -96.86184960198838 -28.667226819279527 0
    endloop
  endfacet
  facet normal -0.9708994501445252 -0.1931239081158738 0.1416241992849741
    outer loop
      vertex -96.86184960198838 -28.667226819279527 0
      vertex -96.86184960198838 -1.167226819279527 37.5
      vertex -96.9384417029757 -28.282172325201156 0
    endloop
  endfacet
  facet normal -0.909356244536858 -0.3354792302410839 0.24601810217679485
    outer loop
      vertex -96.61939766255644 -29.41341716182545 0
      vertex -96.61939766255644 -1.913417161825449 37.5
      vertex -96.75528258147577 -29.045084971874736 0
    endloop
  endfacet
  facet normal -0.03166784753430209 -0.8060005417680633 0.5910670639632465
    outer loop
      vertex -92.39229547863923 -32.48458666866564 0
      vertex -92 -32.5 0
      vertex -92 -5 37.5
    endloop
  endfacet
  facet normal -0.71507246770041 -0.5637176796569145 0.41339296508173734
    outer loop
      vertex -95.80202982800016 -30.747240241650918 0
      vertex -95.80202982800016 -3.2472402416509185 37.5
      vertex -96.04508497187474 -30.438926261462367 0
    endloop
  endfacet
  facet normal -0.6573788441143505 -0.6076747529165747 0.4456281521388214
    outer loop
      vertex -95.53553390593274 -31.035533905932738 0
      vertex -95.53553390593274 -3.5355339059327378 37.5
      vertex -95.80202982800016 -30.747240241650918 0
    endloop
  endfacet
  facet normal -0.5364878889153332 -0.6805316428101882 0.4990565380608047
    outer loop
      vertex -94.93892626146237 -31.545084971874736 0
      vertex -94.93892626146237 -4.045084971874737 37.5
      vertex -95.24724024165091 -31.302029828000155 0
    endloop
  endfacet
  facet normal -0.5976540516283405 -0.646538510533849 0.47412824105815593
    outer loop
      vertex -95.53553390593274 -31.035533905932738 0
      vertex -95.24724024165091 -31.302029828000155 0
      vertex -95.24724024165091 -3.8020298280001548 37.5
    endloop
  endfacet
  facet normal -0.868148771640552 -0.40022206558863316 0.29349618143166434
    outer loop
      vertex -96.45503262094184 -29.769952498697734 0
      vertex -96.45503262094184 -2.269952498697734 37.5
      vertex -96.61939766255644 -29.41341716182545 0
    endloop
  endfacet
  facet normal -0.8213587805067534 -0.45998301859521207 0.33732088030315555
    outer loop
      vertex -96.26320082177047 -30.112492823579743 0
      vertex -96.26320082177047 -2.612492823579744 37.5
      vertex -96.45503262094184 -29.769952498697734 0
    endloop
  endfacet
  facet normal -0.770014759364696 -0.5145074130900561 0.3773054362660411
    outer loop
      vertex -96.26320082177047 -30.112492823579743 0
      vertex -96.04508497187474 -30.438926261462367 0
      vertex -96.04508497187474 -2.938926261462366 37.5
    endloop
  endfacet
  facet normal -0.09501253806140647 -0.802756880828947 0.5886883792745612
    outer loop
      vertex -92.78217232520116 -32.43844170297569 0
      vertex -92.39229547863923 -32.48458666866564 0
      vertex -92.39229547863923 -4.9845866686656395 37.5
    endloop
  endfacet
  facet normal -0.2217666753970358 -0.7863253178105875 0.5766385663944308
    outer loop
      vertex -93.54508497187474 -32.25528258147577 0
      vertex -93.16722681927952 -32.36184960198838 0
      vertex -93.16722681927952 -4.861849601988383 37.5
    endloop
  endfacet
  facet normal -0.15837936225986193 -0.7962268226266874 0.5838996699262374
    outer loop
      vertex -93.16722681927952 -32.36184960198838 0
      vertex -92.78217232520116 -32.43844170297569 0
      vertex -92.78217232520116 -4.938441702975689 37.5
    endloop
  endfacet
  facet normal -0.2851474600704884 -0.7729260116716554 0.566812408559214
    outer loop
      vertex -93.54508497187474 -32.25528258147577 0
      vertex -93.54508497187474 -4.755282581475767 37.5
      vertex -93.91341716182545 -32.11939766255644 0
    endloop
  endfacet
  facet normal 0.9708994501445254 0.19312390811587318 0.14162419928497366
    outer loop
      vertex 96.9384417029757 0.7821723252011543 37.5
      vertex 96.9384417029757 28.282172325201156 0
      vertex 96.86184960198838 1.167226819279527 37.5
    endloop
  endfacet
  facet normal -0.3484576929450822 -0.7558631672495473 0.5542996559830015
    outer loop
      vertex -94.26995249869773 -31.95503262094184 0
      vertex -93.91341716182545 -32.11939766255644 0
      vertex -93.91341716182545 -4.619397662556434 37.5
    endloop
  endfacet
  facet normal 0.98939992363117 0.11710319792571956 0.08587567847886102
    outer loop
      vertex 96.98458666866564 0.3922954786392247 37.5
      vertex 96.98458666866564 27.892295478639223 0
      vertex 96.9384417029757 0.7821723252011543 37.5
    endloop
  endfacet
  facet normal -0.4743462103935766 -0.7099092719735753 0.5206001327806219
    outer loop
      vertex -94.93892626146237 -31.545084971874736 0
      vertex -94.61249282357974 -31.76320082177046 0
      vertex -94.61249282357974 -4.263200821770462 37.5
    endloop
  endfacet
  facet normal -0.4115833868425155 -0.7349350193974918 0.5389523475581607
    outer loop
      vertex -94.61249282357974 -31.76320082177046 0
      vertex -94.26995249869773 -31.95503262094184 0
      vertex -94.26995249869773 -4.455032620941839 37.5
    endloop
  endfacet
  facet normal 0 0 -1
    outer loop
      vertex -93.54508497187474 -32.25528258147577 0
      vertex -92.78217232520116 -32.43844170297569 0
      vertex -93.16722681927952 -32.36184960198838 0
    endloop
  endfacet
  facet normal 0 0 -1
    outer loop
      vertex -94.93892626146237 -31.545084971874736 0
      vertex -87.19999999999999 -6.25 0
      vertex -94.61249282357974 -31.76320082177046 0
    endloop
  endfacet
  facet normal 0 0 -1
    outer loop
      vertex -92.39229547863923 -32.48458666866564 0
      vertex -93.54508497187474 -32.25528258147577 0
      vertex -92 -32.5 0
    endloop
  endfacet
  facet normal 0 0 -1
    outer loop
      vertex -94.61249282357974 -31.76320082177046 0
      vertex -87.19999999999999 -6.25 0
      vertex -94.26995249869773 -31.95503262094184 0
    endloop
  endfacet
  facet normal 0 0 -1
    outer loop
      vertex -94.26995249869773 -31.95503262094184 0
      vertex -87.19999999999999 -6.25 0
      vertex -93.91341716182545 -32.11939766255644 0
    endloop
  endfacet
  facet normal 0 0 -1
    outer loop
      vertex -93.54508497187474 -32.25528258147577 0
      vertex -93.91341716182545 -32.11939766255644 0
      vertex -87.19999999999999 -6.25 0
    endloop
  endfacet
  facet normal 0 0 -1
    outer loop
      vertex -96.98458666866564 -27.892295478639223 0
      vertex -97 -27.5 0
      vertex -87.19999999999999 -6.25 0
    endloop
  endfacet
  facet normal 0 0 -1
    outer loop
      vertex -96.9384417029757 -28.282172325201156 0
      vertex -96.98458666866564 -27.892295478639223 0
      vertex -87.19999999999999 -6.25 0
    endloop
  endfacet
  facet normal 0 0 -1
    outer loop
      vertex -96.86184960198838 -28.667226819279527 0
      vertex -96.9384417029757 -28.282172325201156 0
      vertex -87.19999999999999 -6.25 0
    endloop
  endfacet
  facet normal 0 0 -1
    outer loop
      vertex -96.75528258147577 -29.045084971874736 0
      vertex -96.86184960198838 -28.667226819279527 0
      vertex -87.19999999999999 -6.25 0
    endloop
  endfacet
  facet normal 0 0 -1
    outer loop
      vertex -96.61939766255644 -29.41341716182545 0
      vertex -96.75528258147577 -29.045084971874736 0
      vertex -87.19999999999999 -6.25 0
    endloop
  endfacet
  facet normal 0 0 -1
    outer loop
      vertex -96.45503262094184 -29.769952498697734 0
      vertex -96.61939766255644 -29.41341716182545 0
      vertex -87.19999999999999 -6.25 0
    endloop
  endfacet
  facet normal 0 0 -1
    outer loop
      vertex -96.26320082177047 -30.112492823579743 0
      vertex -87.19999999999999 -6.25 0
      vertex -96.04508497187474 -30.438926261462367 0
    endloop
  endfacet
  facet normal 0 0 -1
    outer loop
      vertex -96.26320082177047 -30.112492823579743 0
      vertex -96.45503262094184 -29.769952498697734 0
      vertex -87.19999999999999 -6.25 0
    endloop
  endfacet
  facet normal 0 0 -1
    outer loop
      vertex -95.80202982800016 -30.747240241650918 0
      vertex -96.04508497187474 -30.438926261462367 0
      vertex -87.19999999999999 -6.25 0
    endloop
  endfacet
  facet normal 0 0 -1
    outer loop
      vertex -95.53553390593274 -31.035533905932738 0
      vertex -95.80202982800016 -30.747240241650918 0
      vertex -87.19999999999999 -6.25 0
    endloop
  endfacet
  facet normal 0 0 -1
    outer loop
      vertex -95.53553390593274 -31.035533905932738 0
      vertex -87.19999999999999 -6.25 0
      vertex -95.24724024165091 -31.302029828000155 0
    endloop
  endfacet
  facet normal 0 0 -1
    outer loop
      vertex -94.93892626146237 -31.545084971874736 0
      vertex -95.24724024165091 -31.302029828000155 0
      vertex -87.19999999999999 -6.25 0
    endloop
  endfacet
  facet normal -1 0 0
    outer loop
      vertex -97 4.268593086911454 10.153391037658468
      vertex -97 0 37.5
      vertex -97 27.5 0
    endloop
  endfacet
  facet normal 0 0 -1
    outer loop
      vertex -97 27.5 0
      vertex -96.75528258147577 29.045084971874736 0
      vertex -97 6.25 0
    endloop
  endfacet
  facet normal 0 0 -1
    outer loop
      vertex -96.75528258147577 29.045084971874736 0
      vertex -97 27.5 0
      vertex -96.98458666866564 27.892295478639223 0
    endloop
  endfacet
  facet normal 0 0 -1
    outer loop
      vertex -96.75528258147577 29.045084971874736 0
      vertex -96.98458666866564 27.892295478639223 0
      vertex -96.9384417029757 28.282172325201156 0
    endloop
  endfacet
  facet normal 0 0 -1
    outer loop
      vertex -96.75528258147577 29.045084971874736 0
      vertex -96.9384417029757 28.282172325201156 0
      vertex -96.86184960198838 28.667226819279527 0
    endloop
  endfacet
  facet normal -0.998815165684526 0.03924355474062268 0.028778606809789966
    outer loop
      vertex -96.98458666866564 27.892295478639223 0
      vertex -97 27.5 0
      vertex -97 0 37.5
    endloop
  endfacet
  facet normal -0.9893999236311702 0.11710319792571867 0.08587567847886036
    outer loop
      vertex -96.9384417029757 28.282172325201156 0
      vertex -96.98458666866564 27.892295478639223 0
      vertex -96.98458666866564 0.3922954786392247 37.5
    endloop
  endfacet
  facet normal -0.9708994501445252 0.1931239081158738 0.1416241992849741
    outer loop
      vertex -96.86184960198838 28.667226819279527 0
      vertex -96.9384417029757 28.282172325201156 0
      vertex -96.9384417029757 0.7821723252011543 37.5
    endloop
  endfacet
  facet normal -0.9439359182170775 0.2662174619452891 0.19522613875987865
    outer loop
      vertex -96.75528258147577 29.045084971874736 0
      vertex -96.86184960198838 28.667226819279527 0
      vertex -96.86184960198838 1.167226819279527 37.5
    endloop
  endfacet
  facet normal -0.909356244536858 0.3354792302410839 0.24601810217679485
    outer loop
      vertex -96.75528258147577 29.045084971874736 0
      vertex -96.75528258147577 1.545084971874737 37.5
      vertex -96.61939766255644 29.41341716182545 0
    endloop
  endfacet
  facet normal -0.868148771640552 0.40022206558863316 0.29349618143166434
    outer loop
      vertex -96.61939766255644 29.41341716182545 0
      vertex -96.61939766255644 1.913417161825449 37.5
      vertex -96.45503262094184 29.769952498697734 0
    endloop
  endfacet
  facet normal -0.8213587805067534 0.45998301859521207 0.33732088030315555
    outer loop
      vertex -96.45503262094184 29.769952498697734 0
      vertex -96.45503262094184 2.269952498697734 37.5
      vertex -96.26320082177047 30.112492823579743 0
    endloop
  endfacet
  facet normal -0.770014759364696 0.5145074130900561 0.3773054362660411
    outer loop
      vertex -96.26320082177047 30.112492823579743 0
      vertex -96.26320082177047 2.612492823579744 37.5
      vertex -96.04508497187474 30.438926261462367 0
    endloop
  endfacet
  facet normal -0.71507246770041 0.5637176796569145 0.41339296508173734
    outer loop
      vertex -96.04508497187474 30.438926261462367 0
      vertex -96.04508497187474 2.938926261462366 37.5
      vertex -95.80202982800016 30.747240241650918 0
    endloop
  endfacet
  facet normal -0.6573788441143505 0.6076747529165747 0.4456281521388214
    outer loop
      vertex -95.80202982800016 30.747240241650918 0
      vertex -95.80202982800016 3.2472402416509185 37.5
      vertex -95.53553390593274 31.035533905932738 0
    endloop
  endfacet
  facet normal -0.5976540516283405 0.646538510533849 0.47412824105815593
    outer loop
      vertex -95.53553390593274 31.035533905932738 0
      vertex -95.53553390593274 3.5355339059327378 37.5
      vertex -95.24724024165091 31.302029828000155 0
    endloop
  endfacet
  facet normal -0.5364878889153332 0.6805316428101882 0.4990565380608047
    outer loop
      vertex -95.24724024165091 31.302029828000155 0
      vertex -95.24724024165091 3.8020298280001548 37.5
      vertex -94.93892626146237 31.545084971874736 0
    endloop
  endfacet
  facet normal -0.4743462103935766 0.7099092719735753 0.5206001327806219
    outer loop
      vertex -94.93892626146237 31.545084971874736 0
      vertex -94.93892626146237 4.045084971874737 37.5
      vertex -94.61249282357974 31.76320082177046 0
    endloop
  endfacet
  facet normal -0.4115833868425155 0.7349350193974918 0.5389523475581607
    outer loop
      vertex -94.61249282357974 31.76320082177046 0
      vertex -94.61249282357974 4.263200821770462 37.5
      vertex -94.26995249869773 31.95503262094184 0
    endloop
  endfacet
  facet normal -0.3484576929450822 0.7558631672495473 0.5542996559830013
    outer loop
      vertex -94.26995249869773 31.95503262094184 0
      vertex -94.26995249869773 4.455032620941839 37.5
      vertex -93.91341716182545 32.11939766255644 0
    endloop
  endfacet
  facet normal -0.2851474600704883 0.7729260116716553 0.566812408559214
    outer loop
      vertex -93.91341716182545 32.11939766255644 0
      vertex -93.91341716182545 4.619397662556434 37.5
      vertex -93.54508497187474 32.25528258147577 0
    endloop
  endfacet
  facet normal -0.2217666753970358 0.7863253178105875 0.5766385663944308
    outer loop
      vertex -93.54508497187474 32.25528258147577 0
      vertex -93.54508497187474 4.755282581475767 37.5
      vertex -93.16722681927952 32.36184960198838 0
    endloop
  endfacet
  facet normal -0.15837936225986193 0.7962268226266874 0.5838996699262374
    outer loop
      vertex -93.16722681927952 32.36184960198838 0
      vertex -93.16722681927952 4.861849601988383 37.5
      vertex -92.78217232520116 32.43844170297569 0
    endloop
  endfacet
  facet normal -0.09501253806140647 0.802756880828947 0.5886883792745611
    outer loop
      vertex -92.78217232520116 32.43844170297569 0
      vertex -92.78217232520116 4.938441702975689 37.5
      vertex -92.39229547863923 32.48458666866564 0
    endloop
  endfacet
  facet normal -0.03166784753430209 0.8060005417680633 0.5910670639632466
    outer loop
      vertex -92.39229547863923 32.48458666866564 0
      vertex -92.39229547863923 4.9845866686656395 37.5
      vertex -92 32.5 0
    endloop
  endfacet
  facet normal 0 0 -1
    outer loop
      vertex -87.19999999999999 6.25 0
      vertex -96.75528258147577 29.045084971874736 0
      vertex 97 -27.5 0
    endloop
  endfacet
  facet normal 0 0 -1
    outer loop
      vertex 97 -27.5 0
      vertex -96.75528258147577 29.045084971874736 0
      vertex -96.61939766255644 29.41341716182545 0
    endloop
  endfacet
  facet normal 0 0 -1
    outer loop
      vertex 97 -27.5 0
      vertex -96.61939766255644 29.41341716182545 0
      vertex -96.45503262094184 29.769952498697734 0
    endloop
  endfacet
  facet normal 0 0 -1
    outer loop
      vertex 97 -27.5 0
      vertex -96.45503262094184 29.769952498697734 0
      vertex -96.26320082177047 30.112492823579743 0
    endloop
  endfacet
  facet normal 0 0 -1
    outer loop
      vertex 97 -27.5 0
      vertex -96.26320082177047 30.112492823579743 0
      vertex -96.04508497187474 30.438926261462367 0
    endloop
  endfacet
  facet normal 0 0 -1
    outer loop
      vertex 97 -27.5 0
      vertex -96.04508497187474 30.438926261462367 0
      vertex -95.80202982800016 30.747240241650918 0
    endloop
  endfacet
  facet normal 0 0 -1
    outer loop
      vertex 97 -27.5 0
      vertex -95.80202982800016 30.747240241650918 0
      vertex -95.53553390593274 31.035533905932738 0
    endloop
  endfacet
  facet normal 0 0 -1
    outer loop
      vertex 97 -27.5 0
      vertex -95.53553390593274 31.035533905932738 0
      vertex -95.24724024165091 31.302029828000155 0
    endloop
  endfacet
  facet normal 0 0 -1
    outer loop
      vertex 97 -27.5 0
      vertex -95.24724024165091 31.302029828000155 0
      vertex -94.93892626146237 31.545084971874736 0
    endloop
  endfacet
  facet normal 0 0 -1
    outer loop
      vertex 97 -27.5 0
      vertex -94.93892626146237 31.545084971874736 0
      vertex -94.61249282357974 31.76320082177046 0
    endloop
  endfacet
  facet normal 0 0 -1
    outer loop
      vertex 97 -27.5 0
      vertex -94.61249282357974 31.76320082177046 0
      vertex -94.26995249869773 31.95503262094184 0
    endloop
  endfacet
  facet normal 0 0 -1
    outer loop
      vertex 97 -27.5 0
      vertex -94.26995249869773 31.95503262094184 0
      vertex -93.91341716182545 32.11939766255644 0
    endloop
  endfacet
  facet normal 0 0 -1
    outer loop
      vertex 97 -27.5 0
      vertex -93.91341716182545 32.11939766255644 0
      vertex -93.54508497187474 32.25528258147577 0
    endloop
  endfacet
  facet normal 0 0 -1
    outer loop
      vertex 97 -27.5 0
      vertex -93.54508497187474 32.25528258147577 0
      vertex -93.16722681927952 32.36184960198838 0
    endloop
  endfacet
  facet normal 0 0 -1
    outer loop
      vertex 97 -27.5 0
      vertex -93.16722681927952 32.36184960198838 0
      vertex -92.78217232520116 32.43844170297569 0
    endloop
  endfacet
  facet normal 0 0 -1
    outer loop
      vertex 97 -27.5 0
      vertex -92.78217232520116 32.43844170297569 0
      vertex -92.39229547863923 32.48458666866564 0
    endloop
  endfacet
  facet normal 0 0 -1
    outer loop
      vertex 97 -27.5 0
      vertex -92.39229547863923 32.48458666866564 0
      vertex -92 32.5 0
    endloop
  endfacet
  facet normal 0.998815165684526 0.03924355474062253 0.02877860680978985
    outer loop
      vertex 97 0 37.5
      vertex 96.98458666866564 27.892295478639223 0
      vertex 96.98458666866564 0.3922954786392247 37.5
    endloop
  endfacet
  facet normal 0 0 1
    outer loop
      vertex 92 5 37.5
      vertex -92 5 37.5
      vertex 94 2.5 37.5
    endloop
  endfacet
  facet normal 0 0.8064049958557056 0.5913636636275174
    outer loop
      vertex 92 32.5 0
      vertex -92 5 37.5
      vertex 92 5 37.5
    endloop
  endfacet
  facet normal 0 0.8064049958557056 0.5913636636275174
    outer loop
      vertex -92 5 37.5
      vertex 92 32.5 0
      vertex -92 32.5 0
    endloop
  endfacet
  facet normal -1 0 0
    outer loop
      vertex -97 2.75 10.5
      vertex -97 -2.75 10.5
      vertex -97 0 37.5
    endloop
  endfacet
  facet normal -1 0 0
    outer loop
      vertex -97 3.141875666361577 10.47799273462635
      vertex -97 2.75 10.5
      vertex -97 0 37.5
    endloop
  endfacet
  facet normal 0.3484576929450822 0.7558631672495473 0.5542996559830015
    outer loop
      vertex 94.26995249869773 31.95503262094184 0
      vertex 93.91341716182545 32.11939766255644 0
      vertex 93.91341716182545 4.619397662556434 37.5
    endloop
  endfacet
  facet normal -1 0 0
    outer loop
      vertex -97 4.268593086911454 10.153391037658468
      vertex -97 3.9059767168430843 10.303591656079286
      vertex -97 0 37.5
    endloop
  endfacet
  facet normal -1 0 0
    outer loop
      vertex -97 3.5288232688471006 10.412247692636383
      vertex -97 3.141875666361577 10.47799273462635
      vertex -97 0 37.5
    endloop
  endfacet
  facet normal -1 0 0
    outer loop
      vertex -97 3.9059767168430843 10.303591656079286
      vertex -97 3.5288232688471006 10.412247692636383
      vertex -97 0 37.5
    endloop
  endfacet
  facet normal 0.2851474600704884 0.7729260116716554 0.566812408559214
    outer loop
      vertex 93.91341716182545 32.11939766255644 0
      vertex 93.54508497187474 32.25528258147577 0
      vertex 93.54508497187474 4.755282581475767 37.5
    endloop
  endfacet
  facet normal 0.4115833868425155 0.7349350193974918 0.5389523475581607
    outer loop
      vertex 94.61249282357974 31.76320082177046 0
      vertex 94.26995249869773 31.95503262094184 0
      vertex 94.26995249869773 4.455032620941839 37.5
    endloop
  endfacet
  facet normal -0.998815165684526 0.03924355474062253 0.028778606809789855
    outer loop
      vertex -96.98458666866564 0.3922954786392247 37.5
      vertex -96.98458666866564 27.892295478639223 0
      vertex -97 0 37.5
    endloop
  endfacet
  facet normal -0.98939992363117 0.11710319792571956 0.08587567847886102
    outer loop
      vertex -96.9384417029757 0.7821723252011543 37.5
      vertex -96.9384417029757 28.282172325201156 0
      vertex -96.98458666866564 0.3922954786392247 37.5
    endloop
  endfacet
  facet normal -0.9708994501445254 0.19312390811587318 0.14162419928497366
    outer loop
      vertex -96.86184960198838 1.167226819279527 37.5
      vertex -96.86184960198838 28.667226819279527 0
      vertex -96.9384417029757 0.7821723252011543 37.5
    endloop
  endfacet
  facet normal -0.9439359182170778 0.26621746194528856 0.19522613875987826
    outer loop
      vertex -96.75528258147577 1.545084971874737 37.5
      vertex -96.75528258147577 29.045084971874736 0
      vertex -96.86184960198838 1.167226819279527 37.5
    endloop
  endfacet
  facet normal -0.9093562445368574 0.33547923024108506 0.2460181021767957
    outer loop
      vertex -96.61939766255644 1.913417161825449 37.5
      vertex -96.61939766255644 29.41341716182545 0
      vertex -96.75528258147577 1.545084971874737 37.5
    endloop
  endfacet
  facet normal -0.8681487716405528 0.40022206558863205 0.2934961814316635
    outer loop
      vertex -96.45503262094184 2.269952498697734 37.5
      vertex -96.45503262094184 29.769952498697734 0
      vertex -96.61939766255644 1.913417161825449 37.5
    endloop
  endfacet
  facet normal -0.821358780506754 0.45998301859521123 0.33732088030315494
    outer loop
      vertex -96.26320082177047 2.612492823579744 37.5
      vertex -96.26320082177047 30.112492823579743 0
      vertex -96.45503262094184 2.269952498697734 37.5
    endloop
  endfacet
  facet normal -0.7700147593646939 0.5145074130900582 0.3773054362660427
    outer loop
      vertex -96.04508497187474 2.938926261462366 37.5
      vertex -96.04508497187474 30.438926261462367 0
      vertex -96.26320082177047 2.612492823579744 37.5
    endloop
  endfacet
  facet normal -0.715072467700412 0.5637176796569129 0.41339296508173606
    outer loop
      vertex -95.80202982800016 3.2472402416509185 37.5
      vertex -95.80202982800016 30.747240241650918 0
      vertex -96.04508497187474 2.938926261462366 37.5
    endloop
  endfacet
  facet normal -0.6573788441143493 0.6076747529165755 0.445628152138822
    outer loop
      vertex -95.53553390593274 3.5355339059327378 37.5
      vertex -95.53553390593274 31.035533905932738 0
      vertex -95.80202982800016 3.2472402416509185 37.5
    endloop
  endfacet
  facet normal -0.5976540516283405 0.646538510533849 0.47412824105815593
    outer loop
      vertex -95.24724024165091 3.8020298280001548 37.5
      vertex -95.24724024165091 31.302029828000155 0
      vertex -95.53553390593274 3.5355339059327378 37.5
    endloop
  endfacet
  facet normal -0.5364878889153346 -0.6805316428101875 0.4990565380608042
    outer loop
      vertex -95.24724024165091 -3.8020298280001548 37.5
      vertex -95.24724024165091 -31.302029828000155 0
      vertex -94.93892626146237 -4.045084971874737 37.5
    endloop
  endfacet
  facet normal -0.4743462103935766 0.7099092719735753 0.5206001327806219
    outer loop
      vertex -94.61249282357974 4.263200821770462 37.5
      vertex -94.61249282357974 31.76320082177046 0
      vertex -94.93892626146237 4.045084971874737 37.5
    endloop
  endfacet
  facet normal -0.4115833868425139 0.7349350193974925 0.5389523475581611
    outer loop
      vertex -94.26995249869773 4.455032620941839 37.5
      vertex -94.26995249869773 31.95503262094184 0
      vertex -94.61249282357974 4.263200821770462 37.5
    endloop
  endfacet
  facet normal -0.34845769294507567 0.7558631672495494 0.554299655983003
    outer loop
      vertex -93.91341716182545 4.619397662556434 37.5
      vertex -93.91341716182545 32.11939766255644 0
      vertex -94.26995249869773 4.455032620941839 37.5
    endloop
  endfacet
  facet normal -0.2851474600704935 0.7729260116716542 0.5668124085592131
    outer loop
      vertex -93.54508497187474 4.755282581475767 37.5
      vertex -93.54508497187474 32.25528258147577 0
      vertex -93.91341716182545 4.619397662556434 37.5
    endloop
  endfacet
  facet normal -0.22176667539703931 0.7863253178105868 0.5766385663944303
    outer loop
      vertex -93.16722681927952 4.861849601988383 37.5
      vertex -93.16722681927952 32.36184960198838 0
      vertex -93.54508497187474 4.755282581475767 37.5
    endloop
  endfacet
  facet normal -0.1583793622598637 0.7962268226266871 0.5838996699262372
    outer loop
      vertex -92.78217232520116 4.938441702975689 37.5
      vertex -92.78217232520116 32.43844170297569 0
      vertex -93.16722681927952 4.861849601988383 37.5
    endloop
  endfacet
  facet normal -0.0950125380613974 0.8027568808289476 0.5886883792745616
    outer loop
      vertex -92.39229547863923 4.9845866686656395 37.5
      vertex -92.39229547863923 32.48458666866564 0
      vertex -92.78217232520116 4.938441702975689 37.5
    endloop
  endfacet
  facet normal -0.031667847534307556 0.8060005417680632 0.5910670639632464
    outer loop
      vertex -92 5 37.5
      vertex -92 32.5 0
      vertex -92.39229547863923 4.9845866686656395 37.5
    endloop
  endfacet
  facet normal 0.4743462103935766 0.7099092719735753 0.5206001327806219
    outer loop
      vertex 94.93892626146237 31.545084971874736 0
      vertex 94.61249282357974 31.76320082177046 0
      vertex 94.61249282357974 4.263200821770462 37.5
    endloop
  endfacet
  facet normal 0.2217666753970358 0.7863253178105875 0.5766385663944308
    outer loop
      vertex 93.54508497187474 32.25528258147577 0
      vertex 93.16722681927952 32.36184960198838 0
      vertex 93.16722681927952 4.861849601988383 37.5
    endloop
  endfacet
  facet normal 0 0 1
    outer loop
      vertex -96.86184960198838 -1.167226819279527 37.5
      vertex -94.5 2 37.5
      vertex -96.9384417029757 -0.7821723252011543 37.5
    endloop
  endfacet
  facet normal 0 0 1
    outer loop
      vertex -96.9384417029757 -0.7821723252011543 37.5
      vertex -94.5 2 37.5
      vertex -96.98458666866564 -0.3922954786392247 37.5
    endloop
  endfacet
  facet normal 0 0 1
    outer loop
      vertex -96.98458666866564 -0.3922954786392247 37.5
      vertex -94.5 2 37.5
      vertex -97 0 37.5
    endloop
  endfacet
  facet normal 0 0 1
    outer loop
      vertex -97 0 37.5
      vertex -94.5 2 37.5
      vertex -96.98458666866564 0.3922954786392247 37.5
    endloop
  endfacet
  facet normal 0 0 1
    outer loop
      vertex -96.98458666866564 0.3922954786392247 37.5
      vertex -94.5 2 37.5
      vertex -96.9384417029757 0.7821723252011543 37.5
    endloop
  endfacet
  facet normal 0 0 1
    outer loop
      vertex -96.9384417029757 0.7821723252011543 37.5
      vertex -94.5 2 37.5
      vertex -96.86184960198838 1.167226819279527 37.5
    endloop
  endfacet
  facet normal 0 0 1
    outer loop
      vertex -96.86184960198838 1.167226819279527 37.5
      vertex -94.5 2 37.5
      vertex -96.75528258147577 1.545084971874737 37.5
    endloop
  endfacet
  facet normal 0 0 1
    outer loop
      vertex -96.75528258147577 1.545084971874737 37.5
      vertex -94.5 2 37.5
      vertex -96.61939766255644 1.913417161825449 37.5
    endloop
  endfacet
  facet normal 0 0 1
    outer loop
      vertex -96.45503262094184 2.269952498697734 37.5
      vertex -96.61939766255644 1.913417161825449 37.5
      vertex -94.5 2 37.5
    endloop
  endfacet
  facet normal 0 0 1
    outer loop
      vertex -94.5 2 37.5
      vertex -94.35355339059328 2.353553390593274 37.5
      vertex -96.45503262094184 2.269952498697734 37.5
    endloop
  endfacet
  facet normal 0 0 1
    outer loop
      vertex -96.26320082177047 2.612492823579744 37.5
      vertex -96.45503262094184 2.269952498697734 37.5
      vertex -94.35355339059328 2.353553390593274 37.5
    endloop
  endfacet
  facet normal 0 0 1
    outer loop
      vertex -94 2.5 37.5
      vertex -96.26320082177047 2.612492823579744 37.5
      vertex -94.35355339059328 2.353553390593274 37.5
    endloop
  endfacet
  facet normal 0.15837936225986193 0.7962268226266874 0.5838996699262374
    outer loop
      vertex 93.16722681927952 32.36184960198838 0
      vertex 92.78217232520116 32.43844170297569 0
      vertex 92.78217232520116 4.938441702975689 37.5
    endloop
  endfacet
  facet normal 0 0 1
    outer loop
      vertex -94 2.5 37.5
      vertex 94 2.5 37.5
      vertex -96.26320082177047 2.612492823579744 37.5
    endloop
  endfacet
  facet normal 0 0 1
    outer loop
      vertex -96.26320082177047 2.612492823579744 37.5
      vertex 94 2.5 37.5
      vertex -96.04508497187474 2.938926261462366 37.5
    endloop
  endfacet
  facet normal 0 0 1
    outer loop
      vertex -96.04508497187474 2.938926261462366 37.5
      vertex 94 2.5 37.5
      vertex -95.80202982800016 3.2472402416509185 37.5
    endloop
  endfacet
  facet normal 0 0 1
    outer loop
      vertex -95.80202982800016 3.2472402416509185 37.5
      vertex 94 2.5 37.5
      vertex -95.53553390593274 3.5355339059327378 37.5
    endloop
  endfacet
  facet normal 0 0 1
    outer loop
      vertex -95.53553390593274 3.5355339059327378 37.5
      vertex 94 2.5 37.5
      vertex -95.24724024165091 3.8020298280001548 37.5
    endloop
  endfacet
  facet normal 0 0 1
    outer loop
      vertex -95.24724024165091 3.8020298280001548 37.5
      vertex 94 2.5 37.5
      vertex -94.93892626146237 4.045084971874737 37.5
    endloop
  endfacet
  facet normal 0 0 1
    outer loop
      vertex -94.93892626146237 4.045084971874737 37.5
      vertex 94 2.5 37.5
      vertex -94.61249282357974 4.263200821770462 37.5
    endloop
  endfacet
  facet normal 0 0 1
    outer loop
      vertex -94.61249282357974 4.263200821770462 37.5
      vertex 94 2.5 37.5
      vertex -94.26995249869773 4.455032620941839 37.5
    endloop
  endfacet
  facet normal 0 0 1
    outer loop
      vertex -94.26995249869773 4.455032620941839 37.5
      vertex 94 2.5 37.5
      vertex -93.91341716182545 4.619397662556434 37.5
    endloop
  endfacet
  facet normal 0 0 1
    outer loop
      vertex -93.91341716182545 4.619397662556434 37.5
      vertex 94 2.5 37.5
      vertex -93.54508497187474 4.755282581475767 37.5
    endloop
  endfacet
  facet normal 0 0 1
    outer loop
      vertex -93.54508497187474 4.755282581475767 37.5
      vertex 94 2.5 37.5
      vertex -93.16722681927952 4.861849601988383 37.5
    endloop
  endfacet
  facet normal 0 0 1
    outer loop
      vertex -93.16722681927952 4.861849601988383 37.5
      vertex 94 2.5 37.5
      vertex -92.78217232520116 4.938441702975689 37.5
    endloop
  endfacet
  facet normal 0 0 1
    outer loop
      vertex -92.78217232520116 4.938441702975689 37.5
      vertex 94 2.5 37.5
      vertex -92.39229547863923 4.9845866686656395 37.5
    endloop
  endfacet
  facet normal 0 0 1
    outer loop
      vertex -92.39229547863923 4.9845866686656395 37.5
      vertex 94 2.5 37.5
      vertex -92 5 37.5
    endloop
  endfacet
  facet normal 0 0 -1
    outer loop
      vertex 92 -32.5 0
      vertex -93.54508497187474 -32.25528258147577 0
      vertex 92.39229547863923 -32.48458666866564 0
    endloop
  endfacet
  facet normal 0 0 -1
    outer loop
      vertex 92.39229547863923 -32.48458666866564 0
      vertex -93.54508497187474 -32.25528258147577 0
      vertex 92.78217232520116 -32.43844170297569 0
    endloop
  endfacet
  facet normal 0 0 -1
    outer loop
      vertex 92.78217232520116 -32.43844170297569 0
      vertex -93.54508497187474 -32.25528258147577 0
      vertex 93.16722681927952 -32.36184960198838 0
    endloop
  endfacet
  facet normal 0 0 -1
    outer loop
      vertex 93.16722681927952 -32.36184960198838 0
      vertex -93.54508497187474 -32.25528258147577 0
      vertex 93.54508497187474 -32.25528258147577 0
    endloop
  endfacet
  facet normal 0 0 -1
    outer loop
      vertex 93.54508497187474 -32.25528258147577 0
      vertex -93.54508497187474 -32.25528258147577 0
      vertex 93.91341716182545 -32.11939766255644 0
    endloop
  endfacet
  facet normal 0 0 -1
    outer loop
      vertex 93.91341716182545 -32.11939766255644 0
      vertex -93.54508497187474 -32.25528258147577 0
      vertex 94.26995249869773 -31.95503262094184 0
    endloop
  endfacet
  facet normal 0 0 -1
    outer loop
      vertex 94.26995249869773 -31.95503262094184 0
      vertex -93.54508497187474 -32.25528258147577 0
      vertex 94.61249282357974 -31.76320082177046 0
    endloop
  endfacet
  facet normal 0 0 -1
    outer loop
      vertex 94.61249282357974 -31.76320082177046 0
      vertex -93.54508497187474 -32.25528258147577 0
      vertex 94.93892626146237 -31.545084971874736 0
    endloop
  endfacet
  facet normal 0 0 -1
    outer loop
      vertex 94.93892626146237 -31.545084971874736 0
      vertex -93.54508497187474 -32.25528258147577 0
      vertex 95.24724024165091 -31.302029828000155 0
    endloop
  endfacet
  facet normal 0 0 -1
    outer loop
      vertex 95.24724024165091 -31.302029828000155 0
      vertex -93.54508497187474 -32.25528258147577 0
      vertex 95.53553390593274 -31.035533905932738 0
    endloop
  endfacet
  facet normal 0 0 -1
    outer loop
      vertex 95.53553390593274 -31.035533905932738 0
      vertex -93.54508497187474 -32.25528258147577 0
      vertex 95.80202982800016 -30.747240241650918 0
    endloop
  endfacet
  facet normal 0 0 -1
    outer loop
      vertex 95.80202982800016 -30.747240241650918 0
      vertex -93.54508497187474 -32.25528258147577 0
      vertex 96.04508497187474 -30.438926261462367 0
    endloop
  endfacet
  facet normal 0 0 -1
    outer loop
      vertex 96.04508497187474 -30.438926261462367 0
      vertex -93.54508497187474 -32.25528258147577 0
      vertex 96.26320082177047 -30.112492823579743 0
    endloop
  endfacet
  facet normal 0 0 -1
    outer loop
      vertex 96.26320082177047 -30.112492823579743 0
      vertex -93.54508497187474 -32.25528258147577 0
      vertex 96.45503262094184 -29.769952498697734 0
    endloop
  endfacet
  facet normal 0 0 -1
    outer loop
      vertex 96.45503262094184 -29.769952498697734 0
      vertex -93.54508497187474 -32.25528258147577 0
      vertex 96.61939766255644 -29.41341716182545 0
    endloop
  endfacet
  facet normal 0 0 -1
    outer loop
      vertex 96.61939766255644 -29.41341716182545 0
      vertex -93.54508497187474 -32.25528258147577 0
      vertex 96.75528258147577 -29.045084971874736 0
    endloop
  endfacet
  facet normal 0 0 -1
    outer loop
      vertex 96.75528258147577 -29.045084971874736 0
      vertex -93.54508497187474 -32.25528258147577 0
      vertex 96.86184960198838 -28.667226819279527 0
    endloop
  endfacet
  facet normal 0 0 -1
    outer loop
      vertex 96.86184960198838 -28.667226819279527 0
      vertex -93.54508497187474 -32.25528258147577 0
      vertex 96.9384417029757 -28.282172325201156 0
    endloop
  endfacet
  facet normal 0 0 -1
    outer loop
      vertex 96.9384417029757 -28.282172325201156 0
      vertex -93.54508497187474 -32.25528258147577 0
      vertex 96.98458666866564 -27.892295478639223 0
    endloop
  endfacet
  facet normal 0 0 -1
    outer loop
      vertex 96.98458666866564 -27.892295478639223 0
      vertex -93.54508497187474 -32.25528258147577 0
      vertex 97 -27.5 0
    endloop
  endfacet
  facet normal 0 -0.8064049958557056 0.5913636636275174
    outer loop
      vertex 92 -5 37.5
      vertex -92 -32.5 0
      vertex 92 -32.5 0
    endloop
  endfacet
  facet normal 0.09501253806140647 0.802756880828947 0.5886883792745612
    outer loop
      vertex 92.78217232520116 32.43844170297569 0
      vertex 92.39229547863923 32.48458666866564 0
      vertex 92.39229547863923 4.9845866686656395 37.5
    endloop
  endfacet
  facet normal 0.03166784753430209 -0.8060005417680633 0.5910670639632466
    outer loop
      vertex 92 -32.5 0
      vertex 92.39229547863923 -32.48458666866564 0
      vertex 92.39229547863923 -4.9845866686656395 37.5
    endloop
  endfacet
  facet normal 0.09501253806140647 -0.802756880828947 0.5886883792745611
    outer loop
      vertex 92.39229547863923 -32.48458666866564 0
      vertex 92.78217232520116 -32.43844170297569 0
      vertex 92.78217232520116 -4.938441702975689 37.5
    endloop
  endfacet
  facet normal 0.15837936225986193 -0.7962268226266874 0.5838996699262374
    outer loop
      vertex 92.78217232520116 -32.43844170297569 0
      vertex 93.16722681927952 -32.36184960198838 0
      vertex 93.16722681927952 -4.861849601988383 37.5
    endloop
  endfacet
  facet normal 0.2217666753970358 -0.7863253178105875 0.5766385663944308
    outer loop
      vertex 93.16722681927952 -32.36184960198838 0
      vertex 93.54508497187474 -32.25528258147577 0
      vertex 93.54508497187474 -4.755282581475767 37.5
    endloop
  endfacet
  facet normal 0.2851474600704883 -0.7729260116716553 0.566812408559214
    outer loop
      vertex 93.54508497187474 -32.25528258147577 0
      vertex 93.91341716182545 -32.11939766255644 0
      vertex 93.91341716182545 -4.619397662556434 37.5
    endloop
  endfacet
  facet normal 0.3484576929450822 -0.7558631672495473 0.5542996559830013
    outer loop
      vertex 93.91341716182545 -32.11939766255644 0
      vertex 94.26995249869773 -31.95503262094184 0
      vertex 94.26995249869773 -4.455032620941839 37.5
    endloop
  endfacet
  facet normal 0.4115833868425155 -0.7349350193974918 0.5389523475581607
    outer loop
      vertex 94.26995249869773 -31.95503262094184 0
      vertex 94.61249282357974 -31.76320082177046 0
      vertex 94.61249282357974 -4.263200821770462 37.5
    endloop
  endfacet
  facet normal 0.4743462103935766 -0.7099092719735753 0.5206001327806219
    outer loop
      vertex 94.61249282357974 -31.76320082177046 0
      vertex 94.93892626146237 -31.545084971874736 0
      vertex 94.93892626146237 -4.045084971874737 37.5
    endloop
  endfacet
  facet normal 0.5364878889153332 -0.6805316428101882 0.4990565380608047
    outer loop
      vertex 94.93892626146237 -31.545084971874736 0
      vertex 95.24724024165091 -31.302029828000155 0
      vertex 95.24724024165091 -3.8020298280001548 37.5
    endloop
  endfacet
  facet normal 0.5976540516283405 -0.646538510533849 0.47412824105815593
    outer loop
      vertex 95.24724024165091 -31.302029828000155 0
      vertex 95.53553390593274 -31.035533905932738 0
      vertex 95.53553390593274 -3.5355339059327378 37.5
    endloop
  endfacet
  facet normal 0.6573788441143505 -0.6076747529165747 0.4456281521388214
    outer loop
      vertex 95.53553390593274 -31.035533905932738 0
      vertex 95.80202982800016 -30.747240241650918 0
      vertex 95.80202982800016 -3.2472402416509185 37.5
    endloop
  endfacet
  facet normal 0.71507246770041 -0.5637176796569145 0.41339296508173734
    outer loop
      vertex 95.80202982800016 -30.747240241650918 0
      vertex 96.04508497187474 -30.438926261462367 0
      vertex 96.04508497187474 -2.938926261462366 37.5
    endloop
  endfacet
  facet normal 0.770014759364696 -0.5145074130900561 0.3773054362660411
    outer loop
      vertex 96.04508497187474 -30.438926261462367 0
      vertex 96.26320082177047 -30.112492823579743 0
      vertex 96.26320082177047 -2.612492823579744 37.5
    endloop
  endfacet
  facet normal 0.8213587805067534 -0.45998301859521207 0.33732088030315555
    outer loop
      vertex 96.26320082177047 -30.112492823579743 0
      vertex 96.45503262094184 -29.769952498697734 0
      vertex 96.45503262094184 -2.269952498697734 37.5
    endloop
  endfacet
  facet normal 0.868148771640552 -0.40022206558863316 0.29349618143166434
    outer loop
      vertex 96.45503262094184 -29.769952498697734 0
      vertex 96.61939766255644 -29.41341716182545 0
      vertex 96.61939766255644 -1.913417161825449 37.5
    endloop
  endfacet
  facet normal 0.909356244536858 -0.3354792302410839 0.24601810217679485
    outer loop
      vertex 96.61939766255644 -29.41341716182545 0
      vertex 96.75528258147577 -29.045084971874736 0
      vertex 96.75528258147577 -1.545084971874737 37.5
    endloop
  endfacet
  facet normal 0.9439359182170775 -0.2662174619452891 0.19522613875987865
    outer loop
      vertex 96.75528258147577 -29.045084971874736 0
      vertex 96.86184960198838 -28.667226819279527 0
      vertex 96.86184960198838 -1.167226819279527 37.5
    endloop
  endfacet
  facet normal 0.9708994501445252 -0.1931239081158738 0.1416241992849741
    outer loop
      vertex 96.86184960198838 -28.667226819279527 0
      vertex 96.9384417029757 -28.282172325201156 0
      vertex 96.9384417029757 -0.7821723252011543 37.5
    endloop
  endfacet
  facet normal 0.9893999236311702 -0.11710319792571867 0.08587567847886036
    outer loop
      vertex 96.9384417029757 -28.282172325201156 0
      vertex 96.98458666866564 -27.892295478639223 0
      vertex 96.98458666866564 -0.3922954786392247 37.5
    endloop
  endfacet
  facet normal 0.998815165684526 -0.03924355474062268 0.028778606809789966
    outer loop
      vertex 96.98458666866564 -27.892295478639223 0
      vertex 97 -27.5 0
      vertex 97 0 37.5
    endloop
  endfacet
  facet normal 0.03166784753430209 0.8060005417680633 0.5910670639632465
    outer loop
      vertex 92.39229547863923 32.48458666866564 0
      vertex 92 32.5 0
      vertex 92 5 37.5
    endloop
  endfacet
  facet normal 0.5976540516283405 0.646538510533849 0.47412824105815593
    outer loop
      vertex 95.53553390593274 31.035533905932738 0
      vertex 95.24724024165091 31.302029828000155 0
      vertex 95.24724024165091 3.8020298280001548 37.5
    endloop
  endfacet
  facet normal 0 0 1
    outer loop
      vertex 94 -2.5 37.5
      vertex -94 -2.5 37.5
      vertex 92 -5 37.5
    endloop
  endfacet
  facet normal 0.031667847534307556 -0.8060005417680632 0.5910670639632464
    outer loop
      vertex 92 -5 37.5
      vertex 92 -32.5 0
      vertex 92.39229547863923 -4.9845866686656395 37.5
    endloop
  endfacet
  facet normal 0.0950125380613974 -0.8027568808289476 0.5886883792745616
    outer loop
      vertex 92.39229547863923 -4.9845866686656395 37.5
      vertex 92.39229547863923 -32.48458666866564 0
      vertex 92.78217232520116 -4.938441702975689 37.5
    endloop
  endfacet
  facet normal 0.1583793622598637 -0.7962268226266871 0.5838996699262372
    outer loop
      vertex 92.78217232520116 -4.938441702975689 37.5
      vertex 92.78217232520116 -32.43844170297569 0
      vertex 93.16722681927952 -4.861849601988383 37.5
    endloop
  endfacet
  facet normal 0.22176667539703931 -0.7863253178105868 0.5766385663944303
    outer loop
      vertex 93.16722681927952 -4.861849601988383 37.5
      vertex 93.16722681927952 -32.36184960198838 0
      vertex 93.54508497187474 -4.755282581475767 37.5
    endloop
  endfacet
  facet normal 0.2851474600704935 -0.7729260116716542 0.5668124085592131
    outer loop
      vertex 93.54508497187474 -4.755282581475767 37.5
      vertex 93.54508497187474 -32.25528258147577 0
      vertex 93.91341716182545 -4.619397662556434 37.5
    endloop
  endfacet
  facet normal 0.34845769294507567 -0.7558631672495494 0.554299655983003
    outer loop
      vertex 93.91341716182545 -4.619397662556434 37.5
      vertex 93.91341716182545 -32.11939766255644 0
      vertex 94.26995249869773 -4.455032620941839 37.5
    endloop
  endfacet
  facet normal 0.4115833868425139 -0.7349350193974925 0.5389523475581611
    outer loop
      vertex 94.26995249869773 -4.455032620941839 37.5
      vertex 94.26995249869773 -31.95503262094184 0
      vertex 94.61249282357974 -4.263200821770462 37.5
    endloop
  endfacet
  facet normal 0.4743462103935766 -0.7099092719735753 0.5206001327806219
    outer loop
      vertex 94.61249282357974 -4.263200821770462 37.5
      vertex 94.61249282357974 -31.76320082177046 0
      vertex 94.93892626146237 -4.045084971874737 37.5
    endloop
  endfacet
  facet normal 0.5364878889153346 -0.6805316428101875 0.4990565380608042
    outer loop
      vertex 94.93892626146237 -4.045084971874737 37.5
      vertex 94.93892626146237 -31.545084971874736 0
      vertex 95.24724024165091 -3.8020298280001548 37.5
    endloop
  endfacet
  facet normal 0.5976540516283405 -0.646538510533849 0.47412824105815593
    outer loop
      vertex 95.24724024165091 -3.8020298280001548 37.5
      vertex 95.24724024165091 -31.302029828000155 0
      vertex 95.53553390593274 -3.5355339059327378 37.5
    endloop
  endfacet
  facet normal 0.6573788441143493 -0.6076747529165755 0.445628152138822
    outer loop
      vertex 95.53553390593274 -3.5355339059327378 37.5
      vertex 95.53553390593274 -31.035533905932738 0
      vertex 95.80202982800016 -3.2472402416509185 37.5
    endloop
  endfacet
  facet normal 0.715072467700412 -0.5637176796569129 0.41339296508173606
    outer loop
      vertex 95.80202982800016 -3.2472402416509185 37.5
      vertex 95.80202982800016 -30.747240241650918 0
      vertex 96.04508497187474 -2.938926261462366 37.5
    endloop
  endfacet
  facet normal 0.7700147593646939 -0.5145074130900582 0.3773054362660427
    outer loop
      vertex 96.04508497187474 -2.938926261462366 37.5
      vertex 96.04508497187474 -30.438926261462367 0
      vertex 96.26320082177047 -2.612492823579744 37.5
    endloop
  endfacet
  facet normal 0.821358780506754 -0.45998301859521123 0.33732088030315494
    outer loop
      vertex 96.26320082177047 -2.612492823579744 37.5
      vertex 96.26320082177047 -30.112492823579743 0
      vertex 96.45503262094184 -2.269952498697734 37.5
    endloop
  endfacet
  facet normal 0.8681487716405528 -0.40022206558863205 0.2934961814316635
    outer loop
      vertex 96.45503262094184 -2.269952498697734 37.5
      vertex 96.45503262094184 -29.769952498697734 0
      vertex 96.61939766255644 -1.913417161825449 37.5
    endloop
  endfacet
  facet normal 0.9093562445368574 -0.33547923024108506 0.2460181021767957
    outer loop
      vertex 96.61939766255644 -1.913417161825449 37.5
      vertex 96.61939766255644 -29.41341716182545 0
      vertex 96.75528258147577 -1.545084971874737 37.5
    endloop
  endfacet
  facet normal 0.9439359182170778 -0.26621746194528856 0.19522613875987826
    outer loop
      vertex 96.75528258147577 -1.545084971874737 37.5
      vertex 96.75528258147577 -29.045084971874736 0
      vertex 96.86184960198838 -1.167226819279527 37.5
    endloop
  endfacet
  facet normal 0.9708994501445254 -0.19312390811587318 0.14162419928497366
    outer loop
      vertex 96.86184960198838 -1.167226819279527 37.5
      vertex 96.86184960198838 -28.667226819279527 0
      vertex 96.9384417029757 -0.7821723252011543 37.5
    endloop
  endfacet
  facet normal 0.98939992363117 -0.11710319792571956 0.08587567847886102
    outer loop
      vertex 96.9384417029757 -0.7821723252011543 37.5
      vertex 96.9384417029757 -28.282172325201156 0
      vertex 96.98458666866564 -0.3922954786392247 37.5
    endloop
  endfacet
  facet normal 0.998815165684526 -0.03924355474062253 0.028778606809789855
    outer loop
      vertex 96.98458666866564 -0.3922954786392247 37.5
      vertex 96.98458666866564 -27.892295478639223 0
      vertex 97 0 37.5
    endloop
  endfacet
  facet normal 0.6573788441143505 0.6076747529165747 0.4456281521388214
    outer loop
      vertex 95.80202982800016 30.747240241650918 0
      vertex 95.53553390593274 31.035533905932738 0
      vertex 95.53553390593274 3.5355339059327378 37.5
    endloop
  endfacet
  facet normal 0.71507246770041 0.5637176796569145 0.41339296508173734
    outer loop
      vertex 96.04508497187474 30.438926261462367 0
      vertex 95.80202982800016 30.747240241650918 0
      vertex 95.80202982800016 3.2472402416509185 37.5
    endloop
  endfacet
  facet normal 0.5364878889153332 0.6805316428101882 0.4990565380608047
    outer loop
      vertex 95.24724024165091 31.302029828000155 0
      vertex 94.93892626146237 31.545084971874736 0
      vertex 94.93892626146237 4.045084971874737 37.5
    endloop
  endfacet
  facet normal 0.8213587805067534 0.45998301859521207 0.33732088030315555
    outer loop
      vertex 96.45503262094184 29.769952498697734 0
      vertex 96.26320082177047 30.112492823579743 0
      vertex 96.26320082177047 2.612492823579744 37.5
    endloop
  endfacet
  facet normal 0.770014759364696 0.5145074130900561 0.3773054362660411
    outer loop
      vertex 96.26320082177047 30.112492823579743 0
      vertex 96.04508497187474 30.438926261462367 0
      vertex 96.04508497187474 2.938926261462366 37.5
    endloop
  endfacet
  facet normal 0 0 1
    outer loop
      vertex 94 -2.5 37.5
      vertex 92 -5 37.5
      vertex 94.35355339059328 -2.353553390593274 37.5
    endloop
  endfacet
  facet normal 0 0 1
    outer loop
      vertex 97 0 37.5
      vertex 92 -5 37.5
      vertex 92.39229547863923 -4.9845866686656395 37.5
    endloop
  endfacet
  facet normal 0 0 1
    outer loop
      vertex 97 0 37.5
      vertex 92.39229547863923 -4.9845866686656395 37.5
      vertex 92.78217232520116 -4.938441702975689 37.5
    endloop
  endfacet
  facet normal 0 0 1
    outer loop
      vertex 97 0 37.5
      vertex 92.78217232520116 -4.938441702975689 37.5
      vertex 93.16722681927952 -4.861849601988383 37.5
    endloop
  endfacet
  facet normal 0 0 1
    outer loop
      vertex 97 0 37.5
      vertex 93.16722681927952 -4.861849601988383 37.5
      vertex 93.54508497187474 -4.755282581475767 37.5
    endloop
  endfacet
  facet normal 0 0 1
    outer loop
      vertex 97 0 37.5
      vertex 93.54508497187474 -4.755282581475767 37.5
      vertex 93.91341716182545 -4.619397662556434 37.5
    endloop
  endfacet
  facet normal 0 0 1
    outer loop
      vertex 97 0 37.5
      vertex 93.91341716182545 -4.619397662556434 37.5
      vertex 94.26995249869773 -4.455032620941839 37.5
    endloop
  endfacet
  facet normal 0 0 1
    outer loop
      vertex 92 -5 37.5
      vertex 97 0 37.5
      vertex 94.35355339059328 -2.353553390593274 37.5
    endloop
  endfacet
  facet normal 0 0 1
    outer loop
      vertex 97 0 37.5
      vertex 94.26995249869773 -4.455032620941839 37.5
      vertex 94.61249282357974 -4.263200821770462 37.5
    endloop
  endfacet
  facet normal 0 0 1
    outer loop
      vertex 97 0 37.5
      vertex 94.61249282357974 -4.263200821770462 37.5
      vertex 94.93892626146237 -4.045084971874737 37.5
    endloop
  endfacet
  facet normal 0 0 1
    outer loop
      vertex 97 0 37.5
      vertex 94.93892626146237 -4.045084971874737 37.5
      vertex 95.24724024165091 -3.8020298280001548 37.5
    endloop
  endfacet
  facet normal 0 0 1
    outer loop
      vertex 97 0 37.5
      vertex 95.24724024165091 -3.8020298280001548 37.5
      vertex 95.53553390593274 -3.5355339059327378 37.5
    endloop
  endfacet
  facet normal 0 0 1
    outer loop
      vertex 97 0 37.5
      vertex 95.53553390593274 -3.5355339059327378 37.5
      vertex 95.80202982800016 -3.2472402416509185 37.5
    endloop
  endfacet
  facet normal 0 0 1
    outer loop
      vertex 97 0 37.5
      vertex 95.80202982800016 -3.2472402416509185 37.5
      vertex 96.04508497187474 -2.938926261462366 37.5
    endloop
  endfacet
  facet normal 0 0 1
    outer loop
      vertex 97 0 37.5
      vertex 96.04508497187474 -2.938926261462366 37.5
      vertex 96.26320082177047 -2.612492823579744 37.5
    endloop
  endfacet
  facet normal 0 0 1
    outer loop
      vertex 97 0 37.5
      vertex 96.26320082177047 -2.612492823579744 37.5
      vertex 96.45503262094184 -2.269952498697734 37.5
    endloop
  endfacet
  facet normal 0 0 1
    outer loop
      vertex 97 0 37.5
      vertex 94.5 -2 37.5
      vertex 94.35355339059328 -2.353553390593274 37.5
    endloop
  endfacet
  facet normal 0 0 1
    outer loop
      vertex 97 0 37.5
      vertex 96.45503262094184 -2.269952498697734 37.5
      vertex 96.61939766255644 -1.913417161825449 37.5
    endloop
  endfacet
  facet normal 0 0 1
    outer loop
      vertex 97 0 37.5
      vertex 96.61939766255644 -1.913417161825449 37.5
      vertex 96.75528258147577 -1.545084971874737 37.5
    endloop
  endfacet
  facet normal 0 0 1
    outer loop
      vertex 97 0 37.5
      vertex 96.75528258147577 -1.545084971874737 37.5
      vertex 96.86184960198838 -1.167226819279527 37.5
    endloop
  endfacet
  facet normal 0 0 1
    outer loop
      vertex 97 0 37.5
      vertex 96.86184960198838 -1.167226819279527 37.5
      vertex 96.9384417029757 -0.7821723252011543 37.5
    endloop
  endfacet
  facet normal 0 0 1
    outer loop
      vertex 97 0 37.5
      vertex 96.9384417029757 -0.7821723252011543 37.5
      vertex 96.98458666866564 -0.3922954786392247 37.5
    endloop
  endfacet
  facet normal 0 0 -1
    outer loop
      vertex 97 -27.5 0
      vertex -92 32.5 0
      vertex 92 32.5 0
    endloop
  endfacet
  facet normal 0.868148771640552 0.40022206558863316 0.29349618143166434
    outer loop
      vertex 96.61939766255644 29.41341716182545 0
      vertex 96.45503262094184 29.769952498697734 0
      vertex 96.45503262094184 2.269952498697734 37.5
    endloop
  endfacet
  facet normal 0 0 -1
    outer loop
      vertex 97 -27.5 0
      vertex 96.98458666866564 27.892295478639223 0
      vertex 97 27.5 0
    endloop
  endfacet
  facet normal 0 0 -1
    outer loop
      vertex 96.98458666866564 27.892295478639223 0
      vertex 97 -27.5 0
      vertex 96.9384417029757 28.282172325201156 0
    endloop
  endfacet
  facet normal 0 0 -1
    outer loop
      vertex 96.9384417029757 28.282172325201156 0
      vertex 97 -27.5 0
      vertex 96.86184960198838 28.667226819279527 0
    endloop
  endfacet
  facet normal 0 0 -1
    outer loop
      vertex 96.86184960198838 28.667226819279527 0
      vertex 97 -27.5 0
      vertex 96.75528258147577 29.045084971874736 0
    endloop
  endfacet
  facet normal 0 0 -1
    outer loop
      vertex 96.75528258147577 29.045084971874736 0
      vertex 97 -27.5 0
      vertex 96.61939766255644 29.41341716182545 0
    endloop
  endfacet
  facet normal 0 0 -1
    outer loop
      vertex 96.61939766255644 29.41341716182545 0
      vertex 97 -27.5 0
      vertex 96.45503262094184 29.769952498697734 0
    endloop
  endfacet
  facet normal 0 0 -1
    outer loop
      vertex 96.45503262094184 29.769952498697734 0
      vertex 97 -27.5 0
      vertex 96.26320082177047 30.112492823579743 0
    endloop
  endfacet
  facet normal 0 0 -1
    outer loop
      vertex 96.26320082177047 30.112492823579743 0
      vertex 97 -27.5 0
      vertex 96.04508497187474 30.438926261462367 0
    endloop
  endfacet
  facet normal 0 0 -1
    outer loop
      vertex 97 -27.5 0
      vertex 95.53553390593274 31.035533905932738 0
      vertex 95.80202982800016 30.747240241650918 0
    endloop
  endfacet
  facet normal 0 0 -1
    outer loop
      vertex 95.53553390593274 31.035533905932738 0
      vertex 97 -27.5 0
      vertex 95.24724024165091 31.302029828000155 0
    endloop
  endfacet
  facet normal 0 0 -1
    outer loop
      vertex 96.04508497187474 30.438926261462367 0
      vertex 97 -27.5 0
      vertex 95.80202982800016 30.747240241650918 0
    endloop
  endfacet
  facet normal 0 0 -1
    outer loop
      vertex 95.24724024165091 31.302029828000155 0
      vertex 97 -27.5 0
      vertex 94.93892626146237 31.545084971874736 0
    endloop
  endfacet
  facet normal 0 0 -1
    outer loop
      vertex 94.93892626146237 31.545084971874736 0
      vertex 97 -27.5 0
      vertex 94.61249282357974 31.76320082177046 0
    endloop
  endfacet
  facet normal 0 0 -1
    outer loop
      vertex 97 -27.5 0
      vertex 94.26995249869773 31.95503262094184 0
      vertex 94.61249282357974 31.76320082177046 0
    endloop
  endfacet
  facet normal 0 0 -1
    outer loop
      vertex 97 -27.5 0
      vertex 92.78217232520116 32.43844170297569 0
      vertex 93.16722681927952 32.36184960198838 0
    endloop
  endfacet
  facet normal 0 0 -1
    outer loop
      vertex 97 -27.5 0
      vertex 92 32.5 0
      vertex 92.39229547863923 32.48458666866564 0
    endloop
  endfacet
  facet normal 0 0 -1
    outer loop
      vertex 92.78217232520116 32.43844170297569 0
      vertex 97 -27.5 0
      vertex 92.39229547863923 32.48458666866564 0
    endloop
  endfacet
  facet normal 0 0 -1
    outer loop
      vertex 97 -27.5 0
      vertex 93.16722681927952 32.36184960198838 0
      vertex 93.54508497187474 32.25528258147577 0
    endloop
  endfacet
  facet normal 0 0 -1
    outer loop
      vertex 97 -27.5 0
      vertex 93.54508497187474 32.25528258147577 0
      vertex 93.91341716182545 32.11939766255644 0
    endloop
  endfacet
  facet normal 0 0 -1
    outer loop
      vertex 94.26995249869773 31.95503262094184 0
      vertex 97 -27.5 0
      vertex 93.91341716182545 32.11939766255644 0
    endloop
  endfacet
  facet normal 0.909356244536858 0.3354792302410839 0.24601810217679485
    outer loop
      vertex 96.75528258147577 29.045084971874736 0
      vertex 96.61939766255644 29.41341716182545 0
      vertex 96.61939766255644 1.913417161825449 37.5
    endloop
  endfacet
  facet normal 0.9439359182170775 0.2662174619452891 0.19522613875987865
    outer loop
      vertex 96.86184960198838 28.667226819279527 0
      vertex 96.75528258147577 29.045084971874736 0
      vertex 96.75528258147577 1.545084971874737 37.5
    endloop
  endfacet
  facet normal 1 0 0
    outer loop
      vertex 97 0 37.5
      vertex 97 -27.5 0
      vertex 97 27.5 0
    endloop
  endfacet
  facet normal 0.9988151656845261 0.039243554740622445 0.028778606809789792
    outer loop
      vertex 97 0 37.5
      vertex 97 27.5 0
      vertex 96.98458666866564 27.892295478639223 0
    endloop
  endfacet
  facet normal 0.9893999236311702 0.11710319792571867 0.08587567847886036
    outer loop
      vertex 96.98458666866564 27.892295478639223 0
      vertex 96.9384417029757 28.282172325201156 0
      vertex 96.9384417029757 0.7821723252011543 37.5
    endloop
  endfacet
  facet normal -0.5364878889153346 0.6805316428101875 0.4990565380608042
    outer loop
      vertex -94.93892626146237 4.045084971874737 37.5
      vertex -94.93892626146237 31.545084971874736 0
      vertex -95.24724024165091 3.8020298280001548 37.5
    endloop
  endfacet
  facet normal 0.38268343236508673 0.9238795325112881 0
    outer loop
      vertex -94.35355339059328 -2.353553390593274 37.5
      vertex -94 -2.5 12.499999999999996
      vertex -94.35355339059328 -2.353553390593274 12.499999999999996
    endloop
  endfacet
  facet normal 0 0 1
    outer loop
      vertex -93.1 0.6 12.499999999999996
      vertex -94.5 -2 12.499999999999996
      vertex -93.1 -0.6 12.499999999999996
    endloop
  endfacet
  facet normal 0 0 1
    outer loop
      vertex -94 2.5 12.499999999999996
      vertex 94.35355339059328 -2.353553390593274 12.499999999999996
      vertex 94 2.5 12.499999999999996
    endloop
  endfacet
  facet normal -0.9238795325112894 0.38268343236508323 0
    outer loop
      vertex 94.5 -2 12.499999999999996
      vertex 94.35355339059328 -2.353553390593274 37.5
      vertex 94.5 -2 37.5
    endloop
  endfacet
  facet normal -0.38268343236508673 0.9238795325112881 0
    outer loop
      vertex 94.35355339059328 -2.353553390593274 37.5
      vertex 94.35355339059328 -2.353553390593274 12.499999999999996
      vertex 94 -2.5 37.5
    endloop
  endfacet
  facet normal -1 0 0
    outer loop
      vertex 94.5 -2 12.499999999999996
      vertex 94.5 -2 37.5
      vertex 94.5 2 12.499999999999996
    endloop
  endfacet
  facet normal -0.9238795325112894 0.38268343236508323 0
    outer loop
      vertex 94.35355339059328 -2.353553390593274 37.5
      vertex 94.5 -2 12.499999999999996
      vertex 94.35355339059328 -2.353553390593274 12.499999999999996
    endloop
  endfacet
  facet normal -0.38268343236508673 0.9238795325112881 0
    outer loop
      vertex 94 -2.5 12.499999999999996
      vertex 94 -2.5 37.5
      vertex 94.35355339059328 -2.353553390593274 12.499999999999996
    endloop
  endfacet
  facet normal 0 1 0
    outer loop
      vertex 94 -2.5 37.5
      vertex 94 -2.5 12.499999999999996
      vertex -94 -2.5 37.5
    endloop
  endfacet
  facet normal 0 0 1
    outer loop
      vertex 94.5 2 12.499999999999996
      vertex 94.35355339059328 -2.353553390593274 12.499999999999996
      vertex 94.5 -2 12.499999999999996
    endloop
  endfacet
  facet normal 0 0 1
    outer loop
      vertex 94.35355339059328 -2.353553390593274 12.499999999999996
      vertex -94 -2.5 12.499999999999996
      vertex 94 -2.5 12.499999999999996
    endloop
  endfacet
  facet normal 0 -1 0
    outer loop
      vertex 94 2.5 37.5
      vertex -94 2.5 37.5
      vertex -94 2.5 12.499999999999996
    endloop
  endfacet
  facet normal 0.38268343236508673 -0.9238795325112881 0
    outer loop
      vertex -94.35355339059328 2.353553390593274 37.5
      vertex -94.35355339059328 2.353553390593274 12.499999999999996
      vertex -94 2.5 37.5
    endloop
  endfacet
  facet normal 0.9238795325112894 -0.38268343236508323 0
    outer loop
      vertex -94.5 2 12.499999999999996
      vertex -94.35355339059328 2.353553390593274 37.5
      vertex -94.5 2 37.5
    endloop
  endfacet
  facet normal 0.38268343236508673 -0.9238795325112881 0
    outer loop
      vertex -94 2.5 12.499999999999996
      vertex -94 2.5 37.5
      vertex -94.35355339059328 2.353553390593274 12.499999999999996
    endloop
  endfacet
  facet normal 0.9238795325112894 -0.38268343236508323 0
    outer loop
      vertex -94.35355339059328 2.353553390593274 37.5
      vertex -94.5 2 12.499999999999996
      vertex -94.35355339059328 2.353553390593274 12.499999999999996
    endloop
  endfacet
  facet normal 1 0 0
    outer loop
      vertex -94.5 2 37.5
      vertex -94.5 -2 12.499999999999996
      vertex -94.5 2 12.499999999999996
    endloop
  endfacet
  facet normal 0 -1 0
    outer loop
      vertex 94 2.5 37.5
      vertex -94 2.5 12.499999999999996
      vertex 94 2.5 12.499999999999996
    endloop
  endfacet
  facet normal 0 0 1
    outer loop
      vertex -88.39999999999999 0.6 12.499999999999996
      vertex 94.35355339059328 -2.353553390593274 12.499999999999996
      vertex -94.5 2 12.499999999999996
    endloop
  endfacet
  facet normal 0 0 1
    outer loop
      vertex -94.35355339059328 2.353553390593274 12.499999999999996
      vertex 94.35355339059328 -2.353553390593274 12.499999999999996
      vertex -94 2.5 12.499999999999996
    endloop
  endfacet
  facet normal -0.38268343236508673 -0.9238795325112881 0
    outer loop
      vertex 94.35355339059328 2.353553390593274 37.5
      vertex 94 2.5 12.499999999999996
      vertex 94.35355339059328 2.353553390593274 12.499999999999996
    endloop
  endfacet
  facet normal -0.9238795325112894 -0.38268343236508323 0
    outer loop
      vertex 94.5 2 12.499999999999996
      vertex 94.5 2 37.5
      vertex 94.35355339059328 2.353553390593274 12.499999999999996
    endloop
  endfacet
  facet normal 0 0 1
    outer loop
      vertex -94.5 2 12.499999999999996
      vertex 94.35355339059328 -2.353553390593274 12.499999999999996
      vertex -94.35355339059328 2.353553390593274 12.499999999999996
    endloop
  endfacet
  facet normal 0 0 1
    outer loop
      vertex -93.1 0.6 12.499999999999996
      vertex -88.39999999999999 0.6 12.499999999999996
      vertex -94.5 2 12.499999999999996
    endloop
  endfacet
  facet normal 0 0 1
    outer loop
      vertex -94.5 -2 12.499999999999996
      vertex -93.1 0.6 12.499999999999996
      vertex -94.5 2 12.499999999999996
    endloop
  endfacet
  facet normal 0 0 1
    outer loop
      vertex 94.35355339059328 -2.353553390593274 12.499999999999996
      vertex 94.5 2 12.499999999999996
      vertex 94.35355339059328 2.353553390593274 12.499999999999996
    endloop
  endfacet
  facet normal 0 0 1
    outer loop
      vertex -88.39999999999999 -0.6 12.499999999999996
      vertex 94.35355339059328 -2.353553390593274 12.499999999999996
      vertex -88.39999999999999 0.6 12.499999999999996
    endloop
  endfacet
  facet normal 0 0 1
    outer loop
      vertex -93.1 -0.6 12.499999999999996
      vertex 94.35355339059328 -2.353553390593274 12.499999999999996
      vertex -88.39999999999999 -0.6 12.499999999999996
    endloop
  endfacet
  facet normal 0 0 1
    outer loop
      vertex -94.5 -2 12.499999999999996
      vertex 94.35355339059328 -2.353553390593274 12.499999999999996
      vertex -93.1 -0.6 12.499999999999996
    endloop
  endfacet
  facet normal -0.9238795325112894 -0.38268343236508323 0
    outer loop
      vertex 94.35355339059328 2.353553390593274 37.5
      vertex 94.35355339059328 2.353553390593274 12.499999999999996
      vertex 94.5 2 37.5
    endloop
  endfacet
  facet normal -0.38268343236508673 -0.9238795325112881 0
    outer loop
      vertex 94 2.5 12.499999999999996
      vertex 94.35355339059328 2.353553390593274 37.5
      vertex 94 2.5 37.5
    endloop
  endfacet
  facet normal -1 0 0
    outer loop
      vertex 94.5 2 37.5
      vertex 94.5 2 12.499999999999996
      vertex 94.5 -2 37.5
    endloop
  endfacet
  facet normal 0 0 1
    outer loop
      vertex -94.35355339059328 -2.353553390593274 12.499999999999996
      vertex 94.35355339059328 -2.353553390593274 12.499999999999996
      vertex -94.5 -2 12.499999999999996
    endloop
  endfacet
  facet normal 0.9238795325112894 0.38268343236508323 0
    outer loop
      vertex -94.5 -2 12.499999999999996
      vertex -94.5 -2 37.5
      vertex -94.35355339059328 -2.353553390593274 12.499999999999996
    endloop
  endfacet
  facet normal 0 0 1
    outer loop
      vertex 94.35355339059328 -2.353553390593274 12.499999999999996
      vertex 94.35355339059328 2.353553390593274 12.499999999999996
      vertex 94 2.5 12.499999999999996
    endloop
  endfacet
  facet normal 0.9238795325112894 0.38268343236508323 0
    outer loop
      vertex -94.35355339059328 -2.353553390593274 37.5
      vertex -94.35355339059328 -2.353553390593274 12.499999999999996
      vertex -94.5 -2 37.5
    endloop
  endfacet
  facet normal 0.38268343236508673 0.9238795325112881 0
    outer loop
      vertex -94 -2.5 12.499999999999996
      vertex -94.35355339059328 -2.353553390593274 37.5
      vertex -94 -2.5 37.5
    endloop
  endfacet
  facet normal 1 0 0
    outer loop
      vertex -94.5 2 37.5
      vertex -94.5 -2 37.5
      vertex -94.5 -2 12.499999999999996
    endloop
  endfacet
  facet normal 0 1 0
    outer loop
      vertex -94 -2.5 12.499999999999996
      vertex -94 -2.5 37.5
      vertex 94 -2.5 12.499999999999996
    endloop
  endfacet
  facet normal 0 0 1
    outer loop
      vertex 94.35355339059328 -2.353553390593274 12.499999999999996
      vertex -94.35355339059328 -2.353553390593274 12.499999999999996
      vertex -94 -2.5 12.499999999999996
    endloop
  endfacet
  facet normal 0 0 1
    outer loop
      vertex -127.5 5.75 3
      vertex -117.69999999999999 -5.75 3
      vertex -117.69999999999999 5.75 3
    endloop
  endfacet
  facet normal 0 0 1
    outer loop
      vertex -127.5 -5.75 3
      vertex -117.69999999999999 -5.75 3
      vertex -127.5 5.75 3
    endloop
  endfacet
  facet normal 1 0 0
    outer loop
      vertex -117.69999999999999 -5.75 3
      vertex -117.69999999999999 -5.75 0.75
      vertex -117.69999999999999 5.75 0.75
    endloop
  endfacet
  facet normal 1 0 0
    outer loop
      vertex -117.69999999999999 -5.75 3
      vertex -117.69999999999999 -8 0.75
      vertex -117.69999999999999 -5.75 0.75
    endloop
  endfacet
  facet normal 0 -0.7071067811865476 0.7071067811865476
    outer loop
      vertex -117.69999999999999 -5.75 3
      vertex -127.5 -5.75 3
      vertex -117.69999999999999 -8 0.75
    endloop
  endfacet
  facet normal 0 -0.7071067811865476 0.7071067811865476
    outer loop
      vertex -127.5 -8 0.75
      vertex -117.69999999999999 -8 0.75
      vertex -127.5 -5.75 3
    endloop
  endfacet
  facet normal 0 0 -1
    outer loop
      vertex -127.5 -8 0.75
      vertex -117.69999999999999 -5.75 0.75
      vertex -117.69999999999999 -8 0.75
    endloop
  endfacet
  facet normal 0 0 -1
    outer loop
      vertex -127.5 -5.75 0.75
      vertex -117.69999999999999 -5.75 0.75
      vertex -127.5 -8 0.75
    endloop
  endfacet
  facet normal 0 0.7071067811865476 0.7071067811865476
    outer loop
      vertex -117.69999999999999 8 0.75
      vertex -127.5 8 0.75
      vertex -117.69999999999999 5.75 3
    endloop
  endfacet
  facet normal 0 0.7071067811865476 0.7071067811865476
    outer loop
      vertex -127.5 5.75 3
      vertex -117.69999999999999 5.75 3
      vertex -127.5 8 0.75
    endloop
  endfacet
  facet normal 1 0 0
    outer loop
      vertex -117.69999999999999 -5.75 3
      vertex -117.69999999999999 5.75 0.75
      vertex -117.69999999999999 8 0.75
    endloop
  endfacet
  facet normal 0 0 -1
    outer loop
      vertex -127.5 5.75 0.75
      vertex -117.69999999999999 8 0.75
      vertex -117.69999999999999 5.75 0.75
    endloop
  endfacet
  facet normal 0 0 -1
    outer loop
      vertex -127.5 8 0.75
      vertex -117.69999999999999 8 0.75
      vertex -127.5 5.75 0.75
    endloop
  endfacet
  facet normal 1 0 0
    outer loop
      vertex -117.69999999999999 5.75 3
      vertex -117.69999999999999 -5.75 3
      vertex -117.69999999999999 8 0.75
    endloop
  endfacet
  facet normal 0 -1 0
    outer loop
      vertex -127.5 -5.75 0
      vertex -117.69999999999999 -5.75 0
      vertex -117.69999999999999 -5.75 0.75
    endloop
  endfacet
  facet normal 0 1 0
    outer loop
      vertex -117.69999999999999 5.75 0
      vertex -127.5 5.75 0
      vertex -127.5 5.75 0.75
    endloop
  endfacet
  facet normal 0 1 0
    outer loop
      vertex -117.69999999999999 5.75 0.75
      vertex -117.69999999999999 5.75 0
      vertex -127.5 5.75 0.75
    endloop
  endfacet
  facet normal 1 0 0
    outer loop
      vertex -117.69999999999999 5.75 0.75
      vertex -117.69999999999999 -5.75 0
      vertex -117.69999999999999 5.75 0
    endloop
  endfacet
  facet normal 1 0 0
    outer loop
      vertex -117.69999999999999 -5.75 0
      vertex -117.69999999999999 5.75 0.75
      vertex -117.69999999999999 -5.75 0.75
    endloop
  endfacet
  facet normal 0 -1 0
    outer loop
      vertex -117.69999999999999 -5.75 0.75
      vertex -127.5 -5.75 0.75
      vertex -127.5 -5.75 0
    endloop
  endfacet
  facet normal -1 0 0
    outer loop
      vertex -127.5 5.75 3
      vertex -127.5 8 0.75
      vertex -127.5 5.75 0.75
    endloop
  endfacet
  facet normal -1 0 0
    outer loop
      vertex -127.5 5.75 3
      vertex -127.5 5.75 0.75
      vertex -127.5 -5.75 0
    endloop
  endfacet
  facet normal 0 0 -1
    outer loop
      vertex -117.69999999999999 5.75 0
      vertex -127.5 -5.75 0
      vertex -127.5 5.75 0
    endloop
  endfacet
  facet normal -1 0 0
    outer loop
      vertex -127.5 5.75 0.75
      vertex -127.5 5.75 0
      vertex -127.5 -5.75 0
    endloop
  endfacet
  facet normal -1 0 0
    outer loop
      vertex -127.5 -5.75 0.75
      vertex -127.5 -5.75 3
      vertex -127.5 5.75 3
    endloop
  endfacet
  facet normal 0 0 -1
    outer loop
      vertex -117.69999999999999 -5.75 0
      vertex -127.5 -5.75 0
      vertex -117.69999999999999 5.75 0
    endloop
  endfacet
  facet normal -1 0 0
    outer loop
      vertex -127.5 -5.75 0.75
      vertex -127.5 -8 0.75
      vertex -127.5 -5.75 3
    endloop
  endfacet
  facet normal -1 0 0
    outer loop
      vertex -127.5 5.75 3
      vertex -127.5 -5.75 0
      vertex -127.5 -5.75 0.75
    endloop
  endfacet
endsolid OpenSCAD_Model
