solid OpenSCAD_Model
  facet normal 0.74455022634177 -0.12650417157263277 0.6554705600018516
    outer loop
      vertex 133.12643705104952 7.150980127225051 -1.5
      vertex 131.8636470018071 7.49085210522151 0
      vertex 133.09894899313124 6.98919700584397 -1.5
    endloop
  endfacet
  facet normal 0.7540326240896006 -0.042345563869314505 0.6554705600018517
    outer loop
      vertex 133.09894899313124 6.98919700584397 -1.5
      vertex 131.8032177252319 7.13519085711869 0
      vertex 133.08691994730245 6.775 -1.5
    endloop
  endfacet
  facet normal 0.7445502263417973 -0.1265041715724867 0.6554705600018486
    outer loop
      vertex 133.13168260452093 7.181853243707053 -1.5
      vertex 131.8636470018071 7.49085210522151 0
      vertex 133.1287253364422 7.172751708426075 -1.4983974071442319
    endloop
  endfacet
  facet normal -0.04234556386927583 0.7540326240895984 0.6554705600018564
    outer loop
      vertex 135.3601908571187 3.5782177252318648 0
      vertex 135.21419700584397 4.873948993131241 -1.5
      vertex 135 3.557989840578114 0
    endloop
  endfacet
  facet normal -0.697732971274269 0.2890104596163343 0.6554705600018472
    outer loop
      vertex 136.72362556928562 5.944945673504374 -1.5
      vertex 137.89842600136492 5.37919160325086 0
      vertex 136.73866799963065 5.98126131285445 -1.5
    endloop
  endfacet
  facet normal -0.4370245564127839 -0.6159284715476785 0.6554705600018587
    outer loop
      vertex 136.71155259528817 9.49892035114575 0
      vertex 136.01781995297674 8.394851175679934 -1.5
      vertex 137.0057730268755 9.290159822055527 0
    endloop
  endfacet
  facet normal -0.1265041715727201 -0.7445502263417506 0.6554705600018569
    outer loop
      vertex 135.3601908571187 9.971782274768136 0
      vertex 135.21419700584397 8.67605100686876 -1.5
      vertex 135.7158521052215 9.911352998192896 0
    endloop
  endfacet
  facet normal -0.2090719159191766 -0.7257046774995592 0.655470560001855
    outer loop
      vertex 135.7158521052215 9.911352998192896 0
      vertex 135.42570036005947 8.640115141613112 -1.5
      vertex 136.0625110977541 9.811482262910983 0
    endloop
  endfacet
  facet normal -0.042345563869276764 -0.7540326240895985 0.6554705600018566
    outer loop
      vertex 135 9.992010159421888 0
      vertex 135 8.688080052697547 -1.5
      vertex 135.3601908571187 9.971782274768136 0
    endloop
  endfacet
  facet normal 0.042345563869276764 -0.7540326240895985 0.6554705600018566
    outer loop
      vertex 134.6398091428813 9.971782274768136 0
      vertex 134.78580299415603 8.67605100686876 -1.5
      vertex 135 9.992010159421888 0
    endloop
  endfacet
  facet normal 0.12650417157272026 -0.7445502263417515 0.6554705600018558
    outer loop
      vertex 134.2841478947785 9.911352998192896 0
      vertex 134.57429963994053 8.640115141613112 -1.5
      vertex 134.6398091428813 9.971782274768136 0
    endloop
  endfacet
  facet normal 0.2090719159191763 -0.7257046774995582 0.6554705600018562
    outer loop
      vertex 133.9374889022459 9.811482262910983 0
      vertex 134.3681497147499 8.580724371286667 -1.5
      vertex 134.2841478947785 9.911352998192896 0
    endloop
  endfacet
  facet normal 0.2890104596166501 -0.6977329712741317 0.6554705600018543
    outer loop
      vertex 133.60419160325088 9.673426001364918 0
      vertex 134.16994567350437 8.49862556928561 -1.5
      vertex 133.9374889022459 9.811482262910983 0
    endloop
  endfacet
  facet normal 0.36531452909658374 -0.6609868681008664 0.6554705600018579
    outer loop
      vertex 133.28844740471183 9.498920351145753 0
      vertex 133.98218004702326 8.394851175679934 -1.5
      vertex 133.60419160325088 9.673426001364918 0
    endloop
  endfacet
  facet normal 0.4370245564127899 -0.6159284715476765 0.6554705600018563
    outer loop
      vertex 132.9942269731245 9.290159822055525 0
      vertex 133.8072140970037 8.270706213680539 -1.5
      vertex 133.28844740471183 9.498920351145753 0
    endloop
  endfacet
  facet normal -0.20907191591921126 -0.7257046774995455 0.655470560001859
    outer loop
      vertex 135.5646405572536 8.600087160360934 -1.5
      vertex 136.0625110977541 9.811482262910983 0
      vertex 135.42570036005947 8.640115141613112 -1.5
    endloop
  endfacet
  facet normal -0.20907191591913368 -0.7257046774995719 0.6554705600018547
    outer loop
      vertex 135.59117424788326 8.594447250312278 -1.4977809217955436
      vertex 136.0625110977541 9.811482262910983 0
      vertex 135.5646405572536 8.600087160360934 -1.5
    endloop
  endfacet
  facet normal -0.12650417157270735 -0.744550226341754 0.6554705600018554
    outer loop
      vertex 135.42570036005947 8.640115141613112 -1.5
      vertex 135.7158521052215 9.911352998192896 0
      vertex 135.21419700584397 8.67605100686876 -1.5
    endloop
  endfacet
  facet normal -0.04234556386927169 -0.7540326240895988 0.6554705600018563
    outer loop
      vertex 135.21419700584397 8.67605100686876 -1.5
      vertex 135.3601908571187 9.971782274768136 0
      vertex 135.20476739443689 8.676580562486574 -1.5
    endloop
  endfacet
  facet normal -0.04234556386911571 -0.7540326240896119 0.6554705600018514
    outer loop
      vertex 135.20476739443689 8.676580562486574 -1.5
      vertex 135.3601908571187 9.971782274768136 0
      vertex 135.19997131801648 8.6776 -1.4991371136745473
    endloop
  endfacet
  facet normal -0.04234556386927235 -0.7540326240895985 0.6554705600018567
    outer loop
      vertex 135.19997131801648 8.6776 -1.4991371136745473
      vertex 135.3601908571187 9.971782274768136 0
      vertex 135.18661462769802 8.6776 -1.5
    endloop
  endfacet
  facet normal -0.04234556386928124 -0.7540326240895976 0.6554705600018569
    outer loop
      vertex 135.18661462769802 8.6776 -1.5
      vertex 135.3601908571187 9.971782274768136 0
      vertex 135 8.688080052697547 -1.5
    endloop
  endfacet
  facet normal 0.04234556386928128 -0.7540326240895983 0.6554705600018563
    outer loop
      vertex 135 8.688080052697547 -1.5
      vertex 135 9.992010159421888 0
      vertex 134.81338537230198 8.6776 -1.5
    endloop
  endfacet
  facet normal 0.042345563869272386 -0.7540326240895979 0.6554705600018572
    outer loop
      vertex 134.81338537230198 8.6776 -1.5
      vertex 135 9.992010159421888 0
      vertex 134.80002868198352 8.6776 -1.4991371136745473
    endloop
  endfacet
  facet normal 0.042345563869107455 -0.7540326240895905 0.6554705600018765
    outer loop
      vertex 135 9.992010159421888 0
      vertex 134.79523260556311 8.676580562486574 -1.5
      vertex 134.80002868198352 8.6776 -1.4991371136745473
    endloop
  endfacet
  facet normal 0.04234556386927166 -0.7540326240895983 0.655470560001857
    outer loop
      vertex 134.79523260556311 8.676580562486574 -1.5
      vertex 135 9.992010159421888 0
      vertex 134.78580299415603 8.67605100686876 -1.5
    endloop
  endfacet
  facet normal 0.12650417157270707 -0.7445502263417524 0.6554705600018571
    outer loop
      vertex 134.78580299415603 8.67605100686876 -1.5
      vertex 134.6398091428813 9.971782274768136 0
      vertex 134.57429963994053 8.640115141613112 -1.5
    endloop
  endfacet
  facet normal 0.2090719159192125 -0.7257046774995499 0.6554705600018541
    outer loop
      vertex 134.57429963994053 8.640115141613112 -1.5
      vertex 134.2841478947785 9.911352998192896 0
      vertex 134.4353594427464 8.600087160360934 -1.5
    endloop
  endfacet
  facet normal 0.2090719159191331 -0.7257046774995667 0.6554705600018608
    outer loop
      vertex 134.4353594427464 8.600087160360934 -1.5
      vertex 134.2841478947785 9.911352998192896 0
      vertex 134.40882575211674 8.594447250312278 -1.4977809217955436
    endloop
  endfacet
  facet normal 0.20907191591931595 -0.7257046774995296 0.6554705600018433
    outer loop
      vertex 134.40882575211674 8.594447250312278 -1.4977809217955436
      vertex 134.2841478947785 9.911352998192896 0
      vertex 134.3960702757638 8.588768146345172 -1.5
    endloop
  endfacet
  facet normal 0.20907191591907848 -0.7257046774995767 0.655470560001867
    outer loop
      vertex 134.3960702757638 8.588768146345172 -1.5
      vertex 134.2841478947785 9.911352998192896 0
      vertex 134.3681497147499 8.580724371286667 -1.5
    endloop
  endfacet
  facet normal -0.5032387463645147 -0.5631244170947706 0.6554705600018559
    outer loop
      vertex 137.0057730268755 9.290159822055527 0
      vertex 136.1927859029963 8.27070621368054 -1.5
      vertex 137.27476969887323 9.049769698873233 0
    endloop
  endfacet
  facet normal -0.5631244170947765 -0.5032387463645067 0.6554705600018571
    outer loop
      vertex 137.27476969887323 9.049769698873233 0
      vertex 136.35275187821514 8.127751878215154 -1.5
      vertex 137.51515982205552 8.780773026875485 0
    endloop
  endfacet
  facet normal -0.6159284715476788 -0.43702455641278637 0.6554705600018568
    outer loop
      vertex 137.51515982205552 8.780773026875485 0
      vertex 136.49570621368053 7.9677859029962885 -1.5
      vertex 137.72392035114575 8.486552595288162 0
    endloop
  endfacet
  facet normal -0.6609868681008462 -0.36531452909662604 0.6554705600018547
    outer loop
      vertex 137.72392035114575 8.486552595288162 0
      vertex 136.61985117567994 7.792819952976746 -1.5
      vertex 137.89842600136492 8.170808396749141 0
    endloop
  endfacet
  facet normal -0.6977329712741371 -0.2890104596166321 0.6554705600018564
    outer loop
      vertex 137.89842600136492 8.170808396749141 0
      vertex 136.72362556928562 7.605054326495627 -1.5
      vertex 138.036482262911 7.837511097754103 0
    endloop
  endfacet
  facet normal -0.7257046774995518 -0.2090719159191809 0.6554705600018618
    outer loop
      vertex 138.036482262911 7.837511097754103 0
      vertex 136.80572437128666 7.406850285250087 -1.5
      vertex 138.1363529981929 7.490852105221509 0
    endloop
  endfacet
  facet normal 0.5032387463645118 -0.5631244170947715 0.6554705600018571
    outer loop
      vertex 132.72523030112677 9.049769698873233 0
      vertex 133.64724812178486 8.127751878215154 -1.5
      vertex 132.9942269731245 9.290159822055525 0
    endloop
  endfacet
  facet normal 0.5631244170947768 -0.503238746364507 0.6554705600018564
    outer loop
      vertex 132.48484017794448 8.780773026875485 0
      vertex 133.50429378631947 7.967785902996289 -1.5
      vertex 132.72523030112677 9.049769698873233 0
    endloop
  endfacet
  facet normal 0.6159284715476818 -0.4370245564127858 0.6554705600018542
    outer loop
      vertex 132.27607964885425 8.48655259528816 0
      vertex 133.38014882432006 7.792819952976745 -1.5
      vertex 132.48484017794448 8.780773026875485 0
    endloop
  endfacet
  facet normal 0.6609868681008444 -0.3653145290966272 0.6554705600018558
    outer loop
      vertex 132.10157399863508 8.170808396749141 0
      vertex 133.27637443071438 7.605054326495627 -1.5
      vertex 132.27607964885425 8.48655259528816 0
    endloop
  endfacet
  facet normal 0.697732971274133 -0.2890104596166304 0.6554705600018615
    outer loop
      vertex 131.963517737089 7.837511097754103 0
      vertex 133.19427562871334 7.406850285250087 -1.5
      vertex 132.10157399863508 8.170808396749141 0
    endloop
  endfacet
  facet normal 0.725704677499552 -0.20907191591918148 0.6554705600018614
    outer loop
      vertex 131.8636470018071 7.49085210522151 0
      vertex 133.1348848583869 7.200700360059454 -1.5
      vertex 131.963517737089 7.837511097754103 0
    endloop
  endfacet
  facet normal -0.28901045961663313 -0.6977329712741391 0.6554705600018538
    outer loop
      vertex 135.83005432649563 8.49862556928561 -1.5
      vertex 136.39580839674912 9.673426001364918 0
      vertex 135.6318502852501 8.580724371286667 -1.5
    endloop
  endfacet
  facet normal -0.36531452909664786 -0.6609868681008272 0.6554705600018615
    outer loop
      vertex 135.92809441878933 8.444440725565837 -1.5
      vertex 136.71155259528817 9.49892035114575 0
      vertex 135.83005432649563 8.49862556928561 -1.5
    endloop
  endfacet
  facet normal -0.365314529096571 -0.6609868681008744 0.655470560001857
    outer loop
      vertex 136.01781995297674 8.394851175679934 -1.5
      vertex 136.71155259528817 9.49892035114575 0
      vertex 135.97412023371157 8.41900315680911 -1.5
    endloop
  endfacet
  facet normal -0.36531452909662754 -0.6609868681008401 0.6554705600018599
    outer loop
      vertex 135.95654002634876 8.431775925109347 -1.4969177457160256
      vertex 136.71155259528817 9.49892035114575 0
      vertex 135.92809441878933 8.444440725565837 -1.5
    endloop
  endfacet
  facet normal -0.3653145290966378 -0.6609868681008336 0.6554705600018605
    outer loop
      vertex 135.97412023371157 8.41900315680911 -1.5
      vertex 136.71155259528817 9.49892035114575 0
      vertex 135.95654002634876 8.431775925109347 -1.4969177457160256
    endloop
  endfacet
  facet normal -0.43702455641276144 -0.6159284715476978 0.6554705600018554
    outer loop
      vertex 136.1927859029963 8.27070621368054 -1.5
      vertex 137.0057730268755 9.290159822055527 0
      vertex 136.01781995297674 8.394851175679934 -1.5
    endloop
  endfacet
  facet normal -0.5032387463645294 -0.5631244170947547 0.6554705600018583
    outer loop
      vertex 136.25605459791834 8.214165851106754 -1.5
      vertex 137.27476969887323 9.049769698873233 0
      vertex 136.1927859029963 8.27070621368054 -1.5
    endloop
  endfacet
  facet normal -0.5032387463643855 -0.5631244170949017 0.6554705600018423
    outer loop
      vertex 136.28010041567455 8.196695541886204 -1.496547778611676
      vertex 137.27476969887323 9.049769698873233 0
      vertex 136.25605459791834 8.214165851106754 -1.5
    endloop
  endfacet
  facet normal -0.5032387463646973 -0.5631244170945892 0.6554705600018715
    outer loop
      vertex 136.29862174038664 8.176125526869733 -1.5
      vertex 137.27476969887323 9.049769698873233 0
      vertex 136.28010041567455 8.196695541886204 -1.496547778611676
    endloop
  endfacet
  facet normal -0.5032387463645129 -0.5631244170947705 0.6554705600018572
    outer loop
      vertex 136.35275187821514 8.127751878215154 -1.5
      vertex 137.27476969887323 9.049769698873233 0
      vertex 136.29862174038664 8.176125526869733 -1.5
    endloop
  endfacet
  facet normal -0.5631244170947725 -0.5032387463645119 0.6554705600018564
    outer loop
      vertex 136.49570621368053 7.9677859029962885 -1.5
      vertex 137.51515982205552 8.780773026875485 0
      vertex 136.35275187821514 8.127751878215154 -1.5
    endloop
  endfacet
  facet normal 0.7445502263416989 -0.12650417157296673 0.6554705600018679
    outer loop
      vertex 131.8636470018071 7.49085210522151 0
      vertex 133.12643705104952 7.150980127225051 -1.5
      vertex 133.1287253364422 7.172751708426075 -1.4983974071442319
    endloop
  endfacet
  facet normal -0.2090719159191755 0.7257046774995588 0.6554705600018559
    outer loop
      vertex 136.0625110977541 3.7385177370890177 0
      vertex 135.6318502852501 4.969275628713333 -1.5
      vertex 135.7158521052215 3.6386470018071053 0
    endloop
  endfacet
  facet normal -0.2890104596166496 -0.6977329712741305 0.6554705600018559
    outer loop
      vertex 136.0625110977541 9.811482262910983 0
      vertex 135.6318502852501 8.580724371286667 -1.5
      vertex 136.39580839674912 9.673426001364918 0
    endloop
  endfacet
  facet normal -0.615928471547692 -0.4370245564127631 0.6554705600018595
    outer loop
      vertex 136.531002151031 7.9180409346069505 -1.5
      vertex 137.72392035114575 8.486552595288162 0
      vertex 136.49570621368053 7.9677859029962885 -1.5
    endloop
  endfacet
  facet normal -0.6159284715477674 -0.4370245564126383 0.6554705600018721
    outer loop
      vertex 136.54771427423202 7.899480241430526 -1.4966711032797928
      vertex 137.72392035114575 8.486552595288162 0
      vertex 136.531002151031 7.9180409346069505 -1.5
    endloop
  endfacet
  facet normal -0.6159284715474995 -0.43702455641307464 0.6554705600018329
    outer loop
      vertex 136.5631871838028 7.872680375913055 -1.5
      vertex 137.72392035114575 8.486552595288162 0
      vertex 136.54771427423202 7.899480241430526 -1.4966711032797928
    endloop
  endfacet
  facet normal -0.6159284715476714 -0.43702455641280097 0.6554705600018538
    outer loop
      vertex 136.61985117567994 7.792819952976746 -1.5
      vertex 137.72392035114575 8.486552595288162 0
      vertex 136.5631871838028 7.872680375913055 -1.5
    endloop
  endfacet
  facet normal -0.6977329712742332 -0.2890104596163195 0.6554705600018921
    outer loop
      vertex 136.73866799963065 7.568738687145551 -1.5
      vertex 138.036482262911 7.837511097754103 0
      vertex 136.72362556928562 7.605054326495627 -1.5
    endloop
  endfacet
  facet normal 0.7445502263416203 -0.12650417157336613 0.6554705600018802
    outer loop
      vertex 133.1348848583869 7.200700360059454 -1.5
      vertex 131.8636470018071 7.49085210522151 0
      vertex 133.13168260452093 7.181853243707053 -1.5
    endloop
  endfacet
  facet normal 0.7257046774995504 -0.20907191591918592 0.655470560001862
    outer loop
      vertex 133.19427562871334 7.406850285250087 -1.5
      vertex 131.963517737089 7.837511097754103 0
      vertex 133.1348848583869 7.200700360059454 -1.5
    endloop
  endfacet
  facet normal -0.7257046774995506 0.20907191591918511 0.655470560001862
    outer loop
      vertex 136.80572437128666 6.143149714749914 -1.5
      vertex 138.036482262911 5.712488902245898 0
      vertex 136.8651151416131 6.349299639940548 -1.5
    endloop
  endfacet
  facet normal -0.7445502263416203 0.12650417157336613 0.6554705600018802
    outer loop
      vertex 136.8651151416131 6.349299639940548 -1.5
      vertex 138.1363529981929 6.059147894778492 0
      vertex 136.86831739547907 6.368146756292949 -1.5
    endloop
  endfacet
  facet normal -0.744550226341795 0.12650417157249821 0.6554705600018491
    outer loop
      vertex 136.86831739547907 6.368146756292949 -1.5
      vertex 138.1363529981929 6.059147894778492 0
      vertex 136.8712746635578 6.377248291573926 -1.4983974071442319
    endloop
  endfacet
  facet normal -0.7445502263416977 0.12650417157297175 0.6554705600018684
    outer loop
      vertex 138.1363529981929 6.059147894778492 0
      vertex 136.87356294895048 6.399019872774949 -1.5
      vertex 136.8712746635578 6.377248291573926 -1.4983974071442319
    endloop
  endfacet
  facet normal -0.74455022634177 0.12650417157263277 0.6554705600018514
    outer loop
      vertex 136.87356294895048 6.399019872774949 -1.5
      vertex 138.1363529981929 6.059147894778492 0
      vertex 136.90105100686876 6.56080299415603 -1.5
    endloop
  endfacet
  facet normal -0.7540326240896006 0.04234556386931433 0.6554705600018517
    outer loop
      vertex 136.90105100686876 6.56080299415603 -1.5
      vertex 138.1967822747681 6.4148091428813085 0
      vertex 136.91308005269755 6.775 -1.5
    endloop
  endfacet
  facet normal -0.7540326240895946 -0.04234556386931399 0.6554705600018584
    outer loop
      vertex 136.91308005269755 6.775 -1.5
      vertex 138.2170101594219 6.775 0
      vertex 136.90105100686876 6.9891970058439705 -1.5
    endloop
  endfacet
  facet normal -0.7445502263417689 -0.12650417157263258 0.655470560001853
    outer loop
      vertex 136.90105100686876 6.9891970058439705 -1.5
      vertex 138.1967822747681 7.135190857118692 0
      vertex 136.87356294895048 7.1509801272250515 -1.5
    endloop
  endfacet
  facet normal -0.7445502263417783 -0.1265041715724891 0.65547056000187
    outer loop
      vertex 136.86831739547907 7.181853243707052 -1.5
      vertex 136.8712746635578 7.172751708426075 -1.4983974071442319
      vertex 138.1967822747681 7.135190857118692 0
    endloop
  endfacet
  facet normal -0.744550226341738 -0.1265041715729748 0.655470560001822
    outer loop
      vertex 136.87356294895048 7.1509801272250515 -1.5
      vertex 138.1967822747681 7.135190857118692 0
      vertex 136.8712746635578 7.172751708426075 -1.4983974071442319
    endloop
  endfacet
  facet normal -0.7445502263417069 -0.12650417157338084 0.655470560001779
    outer loop
      vertex 136.86831739547907 7.181853243707052 -1.5
      vertex 138.1967822747681 7.135190857118692 0
      vertex 136.8651151416131 7.200700360059453 -1.5
    endloop
  endfacet
  facet normal -0.7257046774995511 -0.20907191591918525 0.6554705600018613
    outer loop
      vertex 136.8651151416131 7.200700360059453 -1.5
      vertex 138.1363529981929 7.490852105221509 0
      vertex 136.80572437128666 7.406850285250087 -1.5
    endloop
  endfacet
  facet normal 0.7445502263417615 0.12650417157264118 0.6554705600018595
    outer loop
      vertex 131.8636470018071 6.059147894778491 0
      vertex 133.1348848583869 6.349299639940547 -1.5
      vertex 131.8032177252319 6.41480914288131 0
    endloop
  endfacet
  facet normal 0.7540326240895966 0.042345563869364486 0.6554705600018531
    outer loop
      vertex 131.8032177252319 6.41480914288131 0
      vertex 133.09894899313124 6.560802994156031 -1.5
      vertex 131.7829898405781 6.775 0
    endloop
  endfacet
  facet normal 0.7540326240895929 -0.04234556386936428 0.6554705600018571
    outer loop
      vertex 131.7829898405781 6.775 0
      vertex 133.08691994730245 6.775 -1.5
      vertex 131.8032177252319 7.13519085711869 0
    endloop
  endfacet
  facet normal 0.7540326240895946 0.04234556386931417 0.6554705600018585
    outer loop
      vertex 133.08691994730245 6.775 -1.5
      vertex 131.7829898405781 6.775 0
      vertex 133.09894899313124 6.560802994156031 -1.5
    endloop
  endfacet
  facet normal 0.7445502263417689 0.12650417157263258 0.6554705600018529
    outer loop
      vertex 133.09894899313124 6.560802994156031 -1.5
      vertex 131.8032177252319 6.41480914288131 0
      vertex 133.12643705104952 6.39901987277495 -1.5
    endloop
  endfacet
  facet normal 0.7445502263417794 0.1265041715724769 0.655470560001871
    outer loop
      vertex 133.13168260452093 6.368146756292948 -1.5
      vertex 133.1287253364422 6.377248291573926 -1.4983974071442319
      vertex 131.8032177252319 6.41480914288131 0
    endloop
  endfacet
  facet normal 0.7445502263417384 0.12650417157296973 0.6554705600018225
    outer loop
      vertex 133.12643705104952 6.39901987277495 -1.5
      vertex 131.8032177252319 6.41480914288131 0
      vertex 133.1287253364422 6.377248291573926 -1.4983974071442319
    endloop
  endfacet
  facet normal 0.744550226341707 0.12650417157338087 0.6554705600017788
    outer loop
      vertex 133.13168260452093 6.368146756292948 -1.5
      vertex 131.8032177252319 6.41480914288131 0
      vertex 133.1348848583869 6.349299639940547 -1.5
    endloop
  endfacet
  facet normal 0.7257046774995508 0.20907191591918606 0.6554705600018613
    outer loop
      vertex 133.1348848583869 6.349299639940547 -1.5
      vertex 131.8636470018071 6.059147894778491 0
      vertex 133.19427562871334 6.143149714749914 -1.5
    endloop
  endfacet
  facet normal -0.6977329712741328 0.2890104596166311 0.6554705600018615
    outer loop
      vertex 138.036482262911 5.712488902245898 0
      vertex 136.80572437128666 6.143149714749914 -1.5
      vertex 137.89842600136492 5.37919160325086 0
    endloop
  endfacet
  facet normal -0.6609868681008457 0.3653145290966248 0.6554705600018557
    outer loop
      vertex 137.89842600136492 5.37919160325086 0
      vertex 136.72362556928562 5.944945673504374 -1.5
      vertex 137.72392035114575 5.063447404711839 0
    endloop
  endfacet
  facet normal -0.6159284715476806 0.4370245564127876 0.6554705600018543
    outer loop
      vertex 137.72392035114575 5.063447404711839 0
      vertex 136.61985117567994 5.757180047023255 -1.5
      vertex 137.51515982205552 4.769226973124516 0
    endloop
  endfacet
  facet normal -0.5631244170947767 0.5032387463645069 0.6554705600018566
    outer loop
      vertex 137.51515982205552 4.769226973124516 0
      vertex 136.49570621368053 5.582214097003712 -1.5
      vertex 137.27476969887323 4.500230301126768 0
    endloop
  endfacet
  facet normal -0.5032387463645148 0.5631244170947685 0.6554705600018574
    outer loop
      vertex 137.27476969887323 4.500230301126768 0
      vertex 136.35275187821514 5.422248121784848 -1.5
      vertex 137.0057730268755 4.259840177944473 0
    endloop
  endfacet
  facet normal -0.4370245564127837 0.6159284715476807 0.6554705600018567
    outer loop
      vertex 137.0057730268755 4.259840177944473 0
      vertex 136.1927859029963 5.279293786319461 -1.5
      vertex 136.71155259528817 4.05107964885425 0
    endloop
  endfacet
  facet normal 0.6977329712741368 0.28901045961663274 0.6554705600018562
    outer loop
      vertex 132.10157399863508 5.37919160325086 0
      vertex 133.27637443071438 5.944945673504374 -1.5
      vertex 131.963517737089 5.712488902245898 0
    endloop
  endfacet
  facet normal 0.7257046774995517 0.20907191591918137 0.6554705600018618
    outer loop
      vertex 131.963517737089 5.712488902245898 0
      vertex 133.19427562871334 6.143149714749914 -1.5
      vertex 131.8636470018071 6.059147894778491 0
    endloop
  endfacet
  facet normal 0.6609868681008462 0.36531452909662604 0.6554705600018547
    outer loop
      vertex 132.27607964885425 5.06344740471184 0
      vertex 133.38014882432006 5.7571800470232555 -1.5
      vertex 132.10157399863508 5.37919160325086 0
    endloop
  endfacet
  facet normal 0.6159284715476796 0.43702455641278554 0.6554705600018566
    outer loop
      vertex 132.48484017794448 4.769226973124516 0
      vertex 133.50429378631947 5.582214097003711 -1.5
      vertex 132.27607964885425 5.06344740471184 0
    endloop
  endfacet
  facet normal 0.5631244170947763 0.5032387463645066 0.6554705600018573
    outer loop
      vertex 132.72523030112677 4.500230301126768 0
      vertex 133.64724812178486 5.422248121784848 -1.5
      vertex 132.48484017794448 4.769226973124516 0
    endloop
  endfacet
  facet normal 0.5032387463645137 0.5631244170947715 0.655470560001856
    outer loop
      vertex 132.9942269731245 4.259840177944475 0
      vertex 133.8072140970037 5.279293786319461 -1.5
      vertex 132.72523030112677 4.500230301126768 0
    endloop
  endfacet
  facet normal -0.6977329712741972 0.28901045961650945 0.6554705600018466
    outer loop
      vertex 136.75695724892557 6.025415466547818 -1.5
      vertex 137.89842600136492 5.37919160325086 0
      vertex 136.80572437128666 6.143149714749914 -1.5
    endloop
  endfacet
  facet normal -0.6977329712739043 0.28901045961712285 0.6554705600018879
    outer loop
      vertex 136.7476855922485 5.996880241430525 -1.4972876921207616
      vertex 137.89842600136492 5.37919160325086 0
      vertex 136.75695724892557 6.025415466547818 -1.5
    endloop
  endfacet
  facet normal -0.6977329712741184 0.28901045961666294 0.6554705600018629
    outer loop
      vertex 137.89842600136492 5.37919160325086 0
      vertex 136.7476855922485 5.996880241430525 -1.4972876921207616
      vertex 136.73866799963065 5.98126131285445 -1.5
    endloop
  endfacet
  facet normal -0.3653145290965883 -0.6609868681008679 0.6554705600018537
    outer loop
      vertex 136.39580839674912 9.673426001364918 0
      vertex 135.83005432649563 8.49862556928561 -1.5
      vertex 136.71155259528817 9.49892035114575 0
    endloop
  endfacet
  facet normal -0.6609868681008532 0.3653145290966139 0.6554705600018542
    outer loop
      vertex 136.61985117567994 5.757180047023255 -1.5
      vertex 137.72392035114575 5.063447404711839 0
      vertex 136.72362556928562 5.944945673504374 -1.5
    endloop
  endfacet
  facet normal -0.6159284715476698 0.43702455641279986 0.6554705600018561
    outer loop
      vertex 136.5631871838028 5.6773196240869455 -1.5
      vertex 137.51515982205552 4.769226973124516 0
      vertex 136.61985117567994 5.757180047023255 -1.5
    endloop
  endfacet
  facet normal -0.615928471547461 0.43702455641305826 0.65547056000188
    outer loop
      vertex 136.54771427423202 5.650519758569475 -1.4966711032797928
      vertex 137.51515982205552 4.769226973124516 0
      vertex 136.5631871838028 5.6773196240869455 -1.5
    endloop
  endfacet
  facet normal -0.6159284715477806 0.43702455641265453 0.6554705600018489
    outer loop
      vertex 136.531002151031 5.63195906539305 -1.5
      vertex 137.51515982205552 4.769226973124516 0
      vertex 136.54771427423202 5.650519758569475 -1.4966711032797928
    endloop
  endfacet
  facet normal -0.6159284715476947 0.43702455641276505 0.655470560001856
    outer loop
      vertex 136.49570621368053 5.582214097003712 -1.5
      vertex 137.51515982205552 4.769226973124516 0
      vertex 136.531002151031 5.63195906539305 -1.5
    endloop
  endfacet
  facet normal -0.5631244170947703 0.5032387463645129 0.6554705600018575
    outer loop
      vertex 136.35275187821514 5.422248121784848 -1.5
      vertex 137.27476969887323 4.500230301126768 0
      vertex 136.49570621368053 5.582214097003712 -1.5
    endloop
  endfacet
  facet normal -0.5032387463645127 0.5631244170947701 0.6554705600018578
    outer loop
      vertex 136.29862174038664 5.373874473130269 -1.5
      vertex 137.0057730268755 4.259840177944473 0
      vertex 136.35275187821514 5.422248121784848 -1.5
    endloop
  endfacet
  facet normal -0.5032387463647237 0.5631244170946069 0.6554705600018359
    outer loop
      vertex 136.29862174038664 5.373874473130269 -1.5
      vertex 136.28010041567455 5.353304458113798 -1.496547778611676
      vertex 137.0057730268755 4.259840177944473 0
    endloop
  endfacet
  facet normal -0.5032387463643877 0.5631244170948716 0.6554705600018665
    outer loop
      vertex 136.25605459791834 5.335834148893246 -1.5
      vertex 137.0057730268755 4.259840177944473 0
      vertex 136.28010041567455 5.353304458113798 -1.496547778611676
    endloop
  endfacet
  facet normal -0.5032387463645264 0.5631244170947601 0.6554705600018559
    outer loop
      vertex 136.1927859029963 5.279293786319461 -1.5
      vertex 137.0057730268755 4.259840177944473 0
      vertex 136.25605459791834 5.335834148893246 -1.5
    endloop
  endfacet
  facet normal -0.4370245564127615 0.6159284715476935 0.6554705600018594
    outer loop
      vertex 136.01781995297674 5.155148824320067 -1.5
      vertex 136.71155259528817 4.05107964885425 0
      vertex 136.1927859029963 5.279293786319461 -1.5
    endloop
  endfacet
  facet normal -0.36531452909658074 0.6609868681008677 0.6554705600018582
    outer loop
      vertex 135.97412023371157 5.13099684319089 -1.5
      vertex 136.39580839674912 3.8765739986350827 0
      vertex 136.01781995297674 5.155148824320067 -1.5
    endloop
  endfacet
  facet normal -0.36531452909664336 0.6609868681008392 0.655470560001852
    outer loop
      vertex 135.95654002634876 5.1182240748906525 -1.4969177457160256
      vertex 136.39580839674912 3.8765739986350827 0
      vertex 135.97412023371157 5.13099684319089 -1.5
    endloop
  endfacet
  facet normal -0.3653145290966294 0.6609868681008457 0.6554705600018533
    outer loop
      vertex 135.92809441878933 5.105559274434163 -1.5
      vertex 136.39580839674912 3.8765739986350827 0
      vertex 135.95654002634876 5.1182240748906525 -1.4969177457160256
    endloop
  endfacet
  facet normal -0.3653145290966473 0.6609868681008372 0.6554705600018518
    outer loop
      vertex 135.83005432649563 5.051374430714391 -1.5
      vertex 136.39580839674912 3.8765739986350827 0
      vertex 135.92809441878933 5.105559274434163 -1.5
    endloop
  endfacet
  facet normal 0.6977329712741822 0.28901045961650323 0.6554705600018653
    outer loop
      vertex 133.19427562871334 6.143149714749914 -1.5
      vertex 131.963517737089 5.712488902245898 0
      vertex 133.24304275107443 6.025415466547818 -1.5
    endloop
  endfacet
  facet normal 0.6977329712739676 0.2890104596171365 0.6554705600018145
    outer loop
      vertex 133.24304275107443 6.025415466547818 -1.5
      vertex 131.963517737089 5.712488902245898 0
      vertex 133.2523144077515 5.996880241430525 -1.4972876921207616
    endloop
  endfacet
  facet normal 0.697732971274122 0.28901045961666544 0.6554705600018579
    outer loop
      vertex 133.2523144077515 5.996880241430525 -1.4972876921207616
      vertex 131.963517737089 5.712488902245898 0
      vertex 133.26133200036935 5.98126131285445 -1.5
    endloop
  endfacet
  facet normal 0.6977329712742332 0.2890104596163195 0.6554705600018921
    outer loop
      vertex 133.26133200036935 5.98126131285445 -1.5
      vertex 131.963517737089 5.712488902245898 0
      vertex 133.27637443071438 5.944945673504374 -1.5
    endloop
  endfacet
  facet normal 0.6609868681008512 0.3653145290966145 0.655470560001856
    outer loop
      vertex 133.27637443071438 5.944945673504374 -1.5
      vertex 132.10157399863508 5.37919160325086 0
      vertex 133.38014882432006 5.7571800470232555 -1.5
    endloop
  endfacet
  facet normal 0.6159284715476759 0.4370245564127944 0.6554705600018541
    outer loop
      vertex 133.38014882432006 5.7571800470232555 -1.5
      vertex 132.27607964885425 5.06344740471184 0
      vertex 133.4368128161972 5.677319624086945 -1.5
    endloop
  endfacet
  facet normal 0.6159284715474932 0.43702455641308535 0.6554705600018318
    outer loop
      vertex 133.4368128161972 5.677319624086945 -1.5
      vertex 132.27607964885425 5.06344740471184 0
      vertex 133.45228572576798 5.650519758569475 -1.4966711032797928
    endloop
  endfacet
  facet normal 0.6159284715477674 0.4370245564126384 0.6554705600018719
    outer loop
      vertex 133.45228572576798 5.650519758569475 -1.4966711032797928
      vertex 132.27607964885425 5.06344740471184 0
      vertex 133.468997848969 5.63195906539305 -1.5
    endloop
  endfacet
  facet normal 0.6159284715476955 0.4370245564127577 0.65547056000186
    outer loop
      vertex 133.468997848969 5.63195906539305 -1.5
      vertex 132.27607964885425 5.06344740471184 0
      vertex 133.50429378631947 5.582214097003711 -1.5
    endloop
  endfacet
  facet normal 0.5631244170947699 0.5032387463645153 0.6554705600018561
    outer loop
      vertex 133.50429378631947 5.582214097003711 -1.5
      vertex 132.48484017794448 4.769226973124516 0
      vertex 133.64724812178486 5.422248121784848 -1.5
    endloop
  endfacet
  facet normal 0.43702455641276344 0.6159284715476964 0.6554705600018556
    outer loop
      vertex 133.8072140970037 5.279293786319461 -1.5
      vertex 132.9942269731245 4.259840177944475 0
      vertex 133.98218004702326 5.155148824320067 -1.5
    endloop
  endfacet
  facet normal -0.28901045961663513 0.6977329712741364 0.6554705600018559
    outer loop
      vertex 135.6318502852501 4.969275628713333 -1.5
      vertex 136.0625110977541 3.7385177370890177 0
      vertex 135.83005432649563 5.051374430714391 -1.5
    endloop
  endfacet
  facet normal -0.2090719159190348 0.7257046774995852 0.6554705600018714
    outer loop
      vertex 135.6039297242362 4.961231853654829 -1.5
      vertex 135.7158521052215 3.6386470018071053 0
      vertex 135.6318502852501 4.969275628713333 -1.5
    endloop
  endfacet
  facet normal -0.20907191591931595 0.7257046774995296 0.6554705600018433
    outer loop
      vertex 135.59117424788326 4.955552749687723 -1.4977809217955436
      vertex 135.7158521052215 3.6386470018071053 0
      vertex 135.6039297242362 4.961231853654829 -1.5
    endloop
  endfacet
  facet normal -0.20907191591915622 0.7257046774995619 0.6554705600018585
    outer loop
      vertex 135.5646405572536 4.949912839639067 -1.5
      vertex 135.7158521052215 3.6386470018071053 0
      vertex 135.59117424788326 4.955552749687723 -1.4977809217955436
    endloop
  endfacet
  facet normal 0.3653145290966377 0.6609868681008335 0.6554705600018608
    outer loop
      vertex 134.02587976628843 5.13099684319089 -1.5
      vertex 133.28844740471183 4.051079648854248 0
      vertex 134.04345997365124 5.1182240748906525 -1.4969177457160256
    endloop
  endfacet
  facet normal 0.3653145290965809 0.6609868681008682 0.6554705600018578
    outer loop
      vertex 133.98218004702326 5.155148824320067 -1.5
      vertex 133.28844740471183 4.051079648854248 0
      vertex 134.02587976628843 5.13099684319089 -1.5
    endloop
  endfacet
  facet normal 0.3653145290966275 0.6609868681008398 0.6554705600018601
    outer loop
      vertex 134.04345997365124 5.1182240748906525 -1.4969177457160256
      vertex 133.28844740471183 4.051079648854248 0
      vertex 134.07190558121067 5.105559274434163 -1.5
    endloop
  endfacet
  facet normal 0.3653145290966433 0.6609868681008298 0.6554705600018613
    outer loop
      vertex 134.07190558121067 5.105559274434163 -1.5
      vertex 133.28844740471183 4.051079648854248 0
      vertex 134.16994567350437 5.051374430714391 -1.5
    endloop
  endfacet
  facet normal 0.20907191591930605 0.7257046774995148 0.6554705600018628
    outer loop
      vertex 134.40882575211674 4.955552749687723 -1.4977809217955436
      vertex 134.3960702757638 4.961231853654829 -1.5
      vertex 133.9374889022459 3.7385177370890177 0
    endloop
  endfacet
  facet normal 0.2090719159190395 0.7257046774996015 0.6554705600018519
    outer loop
      vertex 134.3681497147499 4.969275628713333 -1.5
      vertex 133.9374889022459 3.7385177370890177 0
      vertex 134.3960702757638 4.961231853654829 -1.5
    endloop
  endfacet
  facet normal 0.2090719159191565 0.7257046774995644 0.6554705600018559
    outer loop
      vertex 134.40882575211674 4.955552749687723 -1.4977809217955436
      vertex 133.9374889022459 3.7385177370890177 0
      vertex 134.4353594427464 4.949912839639067 -1.5
    endloop
  endfacet
  facet normal 0.2090719159192113 0.7257046774995457 0.655470560001859
    outer loop
      vertex 134.4353594427464 4.949912839639067 -1.5
      vertex 133.9374889022459 3.7385177370890177 0
      vertex 134.57429963994053 4.909884858386889 -1.5
    endloop
  endfacet
  facet normal 0.28901045961663574 0.6977329712741379 0.6554705600018539
    outer loop
      vertex 134.16994567350437 5.051374430714391 -1.5
      vertex 133.60419160325088 3.8765739986350827 0
      vertex 134.3681497147499 4.969275628713333 -1.5
    endloop
  endfacet
  facet normal 0.5032387463645129 0.5631244170947703 0.6554705600018573
    outer loop
      vertex 133.64724812178486 5.422248121784848 -1.5
      vertex 132.72523030112677 4.500230301126768 0
      vertex 133.70137825961336 5.373874473130269 -1.5
    endloop
  endfacet
  facet normal 0.5032387463643975 0.5631244170948895 0.6554705600018438
    outer loop
      vertex 133.71989958432545 5.353304458113798 -1.496547778611676
      vertex 132.72523030112677 4.500230301126768 0
      vertex 133.74394540208166 5.335834148893246 -1.5
    endloop
  endfacet
  facet normal 0.5032387463646971 0.5631244170945889 0.6554705600018718
    outer loop
      vertex 133.70137825961336 5.373874473130269 -1.5
      vertex 132.72523030112677 4.500230301126768 0
      vertex 133.71989958432545 5.353304458113798 -1.496547778611676
    endloop
  endfacet
  facet normal 0.5032387463645253 0.5631244170947589 0.6554705600018578
    outer loop
      vertex 133.74394540208166 5.335834148893246 -1.5
      vertex 132.72523030112677 4.500230301126768 0
      vertex 133.8072140970037 5.279293786319461 -1.5
    endloop
  endfacet
  facet normal -0.36531452909658674 0.660986868100865 0.6554705600018574
    outer loop
      vertex 136.71155259528817 4.05107964885425 0
      vertex 136.01781995297674 5.155148824320067 -1.5
      vertex 136.39580839674912 3.8765739986350827 0
    endloop
  endfacet
  facet normal -0.2890104596166493 0.6977329712741319 0.6554705600018542
    outer loop
      vertex 136.39580839674912 3.8765739986350827 0
      vertex 135.83005432649563 5.051374430714391 -1.5
      vertex 136.0625110977541 3.7385177370890177 0
    endloop
  endfacet
  facet normal 0.36531452909658546 0.6609868681008695 0.6554705600018539
    outer loop
      vertex 133.60419160325088 3.8765739986350827 0
      vertex 134.16994567350437 5.051374430714391 -1.5
      vertex 133.28844740471183 4.051079648854248 0
    endloop
  endfacet
  facet normal 0.7445502263417675 -0.1265041715726422 0.6554705600018527
    outer loop
      vertex 131.8032177252319 7.13519085711869 0
      vertex 133.09894899313124 6.98919700584397 -1.5
      vertex 131.8636470018071 7.49085210522151 0
    endloop
  endfacet
  facet normal -0.7257046774995521 0.20907191591918098 0.6554705600018614
    outer loop
      vertex 138.1363529981929 6.059147894778492 0
      vertex 136.8651151416131 6.349299639940548 -1.5
      vertex 138.036482262911 5.712488902245898 0
    endloop
  endfacet
  facet normal -0.7445502263417674 0.12650417157264313 0.6554705600018527
    outer loop
      vertex 138.1967822747681 6.4148091428813085 0
      vertex 136.90105100686876 6.56080299415603 -1.5
      vertex 138.1363529981929 6.059147894778492 0
    endloop
  endfacet
  facet normal -0.7540326240895929 0.04234556386936407 0.6554705600018571
    outer loop
      vertex 138.2170101594219 6.775 0
      vertex 136.91308005269755 6.775 -1.5
      vertex 138.1967822747681 6.4148091428813085 0
    endloop
  endfacet
  facet normal -0.7540326240895965 -0.042345563869364264 0.655470560001853
    outer loop
      vertex 138.1967822747681 7.135190857118692 0
      vertex 136.90105100686876 6.9891970058439705 -1.5
      vertex 138.2170101594219 6.775 0
    endloop
  endfacet
  facet normal -0.7445502263417614 -0.12650417157264213 0.6554705600018597
    outer loop
      vertex 138.1363529981929 7.490852105221509 0
      vertex 136.8651151416131 7.200700360059453 -1.5
      vertex 138.1967822747681 7.135190857118692 0
    endloop
  endfacet
  facet normal 0.2890104596166489 0.697732971274131 0.6554705600018554
    outer loop
      vertex 133.9374889022459 3.7385177370890177 0
      vertex 134.3681497147499 4.969275628713333 -1.5
      vertex 133.60419160325088 3.8765739986350827 0
    endloop
  endfacet
  facet normal -0.1265041715727212 0.7445502263417516 0.6554705600018556
    outer loop
      vertex 135.7158521052215 3.6386470018071053 0
      vertex 135.42570036005947 4.909884858386889 -1.5
      vertex 135.3601908571187 3.5782177252318648 0
    endloop
  endfacet
  facet normal 0.04234556386927584 0.7540326240895986 0.6554705600018562
    outer loop
      vertex 135 3.557989840578114 0
      vertex 135 4.861919947302454 -1.5
      vertex 134.6398091428813 3.5782177252318648 0
    endloop
  endfacet
  facet normal 0.2090719159191758 0.7257046774995597 0.6554705600018549
    outer loop
      vertex 134.2841478947785 3.6386470018071053 0
      vertex 134.57429963994053 4.909884858386889 -1.5
      vertex 133.9374889022459 3.7385177370890177 0
    endloop
  endfacet
  facet normal 0.12650417157272098 0.7445502263417503 0.6554705600018569
    outer loop
      vertex 134.6398091428813 3.5782177252318648 0
      vertex 134.78580299415603 4.873948993131241 -1.5
      vertex 134.2841478947785 3.6386470018071053 0
    endloop
  endfacet
  facet normal 0.4370245564127875 0.6159284715476756 0.655470560001859
    outer loop
      vertex 133.28844740471183 4.051079648854248 0
      vertex 133.98218004702326 5.155148824320067 -1.5
      vertex 132.9942269731245 4.259840177944475 0
    endloop
  endfacet
  facet normal 0.6977329712741972 -0.28901045961650945 0.6554705600018466
    outer loop
      vertex 133.24304275107443 7.524584533452183 -1.5
      vertex 132.10157399863508 8.170808396749141 0
      vertex 133.19427562871334 7.406850285250087 -1.5
    endloop
  endfacet
  facet normal 0.6977329712739042 -0.28901045961712285 0.655470560001888
    outer loop
      vertex 133.2523144077515 7.553119758569475 -1.4972876921207616
      vertex 132.10157399863508 8.170808396749141 0
      vertex 133.24304275107443 7.524584533452183 -1.5
    endloop
  endfacet
  facet normal 0.6977329712741186 -0.28901045961666305 0.6554705600018624
    outer loop
      vertex 132.10157399863508 8.170808396749141 0
      vertex 133.2523144077515 7.553119758569475 -1.4972876921207616
      vertex 133.26133200036935 7.568738687145551 -1.5
    endloop
  endfacet
  facet normal 0.697732971274269 -0.2890104596163343 0.6554705600018474
    outer loop
      vertex 133.27637443071438 7.605054326495627 -1.5
      vertex 132.10157399863508 8.170808396749141 0
      vertex 133.26133200036935 7.568738687145551 -1.5
    endloop
  endfacet
  facet normal 0.6609868681008526 -0.3653145290966153 0.6554705600018543
    outer loop
      vertex 133.38014882432006 7.792819952976745 -1.5
      vertex 132.27607964885425 8.48655259528816 0
      vertex 133.27637443071438 7.605054326495627 -1.5
    endloop
  endfacet
  facet normal 0.6159284715476749 -0.43702455641279375 0.6554705600018553
    outer loop
      vertex 133.4368128161972 7.872680375913056 -1.5
      vertex 132.48484017794448 8.780773026875485 0
      vertex 133.38014882432006 7.792819952976745 -1.5
    endloop
  endfacet
  facet normal 0.6159284715474531 -0.43702455641306825 0.6554705600018808
    outer loop
      vertex 133.45228572576798 7.899480241430526 -1.4966711032797928
      vertex 132.48484017794448 8.780773026875485 0
      vertex 133.4368128161972 7.872680375913056 -1.5
    endloop
  endfacet
  facet normal 0.6159284715477806 -0.43702455641265453 0.6554705600018489
    outer loop
      vertex 133.468997848969 7.9180409346069505 -1.5
      vertex 132.48484017794448 8.780773026875485 0
      vertex 133.45228572576798 7.899480241430526 -1.4966711032797928
    endloop
  endfacet
  facet normal 0.6159284715476986 -0.43702455641275995 0.6554705600018556
    outer loop
      vertex 133.50429378631947 7.967785902996289 -1.5
      vertex 132.48484017794448 8.780773026875485 0
      vertex 133.468997848969 7.9180409346069505 -1.5
    endloop
  endfacet
  facet normal -0.20907191591921254 0.72570467749955 0.6554705600018538
    outer loop
      vertex 135.42570036005947 4.909884858386889 -1.5
      vertex 135.7158521052215 3.6386470018071053 0
      vertex 135.5646405572536 4.949912839639067 -1.5
    endloop
  endfacet
  facet normal -0.12650417157270402 0.7445502263417528 0.6554705600018574
    outer loop
      vertex 135.21419700584397 4.873948993131241 -1.5
      vertex 135.3601908571187 3.5782177252318648 0
      vertex 135.42570036005947 4.909884858386889 -1.5
    endloop
  endfacet
  facet normal -0.04234556386934284 0.754032624089601 0.6554705600018494
    outer loop
      vertex 135.20476739443689 4.8734194375134265 -1.5
      vertex 135 3.557989840578114 0
      vertex 135.21419700584397 4.873948993131241 -1.5
    endloop
  endfacet
  facet normal -0.04234556386910759 0.7540326240895914 0.6554705600018756
    outer loop
      vertex 135 3.557989840578114 0
      vertex 135.20476739443689 4.8734194375134265 -1.5
      vertex 135.19997131801648 4.872400000000001 -1.4991371136745473
    endloop
  endfacet
  facet normal -0.04234556386927237 0.7540326240895983 0.655470560001857
    outer loop
      vertex 135.18661462769802 4.872400000000001 -1.5
      vertex 135 3.557989840578114 0
      vertex 135.19997131801648 4.872400000000001 -1.4991371136745473
    endloop
  endfacet
  facet normal -0.04234556386928129 0.7540326240895984 0.655470560001856
    outer loop
      vertex 135 4.861919947302454 -1.5
      vertex 135 3.557989840578114 0
      vertex 135.18661462769802 4.872400000000001 -1.5
    endloop
  endfacet
  facet normal 0.042345563869281254 0.7540326240895978 0.6554705600018569
    outer loop
      vertex 134.81338537230198 4.872400000000001 -1.5
      vertex 134.6398091428813 3.5782177252318648 0
      vertex 135 4.861919947302454 -1.5
    endloop
  endfacet
  facet normal 0.12650417157270435 0.7445502263417548 0.655470560001855
    outer loop
      vertex 134.57429963994053 4.909884858386889 -1.5
      vertex 134.2841478947785 3.6386470018071053 0
      vertex 134.78580299415603 4.873948993131241 -1.5
    endloop
  endfacet
  facet normal 0.04234556386927234 0.7540326240895986 0.6554705600018564
    outer loop
      vertex 134.80002868198352 4.872400000000001 -1.4991371136745473
      vertex 134.6398091428813 3.5782177252318648 0
      vertex 134.81338537230198 4.872400000000001 -1.5
    endloop
  endfacet
  facet normal 0.5631244170947705 -0.5032387463645129 0.6554705600018573
    outer loop
      vertex 133.64724812178486 8.127751878215154 -1.5
      vertex 132.72523030112677 9.049769698873233 0
      vertex 133.50429378631947 7.967785902996289 -1.5
    endloop
  endfacet
  facet normal 0.5032387463645132 -0.5631244170947707 0.655470560001857
    outer loop
      vertex 133.70137825961336 8.176125526869733 -1.5
      vertex 132.9942269731245 9.290159822055525 0
      vertex 133.64724812178486 8.127751878215154 -1.5
    endloop
  endfacet
  facet normal 0.5032387463647242 -0.5631244170946074 0.6554705600018352
    outer loop
      vertex 133.70137825961336 8.176125526869733 -1.5
      vertex 133.71989958432545 8.196695541886204 -1.496547778611676
      vertex 132.9942269731245 9.290159822055525 0
    endloop
  endfacet
  facet normal 0.5032387463643749 -0.5631244170948826 0.655470560001867
    outer loop
      vertex 133.74394540208166 8.214165851106754 -1.5
      vertex 132.9942269731245 9.290159822055525 0
      vertex 133.71989958432545 8.196695541886204 -1.496547778611676
    endloop
  endfacet
  facet normal 0.503238746364522 -0.5631244170947642 0.6554705600018557
    outer loop
      vertex 133.8072140970037 8.270706213680539 -1.5
      vertex 132.9942269731245 9.290159822055525 0
      vertex 133.74394540208166 8.214165851106754 -1.5
    endloop
  endfacet
  facet normal 0.4370245564127634 -0.6159284715476918 0.6554705600018598
    outer loop
      vertex 133.98218004702326 8.394851175679934 -1.5
      vertex 133.28844740471183 9.498920351145753 0
      vertex 133.8072140970037 8.270706213680539 -1.5
    endloop
  endfacet
  facet normal 0.3653145290965915 -0.6609868681008629 0.6554705600018568
    outer loop
      vertex 134.02587976628843 8.419003156809111 -1.5
      vertex 133.60419160325088 9.673426001364918 0
      vertex 133.98218004702326 8.394851175679934 -1.5
    endloop
  endfacet
  facet normal 0.3653145290965926 -0.6609868681008625 0.6554705600018568
    outer loop
      vertex 134.04345997365124 8.431775925109347 -1.4969177457160256
      vertex 133.60419160325088 9.673426001364918 0
      vertex 134.02587976628843 8.419003156809111 -1.5
    endloop
  endfacet
  facet normal 0.36531452909662937 -0.6609868681008455 0.6554705600018534
    outer loop
      vertex 134.07190558121067 8.444440725565837 -1.5
      vertex 133.60419160325088 9.673426001364918 0
      vertex 134.04345997365124 8.431775925109347 -1.4969177457160256
    endloop
  endfacet
  facet normal 0.36531452909665196 -0.6609868681008347 0.6554705600018517
    outer loop
      vertex 134.16994567350437 8.49862556928561 -1.5
      vertex 133.60419160325088 9.673426001364918 0
      vertex 134.07190558121067 8.444440725565837 -1.5
    endloop
  endfacet
  facet normal 0.28901045961663224 -0.697732971274137 0.6554705600018562
    outer loop
      vertex 134.3681497147499 8.580724371286667 -1.5
      vertex 133.9374889022459 9.811482262910983 0
      vertex 134.16994567350437 8.49862556928561 -1.5
    endloop
  endfacet
  facet normal -0.20907191591930613 -0.7257046774995151 0.6554705600018627
    outer loop
      vertex 135.59117424788326 8.594447250312278 -1.4977809217955436
      vertex 135.6039297242362 8.588768146345172 -1.5
      vertex 136.0625110977541 9.811482262910983 0
    endloop
  endfacet
  facet normal -0.20907191591908175 -0.725704677499588 0.6554705600018534
    outer loop
      vertex 135.6318502852501 8.580724371286667 -1.5
      vertex 136.0625110977541 9.811482262910983 0
      vertex 135.6039297242362 8.588768146345172 -1.5
    endloop
  endfacet
  facet normal 0.04234556386911575 0.7540326240896119 0.6554705600018512
    outer loop
      vertex 134.79523260556311 4.8734194375134265 -1.5
      vertex 134.6398091428813 3.5782177252318648 0
      vertex 134.80002868198352 4.872400000000001 -1.4991371136745473
    endloop
  endfacet
  facet normal 0.04234556386934239 0.754032624089593 0.6554705600018584
    outer loop
      vertex 134.78580299415603 4.873948993131241 -1.5
      vertex 134.6398091428813 3.5782177252318648 0
      vertex 134.79523260556311 4.8734194375134265 -1.5
    endloop
  endfacet
  facet normal -0.6609868681008517 -0.36531452909661316 0.6554705600018562
    outer loop
      vertex 136.72362556928562 7.605054326495627 -1.5
      vertex 137.89842600136492 8.170808396749141 0
      vertex 136.61985117567994 7.792819952976746 -1.5
    endloop
  endfacet
  facet normal -0.6977329712741822 -0.28901045961650323 0.6554705600018653
    outer loop
      vertex 136.80572437128666 7.406850285250087 -1.5
      vertex 138.036482262911 7.837511097754103 0
      vertex 136.75695724892557 7.524584533452183 -1.5
    endloop
  endfacet
  facet normal -0.6977329712739676 -0.2890104596171365 0.6554705600018145
    outer loop
      vertex 136.75695724892557 7.524584533452183 -1.5
      vertex 138.036482262911 7.837511097754103 0
      vertex 136.7476855922485 7.553119758569475 -1.4972876921207616
    endloop
  endfacet
  facet normal -0.697732971274122 -0.28901045961666544 0.6554705600018579
    outer loop
      vertex 136.7476855922485 7.553119758569475 -1.4972876921207616
      vertex 138.036482262911 7.837511097754103 0
      vertex 136.73866799963065 7.568738687145551 -1.5
    endloop
  endfacet
  facet normal 0.6609868681008453 0.36531452909662765 0.6554705600018546
    outer loop
      vertex 132.27607964885425 -8.48655259528816 0
      vertex 133.38014882432006 -7.792819952976745 -1.5
      vertex 132.10157399863508 -8.170808396749141 0
    endloop
  endfacet
  facet normal -0.6977329712741186 0.28901045961666305 0.6554705600018624
    outer loop
      vertex 137.89842600136492 -8.170808396749141 0
      vertex 136.7476855922485 -7.553119758569475 -1.4972876921207616
      vertex 136.73866799963065 -7.568738687145551 -1.5
    endloop
  endfacet
  facet normal 0.6977329712741371 0.2890104596166321 0.6554705600018564
    outer loop
      vertex 132.10157399863508 -8.170808396749141 0
      vertex 133.27637443071438 -7.605054326495627 -1.5
      vertex 131.963517737089 -7.837511097754103 0
    endloop
  endfacet
  facet normal 0.61592847154768 0.4370245564127846 0.6554705600018564
    outer loop
      vertex 132.48484017794448 -8.780773026875485 0
      vertex 133.50429378631947 -7.967785902996289 -1.5
      vertex 132.27607964885425 -8.48655259528816 0
    endloop
  endfacet
  facet normal 0.5631244170947765 0.5032387463645067 0.6554705600018571
    outer loop
      vertex 132.72523030112677 -9.049769698873233 0
      vertex 133.64724812178486 -8.127751878215154 -1.5
      vertex 132.48484017794448 -8.780773026875485 0
    endloop
  endfacet
  facet normal 0.5032387463645126 0.5631244170947722 0.6554705600018559
    outer loop
      vertex 132.9942269731245 -9.290159822055525 0
      vertex 133.8072140970037 -8.270706213680539 -1.5
      vertex 132.72523030112677 -9.049769698873233 0
    endloop
  endfacet
  facet normal -0.6977329712741972 0.28901045961650945 0.6554705600018466
    outer loop
      vertex 136.75695724892557 -7.524584533452183 -1.5
      vertex 137.89842600136492 -8.170808396749141 0
      vertex 136.80572437128666 -7.406850285250087 -1.5
    endloop
  endfacet
  facet normal -0.6609868681008532 0.3653145290966139 0.6554705600018542
    outer loop
      vertex 136.61985117567994 -7.792819952976746 -1.5
      vertex 137.72392035114575 -8.486552595288162 0
      vertex 136.72362556928562 -7.605054326495627 -1.5
    endloop
  endfacet
  facet normal -0.6159284715476698 0.43702455641279986 0.6554705600018561
    outer loop
      vertex 136.5631871838028 -7.872680375913055 -1.5
      vertex 137.51515982205552 -8.780773026875485 0
      vertex 136.61985117567994 -7.792819952976746 -1.5
    endloop
  endfacet
  facet normal -0.615928471547461 0.43702455641305826 0.65547056000188
    outer loop
      vertex 136.54771427423202 -7.899480241430526 -1.4966711032797928
      vertex 137.51515982205552 -8.780773026875485 0
      vertex 136.5631871838028 -7.872680375913055 -1.5
    endloop
  endfacet
  facet normal -0.6159284715477806 0.43702455641265453 0.6554705600018489
    outer loop
      vertex 136.531002151031 -7.9180409346069505 -1.5
      vertex 137.51515982205552 -8.780773026875485 0
      vertex 136.54771427423202 -7.899480241430526 -1.4966711032797928
    endloop
  endfacet
  facet normal -0.6159284715476947 0.43702455641276505 0.655470560001856
    outer loop
      vertex 136.49570621368053 -7.9677859029962885 -1.5
      vertex 137.51515982205552 -8.780773026875485 0
      vertex 136.531002151031 -7.9180409346069505 -1.5
    endloop
  endfacet
  facet normal -0.5631244170947719 0.5032387463645115 0.6554705600018573
    outer loop
      vertex 136.35275187821514 -8.127751878215154 -1.5
      vertex 137.27476969887323 -9.049769698873233 0
      vertex 136.49570621368053 -7.9677859029962885 -1.5
    endloop
  endfacet
  facet normal -0.5032387463645129 0.5631244170947703 0.6554705600018573
    outer loop
      vertex 136.29862174038664 -8.176125526869733 -1.5
      vertex 137.0057730268755 -9.290159822055527 0
      vertex 136.35275187821514 -8.127751878215154 -1.5
    endloop
  endfacet
  facet normal -0.5032387463645139 0.5631244170947697 0.6554705600018572
    outer loop
      vertex 137.27476969887323 -9.049769698873233 0
      vertex 136.35275187821514 -8.127751878215154 -1.5
      vertex 137.0057730268755 -9.290159822055527 0
    endloop
  endfacet
  facet normal -0.5631244170947767 0.5032387463645069 0.6554705600018566
    outer loop
      vertex 137.51515982205552 -8.780773026875485 0
      vertex 136.49570621368053 -7.9677859029962885 -1.5
      vertex 137.27476969887323 -9.049769698873233 0
    endloop
  endfacet
  facet normal -0.6159284715476806 0.4370245564127876 0.6554705600018543
    outer loop
      vertex 137.72392035114575 -8.486552595288162 0
      vertex 136.61985117567994 -7.792819952976746 -1.5
      vertex 137.51515982205552 -8.780773026875485 0
    endloop
  endfacet
  facet normal -0.6609868681008452 0.36531452909662554 0.6554705600018558
    outer loop
      vertex 137.89842600136492 -8.170808396749141 0
      vertex 136.72362556928562 -7.605054326495627 -1.5
      vertex 137.72392035114575 -8.486552595288162 0
    endloop
  endfacet
  facet normal -0.5032387463647241 0.5631244170946071 0.6554705600018356
    outer loop
      vertex 136.29862174038664 -8.176125526869733 -1.5
      vertex 136.28010041567455 -8.196695541886204 -1.496547778611676
      vertex 137.0057730268755 -9.290159822055527 0
    endloop
  endfacet
  facet normal -0.5032387463643748 0.5631244170948823 0.6554705600018673
    outer loop
      vertex 136.25605459791834 -8.214165851106754 -1.5
      vertex 137.0057730268755 -9.290159822055527 0
      vertex 136.28010041567455 -8.196695541886204 -1.496547778611676
    endloop
  endfacet
  facet normal -0.5032387463645311 0.5631244170947567 0.6554705600018553
    outer loop
      vertex 136.1927859029963 -8.27070621368054 -1.5
      vertex 137.0057730268755 -9.290159822055527 0
      vertex 136.25605459791834 -8.214165851106754 -1.5
    endloop
  endfacet
  facet normal -0.4370245564127594 0.6159284715476949 0.6554705600018595
    outer loop
      vertex 136.01781995297674 -8.394851175679934 -1.5
      vertex 136.71155259528817 -9.49892035114575 0
      vertex 136.1927859029963 -8.27070621368054 -1.5
    endloop
  endfacet
  facet normal -0.697732971274133 0.2890104596166304 0.6554705600018615
    outer loop
      vertex 138.036482262911 -7.837511097754103 0
      vertex 136.80572437128666 -7.406850285250087 -1.5
      vertex 137.89842600136492 -8.170808396749141 0
    endloop
  endfacet
  facet normal -0.7257046774995521 0.20907191591918098 0.6554705600018614
    outer loop
      vertex 138.1363529981929 -7.490852105221509 0
      vertex 136.8651151416131 -7.200700360059453 -1.5
      vertex 138.036482262911 -7.837511097754103 0
    endloop
  endfacet
  facet normal 0.7257046774995508 0.20907191591918606 0.6554705600018613
    outer loop
      vertex 133.1348848583869 -7.200700360059454 -1.5
      vertex 131.8636470018071 -7.49085210522151 0
      vertex 133.19427562871334 -7.406850285250087 -1.5
    endloop
  endfacet
  facet normal 0.744550226341707 0.12650417157338087 0.6554705600017788
    outer loop
      vertex 133.13168260452093 -7.181853243707053 -1.5
      vertex 131.8032177252319 -7.13519085711869 0
      vertex 133.1348848583869 -7.200700360059454 -1.5
    endloop
  endfacet
  facet normal 0.7445502263417384 0.12650417157296973 0.6554705600018225
    outer loop
      vertex 133.12643705104952 -7.150980127225051 -1.5
      vertex 131.8032177252319 -7.13519085711869 0
      vertex 133.1287253364422 -7.172751708426075 -1.4983974071442319
    endloop
  endfacet
  facet normal 0.7445502263417794 0.1265041715724769 0.655470560001871
    outer loop
      vertex 133.13168260452093 -7.181853243707053 -1.5
      vertex 133.1287253364422 -7.172751708426075 -1.4983974071442319
      vertex 131.8032177252319 -7.13519085711869 0
    endloop
  endfacet
  facet normal 0.7445502263417689 0.12650417157263258 0.6554705600018529
    outer loop
      vertex 133.09894899313124 -6.98919700584397 -1.5
      vertex 131.8032177252319 -7.13519085711869 0
      vertex 133.12643705104952 -7.150980127225051 -1.5
    endloop
  endfacet
  facet normal 0.7540326240895946 0.04234556386931417 0.6554705600018585
    outer loop
      vertex 133.08691994730245 -6.775 -1.5
      vertex 131.7829898405781 -6.775 0
      vertex 133.09894899313124 -6.98919700584397 -1.5
    endloop
  endfacet
  facet normal 0.7540326240896006 -0.042345563869314505 0.6554705600018517
    outer loop
      vertex 133.09894899313124 -6.560802994156031 -1.5
      vertex 131.8032177252319 -6.41480914288131 0
      vertex 133.08691994730245 -6.775 -1.5
    endloop
  endfacet
  facet normal 0.74455022634177 -0.12650417157263277 0.6554705600018516
    outer loop
      vertex 133.12643705104952 -6.39901987277495 -1.5
      vertex 131.8636470018071 -6.059147894778491 0
      vertex 133.09894899313124 -6.560802994156031 -1.5
    endloop
  endfacet
  facet normal 0.7445502263416989 -0.12650417157296673 0.6554705600018679
    outer loop
      vertex 131.8636470018071 -6.059147894778491 0
      vertex 133.12643705104952 -6.39901987277495 -1.5
      vertex 133.1287253364422 -6.377248291573926 -1.4983974071442319
    endloop
  endfacet
  facet normal 0.7445502263417973 -0.1265041715724867 0.6554705600018486
    outer loop
      vertex 133.13168260452093 -6.368146756292948 -1.5
      vertex 131.8636470018071 -6.059147894778491 0
      vertex 133.1287253364422 -6.377248291573926 -1.4983974071442319
    endloop
  endfacet
  facet normal 0.7445502263416203 -0.12650417157336613 0.6554705600018802
    outer loop
      vertex 133.1348848583869 -6.349299639940547 -1.5
      vertex 131.8636470018071 -6.059147894778491 0
      vertex 133.13168260452093 -6.368146756292948 -1.5
    endloop
  endfacet
  facet normal 0.7257046774995504 -0.20907191591918592 0.655470560001862
    outer loop
      vertex 133.19427562871334 -6.143149714749914 -1.5
      vertex 131.963517737089 -5.712488902245898 0
      vertex 133.1348848583869 -6.349299639940547 -1.5
    endloop
  endfacet
  facet normal -0.7257046774995506 0.20907191591918511 0.655470560001862
    outer loop
      vertex 136.80572437128666 -7.406850285250087 -1.5
      vertex 138.036482262911 -7.837511097754103 0
      vertex 136.8651151416131 -7.200700360059453 -1.5
    endloop
  endfacet
  facet normal -0.7445502263416203 0.12650417157336613 0.6554705600018802
    outer loop
      vertex 136.8651151416131 -7.200700360059453 -1.5
      vertex 138.1363529981929 -7.490852105221509 0
      vertex 136.86831739547907 -7.181853243707052 -1.5
    endloop
  endfacet
  facet normal -0.744550226341795 0.12650417157249821 0.6554705600018491
    outer loop
      vertex 136.86831739547907 -7.181853243707052 -1.5
      vertex 138.1363529981929 -7.490852105221509 0
      vertex 136.8712746635578 -7.172751708426075 -1.4983974071442319
    endloop
  endfacet
  facet normal -0.7445502263416977 0.12650417157297175 0.6554705600018684
    outer loop
      vertex 138.1363529981929 -7.490852105221509 0
      vertex 136.87356294895048 -7.1509801272250515 -1.5
      vertex 136.8712746635578 -7.172751708426075 -1.4983974071442319
    endloop
  endfacet
  facet normal -0.74455022634177 0.12650417157263277 0.6554705600018514
    outer loop
      vertex 136.87356294895048 -7.1509801272250515 -1.5
      vertex 138.1363529981929 -7.490852105221509 0
      vertex 136.90105100686876 -6.9891970058439705 -1.5
    endloop
  endfacet
  facet normal -0.20907191591931595 0.7257046774995296 0.6554705600018433
    outer loop
      vertex 135.59117424788326 -8.594447250312278 -1.4977809217955436
      vertex 135.7158521052215 -9.911352998192896 0
      vertex 135.6039297242362 -8.588768146345172 -1.5
    endloop
  endfacet
  facet normal -0.7540326240896006 0.04234556386931433 0.6554705600018517
    outer loop
      vertex 136.90105100686876 -6.9891970058439705 -1.5
      vertex 138.1967822747681 -7.135190857118692 0
      vertex 136.91308005269755 -6.775 -1.5
    endloop
  endfacet
  facet normal -0.7540326240895946 -0.04234556386931399 0.6554705600018584
    outer loop
      vertex 136.91308005269755 -6.775 -1.5
      vertex 138.2170101594219 -6.775 0
      vertex 136.90105100686876 -6.56080299415603 -1.5
    endloop
  endfacet
  facet normal -0.7445502263417689 -0.12650417157263258 0.655470560001853
    outer loop
      vertex 136.90105100686876 -6.56080299415603 -1.5
      vertex 138.1967822747681 -6.4148091428813085 0
      vertex 136.87356294895048 -6.399019872774949 -1.5
    endloop
  endfacet
  facet normal -0.7445502263417783 -0.1265041715724891 0.65547056000187
    outer loop
      vertex 136.86831739547907 -6.368146756292949 -1.5
      vertex 136.8712746635578 -6.377248291573926 -1.4983974071442319
      vertex 138.1967822747681 -6.4148091428813085 0
    endloop
  endfacet
  facet normal -0.744550226341738 -0.1265041715729748 0.655470560001822
    outer loop
      vertex 136.87356294895048 -6.399019872774949 -1.5
      vertex 138.1967822747681 -6.4148091428813085 0
      vertex 136.8712746635578 -6.377248291573926 -1.4983974071442319
    endloop
  endfacet
  facet normal -0.7445502263417069 -0.12650417157338084 0.655470560001779
    outer loop
      vertex 136.86831739547907 -6.368146756292949 -1.5
      vertex 138.1967822747681 -6.4148091428813085 0
      vertex 136.8651151416131 -6.349299639940548 -1.5
    endloop
  endfacet
  facet normal -0.7257046774995511 -0.20907191591918525 0.6554705600018613
    outer loop
      vertex 136.8651151416131 -6.349299639940548 -1.5
      vertex 138.1363529981929 -6.059147894778492 0
      vertex 136.80572437128666 -6.143149714749914 -1.5
    endloop
  endfacet
  facet normal 0.7445502263417615 0.12650417157264118 0.6554705600018595
    outer loop
      vertex 131.8636470018071 -7.49085210522151 0
      vertex 133.1348848583869 -7.200700360059454 -1.5
      vertex 131.8032177252319 -7.13519085711869 0
    endloop
  endfacet
  facet normal 0.7540326240895966 0.042345563869364486 0.6554705600018531
    outer loop
      vertex 131.8032177252319 -7.13519085711869 0
      vertex 133.09894899313124 -6.98919700584397 -1.5
      vertex 131.7829898405781 -6.775 0
    endloop
  endfacet
  facet normal 0.7540326240895929 -0.04234556386936428 0.6554705600018571
    outer loop
      vertex 131.7829898405781 -6.775 0
      vertex 133.08691994730245 -6.775 -1.5
      vertex 131.8032177252319 -6.41480914288131 0
    endloop
  endfacet
  facet normal 0.7445502263417675 -0.1265041715726422 0.6554705600018527
    outer loop
      vertex 131.8032177252319 -6.41480914288131 0
      vertex 133.09894899313124 -6.560802994156031 -1.5
      vertex 131.8636470018071 -6.059147894778491 0
    endloop
  endfacet
  facet normal 0.725704677499552 -0.20907191591918148 0.6554705600018614
    outer loop
      vertex 131.8636470018071 -6.059147894778491 0
      vertex 133.1348848583869 -6.349299639940547 -1.5
      vertex 131.963517737089 -5.712488902245898 0
    endloop
  endfacet
  facet normal -0.7445502263417674 0.12650417157264313 0.6554705600018527
    outer loop
      vertex 138.1967822747681 -7.135190857118692 0
      vertex 136.90105100686876 -6.9891970058439705 -1.5
      vertex 138.1363529981929 -7.490852105221509 0
    endloop
  endfacet
  facet normal -0.7540326240895929 0.04234556386936407 0.6554705600018571
    outer loop
      vertex 138.2170101594219 -6.775 0
      vertex 136.91308005269755 -6.775 -1.5
      vertex 138.1967822747681 -7.135190857118692 0
    endloop
  endfacet
  facet normal -0.7540326240895965 -0.042345563869364264 0.655470560001853
    outer loop
      vertex 138.1967822747681 -6.4148091428813085 0
      vertex 136.90105100686876 -6.56080299415603 -1.5
      vertex 138.2170101594219 -6.775 0
    endloop
  endfacet
  facet normal -0.7445502263417614 -0.12650417157264213 0.6554705600018597
    outer loop
      vertex 138.1363529981929 -6.059147894778492 0
      vertex 136.8651151416131 -6.349299639940548 -1.5
      vertex 138.1967822747681 -6.4148091428813085 0
    endloop
  endfacet
  facet normal 0.6977329712741972 -0.28901045961650945 0.6554705600018466
    outer loop
      vertex 133.24304275107443 -6.025415466547818 -1.5
      vertex 132.10157399863508 -5.37919160325086 0
      vertex 133.19427562871334 -6.143149714749914 -1.5
    endloop
  endfacet
  facet normal 0.6977329712739043 -0.28901045961712285 0.6554705600018879
    outer loop
      vertex 133.2523144077515 -5.996880241430525 -1.4972876921207616
      vertex 132.10157399863508 -5.37919160325086 0
      vertex 133.24304275107443 -6.025415466547818 -1.5
    endloop
  endfacet
  facet normal 0.6977329712741184 -0.28901045961666294 0.6554705600018629
    outer loop
      vertex 132.10157399863508 -5.37919160325086 0
      vertex 133.2523144077515 -5.996880241430525 -1.4972876921207616
      vertex 133.26133200036935 -5.98126131285445 -1.5
    endloop
  endfacet
  facet normal 0.697732971274269 -0.2890104596163343 0.6554705600018472
    outer loop
      vertex 133.27637443071438 -5.944945673504374 -1.5
      vertex 132.10157399863508 -5.37919160325086 0
      vertex 133.26133200036935 -5.98126131285445 -1.5
    endloop
  endfacet
  facet normal 0.6609868681008524 -0.3653145290966152 0.6554705600018543
    outer loop
      vertex 133.38014882432006 -5.7571800470232555 -1.5
      vertex 132.27607964885425 -5.06344740471184 0
      vertex 133.27637443071438 -5.944945673504374 -1.5
    endloop
  endfacet
  facet normal 0.6159284715476749 -0.43702455641279375 0.6554705600018553
    outer loop
      vertex 133.4368128161972 -5.677319624086945 -1.5
      vertex 132.48484017794448 -4.769226973124516 0
      vertex 133.38014882432006 -5.7571800470232555 -1.5
    endloop
  endfacet
  facet normal 0.6159284715474531 -0.43702455641306825 0.6554705600018808
    outer loop
      vertex 133.45228572576798 -5.650519758569475 -1.4966711032797928
      vertex 132.48484017794448 -4.769226973124516 0
      vertex 133.4368128161972 -5.677319624086945 -1.5
    endloop
  endfacet
  facet normal 0.6159284715477806 -0.43702455641265453 0.6554705600018489
    outer loop
      vertex 133.468997848969 -5.63195906539305 -1.5
      vertex 132.48484017794448 -4.769226973124516 0
      vertex 133.45228572576798 -5.650519758569475 -1.4966711032797928
    endloop
  endfacet
  facet normal 0.6159284715476986 -0.43702455641275995 0.6554705600018556
    outer loop
      vertex 133.50429378631947 -5.582214097003711 -1.5
      vertex 132.48484017794448 -4.769226973124516 0
      vertex 133.468997848969 -5.63195906539305 -1.5
    endloop
  endfacet
  facet normal 0.5631244170947688 -0.5032387463645143 0.6554705600018575
    outer loop
      vertex 133.64724812178486 -5.422248121784848 -1.5
      vertex 132.72523030112677 -4.500230301126768 0
      vertex 133.50429378631947 -5.582214097003711 -1.5
    endloop
  endfacet
  facet normal 0.5032387463645129 -0.5631244170947703 0.6554705600018573
    outer loop
      vertex 133.70137825961336 -5.373874473130269 -1.5
      vertex 132.9942269731245 -4.259840177944475 0
      vertex 133.64724812178486 -5.422248121784848 -1.5
    endloop
  endfacet
  facet normal 0.5032387463647241 -0.5631244170946071 0.6554705600018356
    outer loop
      vertex 133.70137825961336 -5.373874473130269 -1.5
      vertex 133.71989958432545 -5.353304458113798 -1.496547778611676
      vertex 132.9942269731245 -4.259840177944475 0
    endloop
  endfacet
  facet normal 0.5032387463643879 -0.5631244170948719 0.6554705600018662
    outer loop
      vertex 133.74394540208166 -5.335834148893246 -1.5
      vertex 132.9942269731245 -4.259840177944475 0
      vertex 133.71989958432545 -5.353304458113798 -1.496547778611676
    endloop
  endfacet
  facet normal -0.36531452909656986 0.6609868681008724 0.6554705600018594
    outer loop
      vertex 135.97412023371157 -8.41900315680911 -1.5
      vertex 136.39580839674912 -9.673426001364918 0
      vertex 136.01781995297674 -8.394851175679934 -1.5
    endloop
  endfacet
  facet normal -0.36531452909664325 0.6609868681008391 0.6554705600018522
    outer loop
      vertex 135.95654002634876 -8.431775925109347 -1.4969177457160256
      vertex 136.39580839674912 -9.673426001364918 0
      vertex 135.97412023371157 -8.41900315680911 -1.5
    endloop
  endfacet
  facet normal -0.36531452909662937 0.6609868681008455 0.6554705600018534
    outer loop
      vertex 135.92809441878933 -8.444440725565837 -1.5
      vertex 136.39580839674912 -9.673426001364918 0
      vertex 135.95654002634876 -8.431775925109347 -1.4969177457160256
    endloop
  endfacet
  facet normal -0.36531452909665196 0.6609868681008347 0.6554705600018517
    outer loop
      vertex 135.83005432649563 -8.49862556928561 -1.5
      vertex 136.39580839674912 -9.673426001364918 0
      vertex 135.92809441878933 -8.444440725565837 -1.5
    endloop
  endfacet
  facet normal 0.6977329712741822 0.28901045961650323 0.6554705600018653
    outer loop
      vertex 133.19427562871334 -7.406850285250087 -1.5
      vertex 131.963517737089 -7.837511097754103 0
      vertex 133.24304275107443 -7.524584533452183 -1.5
    endloop
  endfacet
  facet normal 0.6977329712739676 0.2890104596171365 0.6554705600018145
    outer loop
      vertex 133.24304275107443 -7.524584533452183 -1.5
      vertex 131.963517737089 -7.837511097754103 0
      vertex 133.2523144077515 -7.553119758569475 -1.4972876921207616
    endloop
  endfacet
  facet normal 0.697732971274122 0.28901045961666544 0.6554705600018579
    outer loop
      vertex 133.2523144077515 -7.553119758569475 -1.4972876921207616
      vertex 131.963517737089 -7.837511097754103 0
      vertex 133.26133200036935 -7.568738687145551 -1.5
    endloop
  endfacet
  facet normal 0.6977329712742332 0.2890104596163195 0.6554705600018921
    outer loop
      vertex 133.26133200036935 -7.568738687145551 -1.5
      vertex 131.963517737089 -7.837511097754103 0
      vertex 133.27637443071438 -7.605054326495627 -1.5
    endloop
  endfacet
  facet normal 0.660986868100851 0.3653145290966145 0.6554705600018562
    outer loop
      vertex 133.27637443071438 -7.605054326495627 -1.5
      vertex 132.10157399863508 -8.170808396749141 0
      vertex 133.38014882432006 -7.792819952976745 -1.5
    endloop
  endfacet
  facet normal 0.6159284715476759 0.4370245564127945 0.6554705600018539
    outer loop
      vertex 133.38014882432006 -7.792819952976745 -1.5
      vertex 132.27607964885425 -8.48655259528816 0
      vertex 133.4368128161972 -7.872680375913056 -1.5
    endloop
  endfacet
  facet normal 0.5032387463645265 -0.5631244170947604 0.6554705600018554
    outer loop
      vertex 133.8072140970037 -5.279293786319461 -1.5
      vertex 132.9942269731245 -4.259840177944475 0
      vertex 133.74394540208166 -5.335834148893246 -1.5
    endloop
  endfacet
  facet normal 0.4370245564127613 -0.6159284715476933 0.6554705600018598
    outer loop
      vertex 133.98218004702326 -5.155148824320067 -1.5
      vertex 133.28844740471183 -4.051079648854248 0
      vertex 133.8072140970037 -5.279293786319461 -1.5
    endloop
  endfacet
  facet normal 0.36531452909658074 -0.6609868681008677 0.6554705600018582
    outer loop
      vertex 134.02587976628843 -5.13099684319089 -1.5
      vertex 133.60419160325088 -3.8765739986350827 0
      vertex 133.98218004702326 -5.155148824320067 -1.5
    endloop
  endfacet
  facet normal 0.36531452909664336 -0.6609868681008392 0.655470560001852
    outer loop
      vertex 134.04345997365124 -5.1182240748906525 -1.4969177457160256
      vertex 133.60419160325088 -3.8765739986350827 0
      vertex 134.02587976628843 -5.13099684319089 -1.5
    endloop
  endfacet
  facet normal 0.3653145290966294 -0.6609868681008457 0.6554705600018533
    outer loop
      vertex 134.07190558121067 -5.105559274434163 -1.5
      vertex 133.60419160325088 -3.8765739986350827 0
      vertex 134.04345997365124 -5.1182240748906525 -1.4969177457160256
    endloop
  endfacet
  facet normal 0.3653145290966473 -0.6609868681008372 0.6554705600018518
    outer loop
      vertex 134.16994567350437 -5.051374430714391 -1.5
      vertex 133.60419160325088 -3.8765739986350827 0
      vertex 134.07190558121067 -5.105559274434163 -1.5
    endloop
  endfacet
  facet normal 0.28901045961663513 -0.6977329712741364 0.6554705600018559
    outer loop
      vertex 134.3681497147499 -4.969275628713333 -1.5
      vertex 133.9374889022459 -3.7385177370890177 0
      vertex 134.16994567350437 -5.051374430714391 -1.5
    endloop
  endfacet
  facet normal 0.20907191591903476 -0.7257046774995851 0.6554705600018718
    outer loop
      vertex 134.3960702757638 -4.961231853654829 -1.5
      vertex 134.2841478947785 -3.6386470018071044 0
      vertex 134.3681497147499 -4.969275628713333 -1.5
    endloop
  endfacet
  facet normal 0.20907191591931581 -0.7257046774995295 0.6554705600018436
    outer loop
      vertex 134.40882575211674 -4.955552749687723 -1.4977809217955436
      vertex 134.2841478947785 -3.6386470018071044 0
      vertex 134.3960702757638 -4.961231853654829 -1.5
    endloop
  endfacet
  facet normal -0.2890104596166489 -0.697732971274131 0.6554705600018554
    outer loop
      vertex 136.0625110977541 -3.7385177370890177 0
      vertex 135.6318502852501 -4.969275628713333 -1.5
      vertex 136.39580839674912 -3.8765739986350827 0
    endloop
  endfacet
  facet normal -0.4370245564127826 -0.6159284715476793 0.6554705600018587
    outer loop
      vertex 136.71155259528817 -4.05107964885425 0
      vertex 136.01781995297674 -5.155148824320067 -1.5
      vertex 137.0057730268755 -4.259840177944473 0
    endloop
  endfacet
  facet normal -0.3653145290965883 -0.6609868681008679 0.6554705600018537
    outer loop
      vertex 136.39580839674912 -3.8765739986350827 0
      vertex 135.83005432649563 -5.051374430714391 -1.5
      vertex 136.71155259528817 -4.05107964885425 0
    endloop
  endfacet
  facet normal -0.12650417157271918 -0.7445502263417506 0.655470560001857
    outer loop
      vertex 135.3601908571187 -3.5782177252318648 0
      vertex 135.21419700584397 -4.873948993131241 -1.5
      vertex 135.7158521052215 -3.6386470018071044 0
    endloop
  endfacet
  facet normal -0.20907191591917745 -0.725704677499559 0.655470560001855
    outer loop
      vertex 135.7158521052215 -3.6386470018071044 0
      vertex 135.42570036005947 -4.909884858386889 -1.5
      vertex 136.0625110977541 -3.7385177370890177 0
    endloop
  endfacet
  facet normal -0.04234556386927584 -0.7540326240895986 0.6554705600018562
    outer loop
      vertex 135 -3.557989840578114 0
      vertex 135 -4.861919947302454 -1.5
      vertex 135.3601908571187 -3.5782177252318648 0
    endloop
  endfacet
  facet normal 0.04234556386927583 -0.7540326240895984 0.6554705600018564
    outer loop
      vertex 134.6398091428813 -3.5782177252318648 0
      vertex 134.78580299415603 -4.873948993131241 -1.5
      vertex 135 -3.557989840578114 0
    endloop
  endfacet
  facet normal 0.12650417157271934 -0.7445502263417516 0.6554705600018557
    outer loop
      vertex 134.2841478947785 -3.6386470018071044 0
      vertex 134.57429963994053 -4.909884858386889 -1.5
      vertex 134.6398091428813 -3.5782177252318648 0
    endloop
  endfacet
  facet normal 0.7257046774995517 0.20907191591918137 0.6554705600018618
    outer loop
      vertex 131.963517737089 -7.837511097754103 0
      vertex 133.19427562871334 -7.406850285250087 -1.5
      vertex 131.8636470018071 -7.49085210522151 0
    endloop
  endfacet
  facet normal 0.6159284715474934 0.43702455641308535 0.6554705600018316
    outer loop
      vertex 133.4368128161972 -7.872680375913056 -1.5
      vertex 132.27607964885425 -8.48655259528816 0
      vertex 133.45228572576798 -7.899480241430526 -1.4966711032797928
    endloop
  endfacet
  facet normal 0.6159284715477675 0.43702455641263854 0.6554705600018718
    outer loop
      vertex 133.45228572576798 -7.899480241430526 -1.4966711032797928
      vertex 132.27607964885425 -8.48655259528816 0
      vertex 133.468997848969 -7.9180409346069505 -1.5
    endloop
  endfacet
  facet normal 0.6159284715476956 0.43702455641275784 0.6554705600018598
    outer loop
      vertex 133.468997848969 -7.9180409346069505 -1.5
      vertex 132.27607964885425 -8.48655259528816 0
      vertex 133.50429378631947 -7.967785902996289 -1.5
    endloop
  endfacet
  facet normal -0.28901045961663224 0.697732971274137 0.6554705600018562
    outer loop
      vertex 135.6318502852501 -8.580724371286667 -1.5
      vertex 136.0625110977541 -9.811482262910983 0
      vertex 135.83005432649563 -8.49862556928561 -1.5
    endloop
  endfacet
  facet normal 0.43702455641276544 0.6159284715476947 0.6554705600018556
    outer loop
      vertex 133.8072140970037 -8.270706213680539 -1.5
      vertex 132.9942269731245 -9.290159822055525 0
      vertex 133.98218004702326 -8.394851175679934 -1.5
    endloop
  endfacet
  facet normal 0.2890104596166493 -0.6977329712741319 0.6554705600018542
    outer loop
      vertex 133.60419160325088 -3.8765739986350827 0
      vertex 134.16994567350437 -5.051374430714391 -1.5
      vertex 133.9374889022459 -3.7385177370890177 0
    endloop
  endfacet
  facet normal 0.36531452909658374 -0.6609868681008664 0.6554705600018579
    outer loop
      vertex 133.28844740471183 -4.051079648854248 0
      vertex 133.98218004702326 -5.155148824320067 -1.5
      vertex 133.60419160325088 -3.8765739986350827 0
    endloop
  endfacet
  facet normal -0.2090719159191331 0.7257046774995667 0.6554705600018608
    outer loop
      vertex 135.5646405572536 -8.600087160360934 -1.5
      vertex 135.7158521052215 -9.911352998192896 0
      vertex 135.59117424788326 -8.594447250312278 -1.4977809217955436
    endloop
  endfacet
  facet normal -0.2090719159192125 0.7257046774995499 0.6554705600018541
    outer loop
      vertex 135.42570036005947 -8.640115141613112 -1.5
      vertex 135.7158521052215 -9.911352998192896 0
      vertex 135.5646405572536 -8.600087160360934 -1.5
    endloop
  endfacet
  facet normal -0.12650417157270707 0.7445502263417524 0.6554705600018571
    outer loop
      vertex 135.21419700584397 -8.67605100686876 -1.5
      vertex 135.3601908571187 -9.971782274768136 0
      vertex 135.42570036005947 -8.640115141613112 -1.5
    endloop
  endfacet
  facet normal -0.04234556386927166 0.7540326240895983 0.655470560001857
    outer loop
      vertex 135.20476739443689 -8.676580562486574 -1.5
      vertex 135 -9.992010159421888 0
      vertex 135.21419700584397 -8.67605100686876 -1.5
    endloop
  endfacet
  facet normal -0.042345563869107455 0.7540326240895905 0.6554705600018765
    outer loop
      vertex 135 -9.992010159421888 0
      vertex 135.20476739443689 -8.676580562486574 -1.5
      vertex 135.19997131801648 -8.6776 -1.4991371136745473
    endloop
  endfacet
  facet normal -0.20907191591907848 0.7257046774995767 0.655470560001867
    outer loop
      vertex 135.6039297242362 -8.588768146345172 -1.5
      vertex 135.7158521052215 -9.911352998192896 0
      vertex 135.6318502852501 -8.580724371286667 -1.5
    endloop
  endfacet
  facet normal 0.43702455641278865 0.6159284715476746 0.6554705600018589
    outer loop
      vertex 133.28844740471183 -9.498920351145753 0
      vertex 133.98218004702326 -8.394851175679934 -1.5
      vertex 132.9942269731245 -9.290159822055525 0
    endloop
  endfacet
  facet normal 0.1265041715727201 0.7445502263417506 0.6554705600018569
    outer loop
      vertex 134.6398091428813 -9.971782274768136 0
      vertex 134.78580299415603 -8.67605100686876 -1.5
      vertex 134.2841478947785 -9.911352998192896 0
    endloop
  endfacet
  facet normal 0.2090719159191766 0.7257046774995592 0.655470560001855
    outer loop
      vertex 134.2841478947785 -9.911352998192896 0
      vertex 134.57429963994053 -8.640115141613112 -1.5
      vertex 133.9374889022459 -9.811482262910983 0
    endloop
  endfacet
  facet normal 0.042345563869276764 0.7540326240895985 0.6554705600018566
    outer loop
      vertex 135 -9.992010159421888 0
      vertex 135 -8.688080052697547 -1.5
      vertex 134.6398091428813 -9.971782274768136 0
    endloop
  endfacet
  facet normal -0.042345563869276764 0.7540326240895985 0.6554705600018566
    outer loop
      vertex 135.3601908571187 -9.971782274768136 0
      vertex 135.21419700584397 -8.67605100686876 -1.5
      vertex 135 -9.992010159421888 0
    endloop
  endfacet
  facet normal -0.12650417157272026 0.7445502263417515 0.6554705600018558
    outer loop
      vertex 135.7158521052215 -9.911352998192896 0
      vertex 135.42570036005947 -8.640115141613112 -1.5
      vertex 135.3601908571187 -9.971782274768136 0
    endloop
  endfacet
  facet normal -0.2090719159191763 0.7257046774995582 0.6554705600018562
    outer loop
      vertex 136.0625110977541 -9.811482262910983 0
      vertex 135.6318502852501 -8.580724371286667 -1.5
      vertex 135.7158521052215 -9.911352998192896 0
    endloop
  endfacet
  facet normal -0.042345563869272386 0.7540326240895979 0.6554705600018572
    outer loop
      vertex 135.18661462769802 -8.6776 -1.5
      vertex 135 -9.992010159421888 0
      vertex 135.19997131801648 -8.6776 -1.4991371136745473
    endloop
  endfacet
  facet normal -0.12650417157270433 -0.7445502263417546 0.6554705600018552
    outer loop
      vertex 135.42570036005947 -4.909884858386889 -1.5
      vertex 135.7158521052215 -3.6386470018071044 0
      vertex 135.21419700584397 -4.873948993131241 -1.5
    endloop
  endfacet
  facet normal -0.04234556386934239 -0.754032624089593 0.6554705600018584
    outer loop
      vertex 135.21419700584397 -4.873948993131241 -1.5
      vertex 135.3601908571187 -3.5782177252318648 0
      vertex 135.20476739443689 -4.8734194375134265 -1.5
    endloop
  endfacet
  facet normal 0.36531452909659184 0.6609868681008617 0.6554705600018581
    outer loop
      vertex 134.02587976628843 -8.419003156809111 -1.5
      vertex 133.28844740471183 -9.498920351145753 0
      vertex 134.04345997365124 -8.431775925109347 -1.4969177457160256
    endloop
  endfacet
  facet normal 0.365314529096591 0.6609868681008622 0.6554705600018581
    outer loop
      vertex 133.98218004702326 -8.394851175679934 -1.5
      vertex 133.28844740471183 -9.498920351145753 0
      vertex 134.02587976628843 -8.419003156809111 -1.5
    endloop
  endfacet
  facet normal -0.04234556386911575 -0.7540326240896119 0.6554705600018512
    outer loop
      vertex 135.20476739443689 -4.8734194375134265 -1.5
      vertex 135.3601908571187 -3.5782177252318648 0
      vertex 135.19997131801648 -4.872400000000001 -1.4991371136745473
    endloop
  endfacet
  facet normal -0.04234556386927234 -0.7540326240895986 0.6554705600018564
    outer loop
      vertex 135.19997131801648 -4.872400000000001 -1.4991371136745473
      vertex 135.3601908571187 -3.5782177252318648 0
      vertex 135.18661462769802 -4.872400000000001 -1.5
    endloop
  endfacet
  facet normal -0.042345563869281254 -0.7540326240895978 0.6554705600018569
    outer loop
      vertex 135.18661462769802 -4.872400000000001 -1.5
      vertex 135.3601908571187 -3.5782177252318648 0
      vertex 135 -4.861919947302454 -1.5
    endloop
  endfacet
  facet normal 0.04234556386928129 -0.7540326240895984 0.655470560001856
    outer loop
      vertex 135 -4.861919947302454 -1.5
      vertex 135 -3.557989840578114 0
      vertex 134.81338537230198 -4.872400000000001 -1.5
    endloop
  endfacet
  facet normal 0.04234556386927237 -0.7540326240895983 0.655470560001857
    outer loop
      vertex 134.81338537230198 -4.872400000000001 -1.5
      vertex 135 -3.557989840578114 0
      vertex 134.80002868198352 -4.872400000000001 -1.4991371136745473
    endloop
  endfacet
  facet normal 0.04234556386910759 -0.7540326240895914 0.6554705600018756
    outer loop
      vertex 135 -3.557989840578114 0
      vertex 134.79523260556311 -4.8734194375134265 -1.5
      vertex 134.80002868198352 -4.872400000000001 -1.4991371136745473
    endloop
  endfacet
  facet normal 0.04234556386934284 -0.754032624089601 0.6554705600018494
    outer loop
      vertex 134.79523260556311 -4.8734194375134265 -1.5
      vertex 135 -3.557989840578114 0
      vertex 134.78580299415603 -4.873948993131241 -1.5
    endloop
  endfacet
  facet normal -0.04234556386928128 0.7540326240895983 0.6554705600018563
    outer loop
      vertex 135 -8.688080052697547 -1.5
      vertex 135 -9.992010159421888 0
      vertex 135.18661462769802 -8.6776 -1.5
    endloop
  endfacet
  facet normal 0.04234556386928124 0.7540326240895976 0.6554705600018569
    outer loop
      vertex 134.81338537230198 -8.6776 -1.5
      vertex 134.6398091428813 -9.971782274768136 0
      vertex 135 -8.688080052697547 -1.5
    endloop
  endfacet
  facet normal 0.12650417157270735 0.744550226341754 0.6554705600018554
    outer loop
      vertex 134.57429963994053 -8.640115141613112 -1.5
      vertex 134.2841478947785 -9.911352998192896 0
      vertex 134.78580299415603 -8.67605100686876 -1.5
    endloop
  endfacet
  facet normal 0.3653145290966274 0.6609868681008396 0.6554705600018603
    outer loop
      vertex 134.04345997365124 -8.431775925109347 -1.4969177457160256
      vertex 133.28844740471183 -9.498920351145753 0
      vertex 134.07190558121067 -8.444440725565837 -1.5
    endloop
  endfacet
  facet normal 0.20907191591930613 0.7257046774995151 0.6554705600018627
    outer loop
      vertex 134.40882575211674 -8.594447250312278 -1.4977809217955436
      vertex 134.3960702757638 -8.588768146345172 -1.5
      vertex 133.9374889022459 -9.811482262910983 0
    endloop
  endfacet
  facet normal 0.20907191591908175 0.725704677499588 0.6554705600018534
    outer loop
      vertex 134.3681497147499 -8.580724371286667 -1.5
      vertex 133.9374889022459 -9.811482262910983 0
      vertex 134.3960702757638 -8.588768146345172 -1.5
    endloop
  endfacet
  facet normal 0.36531452909664763 0.6609868681008269 0.655470560001862
    outer loop
      vertex 134.07190558121067 -8.444440725565837 -1.5
      vertex 133.28844740471183 -9.498920351145753 0
      vertex 134.16994567350437 -8.49862556928561 -1.5
    endloop
  endfacet
  facet normal 0.28901045961663313 0.6977329712741391 0.6554705600018538
    outer loop
      vertex 134.16994567350437 -8.49862556928561 -1.5
      vertex 133.60419160325088 -9.673426001364918 0
      vertex 134.3681497147499 -8.580724371286667 -1.5
    endloop
  endfacet
  facet normal 0.20907191591913368 0.7257046774995719 0.6554705600018547
    outer loop
      vertex 134.40882575211674 -8.594447250312278 -1.4977809217955436
      vertex 133.9374889022459 -9.811482262910983 0
      vertex 134.4353594427464 -8.600087160360934 -1.5
    endloop
  endfacet
  facet normal 0.20907191591921126 0.7257046774995455 0.655470560001859
    outer loop
      vertex 134.4353594427464 -8.600087160360934 -1.5
      vertex 133.9374889022459 -9.811482262910983 0
      vertex 134.57429963994053 -8.640115141613112 -1.5
    endloop
  endfacet
  facet normal 0.04234556386927235 0.7540326240895985 0.6554705600018567
    outer loop
      vertex 134.80002868198352 -8.6776 -1.4991371136745473
      vertex 134.6398091428813 -9.971782274768136 0
      vertex 134.81338537230198 -8.6776 -1.5
    endloop
  endfacet
  facet normal 0.12650417157270402 -0.7445502263417528 0.6554705600018574
    outer loop
      vertex 134.78580299415603 -4.873948993131241 -1.5
      vertex 134.6398091428813 -3.5782177252318648 0
      vertex 134.57429963994053 -4.909884858386889 -1.5
    endloop
  endfacet
  facet normal 0.2090719159192125 -0.7257046774995499 0.6554705600018541
    outer loop
      vertex 134.57429963994053 -4.909884858386889 -1.5
      vertex 134.2841478947785 -3.6386470018071044 0
      vertex 134.4353594427464 -4.949912839639067 -1.5
    endloop
  endfacet
  facet normal -0.5032387463645155 -0.5631244170947693 0.6554705600018562
    outer loop
      vertex 137.0057730268755 -4.259840177944473 0
      vertex 136.1927859029963 -5.279293786319461 -1.5
      vertex 137.27476969887323 -4.500230301126768 0
    endloop
  endfacet
  facet normal -0.6159284715476788 -0.43702455641278637 0.6554705600018568
    outer loop
      vertex 137.51515982205552 -4.769226973124516 0
      vertex 136.49570621368053 -5.582214097003712 -1.5
      vertex 137.72392035114575 -5.063447404711839 0
    endloop
  endfacet
  facet normal -0.5631244170947763 -0.5032387463645066 0.6554705600018573
    outer loop
      vertex 137.27476969887323 -4.500230301126768 0
      vertex 136.35275187821514 -5.422248121784848 -1.5
      vertex 137.51515982205552 -4.769226973124516 0
    endloop
  endfacet
  facet normal -0.6609868681008465 -0.36531452909662526 0.6554705600018546
    outer loop
      vertex 137.72392035114575 -5.063447404711839 0
      vertex 136.61985117567994 -5.757180047023255 -1.5
      vertex 137.89842600136492 -5.37919160325086 0
    endloop
  endfacet
  facet normal -0.6977329712741368 -0.28901045961663274 0.6554705600018562
    outer loop
      vertex 137.89842600136492 -5.37919160325086 0
      vertex 136.72362556928562 -5.944945673504374 -1.5
      vertex 138.036482262911 -5.712488902245898 0
    endloop
  endfacet
  facet normal -0.7257046774995518 -0.2090719159191809 0.6554705600018618
    outer loop
      vertex 138.036482262911 -5.712488902245898 0
      vertex 136.80572437128666 -6.143149714749914 -1.5
      vertex 138.1363529981929 -6.059147894778492 0
    endloop
  endfacet
  facet normal 0.43702455641278876 -0.6159284715476774 0.6554705600018563
    outer loop
      vertex 132.9942269731245 -4.259840177944475 0
      vertex 133.8072140970037 -5.279293786319461 -1.5
      vertex 133.28844740471183 -4.051079648854248 0
    endloop
  endfacet
  facet normal 0.5032387463645128 -0.5631244170947705 0.6554705600018573
    outer loop
      vertex 132.72523030112677 -4.500230301126768 0
      vertex 133.64724812178486 -5.422248121784848 -1.5
      vertex 132.9942269731245 -4.259840177944475 0
    endloop
  endfacet
  facet normal 0.5631244170947768 -0.503238746364507 0.6554705600018564
    outer loop
      vertex 132.48484017794448 -4.769226973124516 0
      vertex 133.50429378631947 -5.582214097003711 -1.5
      vertex 132.72523030112677 -4.500230301126768 0
    endloop
  endfacet
  facet normal 0.04234556386911571 0.7540326240896119 0.6554705600018514
    outer loop
      vertex 134.79523260556311 -8.676580562486574 -1.5
      vertex 134.6398091428813 -9.971782274768136 0
      vertex 134.80002868198352 -8.6776 -1.4991371136745473
    endloop
  endfacet
  facet normal 0.04234556386927169 0.7540326240895988 0.6554705600018563
    outer loop
      vertex 134.78580299415603 -8.67605100686876 -1.5
      vertex 134.6398091428813 -9.971782274768136 0
      vertex 134.79523260556311 -8.676580562486574 -1.5
    endloop
  endfacet
  facet normal 0.615928471547681 -0.43702455641278665 0.6554705600018543
    outer loop
      vertex 132.27607964885425 -5.06344740471184 0
      vertex 133.38014882432006 -5.7571800470232555 -1.5
      vertex 132.48484017794448 -4.769226973124516 0
    endloop
  endfacet
  facet normal 0.6609868681008454 -0.36531452909662565 0.6554705600018558
    outer loop
      vertex 132.10157399863508 -5.37919160325086 0
      vertex 133.27637443071438 -5.944945673504374 -1.5
      vertex 132.27607964885425 -5.06344740471184 0
    endloop
  endfacet
  facet normal 0.6977329712741328 -0.2890104596166311 0.6554705600018615
    outer loop
      vertex 131.963517737089 -5.712488902245898 0
      vertex 133.19427562871334 -6.143149714749914 -1.5
      vertex 132.10157399863508 -5.37919160325086 0
    endloop
  endfacet
  facet normal -0.28901045961663574 -0.6977329712741379 0.6554705600018539
    outer loop
      vertex 135.83005432649563 -5.051374430714391 -1.5
      vertex 136.39580839674912 -3.8765739986350827 0
      vertex 135.6318502852501 -4.969275628713333 -1.5
    endloop
  endfacet
  facet normal -0.3653145290965811 -0.6609868681008684 0.6554705600018573
    outer loop
      vertex 136.01781995297674 -5.155148824320067 -1.5
      vertex 136.71155259528817 -4.05107964885425 0
      vertex 135.97412023371157 -5.13099684319089 -1.5
    endloop
  endfacet
  facet normal 0.5631244170947712 0.5032387463645137 0.6554705600018561
    outer loop
      vertex 133.50429378631947 -7.967785902996289 -1.5
      vertex 132.48484017794448 -8.780773026875485 0
      vertex 133.64724812178486 -8.127751878215154 -1.5
    endloop
  endfacet
  facet normal 0.5032387463645129 0.5631244170947705 0.6554705600018572
    outer loop
      vertex 133.64724812178486 -8.127751878215154 -1.5
      vertex 132.72523030112677 -9.049769698873233 0
      vertex 133.70137825961336 -8.176125526869733 -1.5
    endloop
  endfacet
  facet normal 0.5032387463646973 0.5631244170945892 0.6554705600018715
    outer loop
      vertex 133.70137825961336 -8.176125526869733 -1.5
      vertex 132.72523030112677 -9.049769698873233 0
      vertex 133.71989958432545 -8.196695541886204 -1.496547778611676
    endloop
  endfacet
  facet normal -0.36531452909664347 -0.6609868681008302 0.6554705600018609
    outer loop
      vertex 135.92809441878933 -5.105559274434163 -1.5
      vertex 136.71155259528817 -4.05107964885425 0
      vertex 135.83005432649563 -5.051374430714391 -1.5
    endloop
  endfacet
  facet normal -0.36531452909662765 -0.6609868681008402 0.6554705600018598
    outer loop
      vertex 135.95654002634876 -5.1182240748906525 -1.4969177457160256
      vertex 136.71155259528817 -4.05107964885425 0
      vertex 135.92809441878933 -5.105559274434163 -1.5
    endloop
  endfacet
  facet normal -0.36531452909663803 -0.6609868681008338 0.6554705600018604
    outer loop
      vertex 135.97412023371157 -5.13099684319089 -1.5
      vertex 136.71155259528817 -4.05107964885425 0
      vertex 135.95654002634876 -5.1182240748906525 -1.4969177457160256
    endloop
  endfacet
  facet normal -0.5032387463645253 -0.5631244170947589 0.6554705600018578
    outer loop
      vertex 136.25605459791834 -5.335834148893246 -1.5
      vertex 137.27476969887323 -4.500230301126768 0
      vertex 136.1927859029963 -5.279293786319461 -1.5
    endloop
  endfacet
  facet normal -0.4370245564127632 -0.615928471547696 0.655470560001856
    outer loop
      vertex 136.1927859029963 -5.279293786319461 -1.5
      vertex 137.0057730268755 -4.259840177944473 0
      vertex 136.01781995297674 -5.155148824320067 -1.5
    endloop
  endfacet
  facet normal -0.5032387463646971 -0.5631244170945889 0.6554705600018718
    outer loop
      vertex 136.29862174038664 -5.373874473130269 -1.5
      vertex 137.27476969887323 -4.500230301126768 0
      vertex 136.28010041567455 -5.353304458113798 -1.496547778611676
    endloop
  endfacet
  facet normal 0.5032387463643855 0.5631244170949017 0.6554705600018423
    outer loop
      vertex 133.71989958432545 -8.196695541886204 -1.496547778611676
      vertex 132.72523030112677 -9.049769698873233 0
      vertex 133.74394540208166 -8.214165851106754 -1.5
    endloop
  endfacet
  facet normal 0.503238746364521 0.5631244170947631 0.6554705600018573
    outer loop
      vertex 133.74394540208166 -8.214165851106754 -1.5
      vertex 132.72523030112677 -9.049769698873233 0
      vertex 133.8072140970037 -8.270706213680539 -1.5
    endloop
  endfacet
  facet normal -0.5032387463643975 -0.5631244170948895 0.6554705600018438
    outer loop
      vertex 136.28010041567455 -5.353304458113798 -1.496547778611676
      vertex 137.27476969887323 -4.500230301126768 0
      vertex 136.25605459791834 -5.335834148893246 -1.5
    endloop
  endfacet
  facet normal -0.5032387463645129 -0.5631244170947703 0.6554705600018573
    outer loop
      vertex 136.35275187821514 -5.422248121784848 -1.5
      vertex 137.27476969887323 -4.500230301126768 0
      vertex 136.29862174038664 -5.373874473130269 -1.5
    endloop
  endfacet
  facet normal -0.5631244170947711 -0.5032387463645136 0.6554705600018563
    outer loop
      vertex 136.49570621368053 -5.582214097003712 -1.5
      vertex 137.51515982205552 -4.769226973124516 0
      vertex 136.35275187821514 -5.422248121784848 -1.5
    endloop
  endfacet
  facet normal -0.615928471547692 -0.4370245564127631 0.6554705600018595
    outer loop
      vertex 136.531002151031 -5.63195906539305 -1.5
      vertex 137.72392035114575 -5.063447404711839 0
      vertex 136.49570621368053 -5.582214097003712 -1.5
    endloop
  endfacet
  facet normal -0.6159284715477674 -0.4370245564126383 0.6554705600018721
    outer loop
      vertex 136.54771427423202 -5.650519758569475 -1.4966711032797928
      vertex 137.72392035114575 -5.063447404711839 0
      vertex 136.531002151031 -5.63195906539305 -1.5
    endloop
  endfacet
  facet normal -0.6159284715474995 -0.43702455641307464 0.6554705600018329
    outer loop
      vertex 136.5631871838028 -5.6773196240869455 -1.5
      vertex 137.72392035114575 -5.063447404711839 0
      vertex 136.54771427423202 -5.650519758569475 -1.4966711032797928
    endloop
  endfacet
  facet normal -0.6159284715476714 -0.43702455641280097 0.6554705600018538
    outer loop
      vertex 136.61985117567994 -5.757180047023255 -1.5
      vertex 137.72392035114575 -5.063447404711839 0
      vertex 136.5631871838028 -5.6773196240869455 -1.5
    endloop
  endfacet
  facet normal -0.6977329712742332 -0.2890104596163195 0.6554705600018921
    outer loop
      vertex 136.73866799963065 -5.98126131285445 -1.5
      vertex 138.036482262911 -5.712488902245898 0
      vertex 136.72362556928562 -5.944945673504374 -1.5
    endloop
  endfacet
  facet normal -0.697732971274122 -0.28901045961666544 0.6554705600018579
    outer loop
      vertex 136.7476855922485 -5.996880241430525 -1.4972876921207616
      vertex 138.036482262911 -5.712488902245898 0
      vertex 136.73866799963065 -5.98126131285445 -1.5
    endloop
  endfacet
  facet normal 0.2890104596166496 0.6977329712741305 0.6554705600018559
    outer loop
      vertex 133.9374889022459 -9.811482262910983 0
      vertex 134.3681497147499 -8.580724371286667 -1.5
      vertex 133.60419160325088 -9.673426001364918 0
    endloop
  endfacet
  facet normal 0.36531452909658546 0.6609868681008695 0.6554705600018539
    outer loop
      vertex 133.60419160325088 -9.673426001364918 0
      vertex 134.16994567350437 -8.49862556928561 -1.5
      vertex 133.28844740471183 -9.498920351145753 0
    endloop
  endfacet
  facet normal -0.6977329712739676 -0.2890104596171365 0.6554705600018145
    outer loop
      vertex 136.75695724892557 -6.025415466547818 -1.5
      vertex 138.036482262911 -5.712488902245898 0
      vertex 136.7476855922485 -5.996880241430525 -1.4972876921207616
    endloop
  endfacet
  facet normal -0.6977329712741822 -0.28901045961650323 0.6554705600018653
    outer loop
      vertex 136.80572437128666 -6.143149714749914 -1.5
      vertex 138.036482262911 -5.712488902245898 0
      vertex 136.75695724892557 -6.025415466547818 -1.5
    endloop
  endfacet
  facet normal -0.6609868681008518 -0.36531452909661316 0.6554705600018561
    outer loop
      vertex 136.72362556928562 -5.944945673504374 -1.5
      vertex 137.89842600136492 -5.37919160325086 0
      vertex 136.61985117567994 -5.757180047023255 -1.5
    endloop
  endfacet
  facet normal -0.2090719159192113 -0.7257046774995457 0.655470560001859
    outer loop
      vertex 135.5646405572536 -4.949912839639067 -1.5
      vertex 136.0625110977541 -3.7385177370890177 0
      vertex 135.42570036005947 -4.909884858386889 -1.5
    endloop
  endfacet
  facet normal -0.2090719159191565 -0.7257046774995644 0.6554705600018559
    outer loop
      vertex 135.59117424788326 -4.955552749687723 -1.4977809217955436
      vertex 136.0625110977541 -3.7385177370890177 0
      vertex 135.5646405572536 -4.949912839639067 -1.5
    endloop
  endfacet
  facet normal -0.2090719159190395 -0.7257046774996015 0.6554705600018519
    outer loop
      vertex 135.6318502852501 -4.969275628713333 -1.5
      vertex 136.0625110977541 -3.7385177370890177 0
      vertex 135.6039297242362 -4.961231853654829 -1.5
    endloop
  endfacet
  facet normal -0.2890104596166501 0.6977329712741317 0.6554705600018543
    outer loop
      vertex 136.39580839674912 -9.673426001364918 0
      vertex 135.83005432649563 -8.49862556928561 -1.5
      vertex 136.0625110977541 -9.811482262910983 0
    endloop
  endfacet
  facet normal -0.36531452909658674 0.660986868100865 0.6554705600018574
    outer loop
      vertex 136.71155259528817 -9.49892035114575 0
      vertex 136.01781995297674 -8.394851175679934 -1.5
      vertex 136.39580839674912 -9.673426001364918 0
    endloop
  endfacet
  facet normal -0.43702455641278515 0.6159284715476802 0.6554705600018563
    outer loop
      vertex 137.0057730268755 -9.290159822055527 0
      vertex 136.1927859029963 -8.27070621368054 -1.5
      vertex 136.71155259528817 -9.49892035114575 0
    endloop
  endfacet
  facet normal -0.20907191591930605 -0.7257046774995148 0.6554705600018628
    outer loop
      vertex 135.59117424788326 -4.955552749687723 -1.4977809217955436
      vertex 135.6039297242362 -4.961231853654829 -1.5
      vertex 136.0625110977541 -3.7385177370890177 0
    endloop
  endfacet
  facet normal 0.2090719159191562 -0.7257046774995618 0.6554705600018588
    outer loop
      vertex 134.4353594427464 -4.949912839639067 -1.5
      vertex 134.2841478947785 -3.6386470018071044 0
      vertex 134.40882575211674 -4.955552749687723 -1.4977809217955436
    endloop
  endfacet
  facet normal -0.697732971274269 0.2890104596163343 0.6554705600018474
    outer loop
      vertex 136.72362556928562 -7.605054326495627 -1.5
      vertex 137.89842600136492 -8.170808396749141 0
      vertex 136.73866799963065 -7.568738687145551 -1.5
    endloop
  endfacet
  facet normal -0.6977329712739042 0.28901045961712285 0.655470560001888
    outer loop
      vertex 136.7476855922485 -7.553119758569475 -1.4972876921207616
      vertex 137.89842600136492 -8.170808396749141 0
      vertex 136.75695724892557 -7.524584533452183 -1.5
    endloop
  endfacet
  facet normal 0.20907191591917723 -0.7257046774995582 0.6554705600018559
    outer loop
      vertex 133.9374889022459 -3.7385177370890177 0
      vertex 134.3681497147499 -4.969275628713333 -1.5
      vertex 134.2841478947785 -3.6386470018071044 0
    endloop
  endfacet
  facet normal 0.6977329712741414 -0.28901045961662275 0.6554705600018562
    outer loop
      vertex 13.276374430714391 7.605054326495627 -1.5
      vertex 12.101573998635082 8.170808396749141 0
      vertex 13.26133200036934 7.568738687145551 -1.5
    endloop
  endfacet
  facet normal -0.12650417157271096 -0.7445502263417526 0.6554705600018562
    outer loop
      vertex 15.36019085711869 9.971782274768136 0
      vertex 15.21419700584397 8.67605100686876 -1.5
      vertex 15.715852105221508 9.911352998192896 0
    endloop
  endfacet
  facet normal 0.6977329712741372 -0.28901045961663097 0.6554705600018568
    outer loop
      vertex 13.25231440775149 7.553119758569475 -1.4972876921207616
      vertex 12.101573998635082 8.170808396749141 0
      vertex 13.24304275107444 7.524584533452183 -1.5
    endloop
  endfacet
  facet normal 0.697732971274141 -0.289010459616623 0.6554705600018561
    outer loop
      vertex 13.24304275107444 7.524584533452183 -1.5
      vertex 12.101573998635082 8.170808396749141 0
      vertex 13.194275628713333 7.406850285250087 -1.5
    endloop
  endfacet
  facet normal 0.6609868681008508 -0.3653145290966144 0.6554705600018566
    outer loop
      vertex 13.380148824320067 7.792819952976745 -1.5
      vertex 12.276079648854248 8.48655259528816 0
      vertex 13.276374430714391 7.605054326495627 -1.5
    endloop
  endfacet
  facet normal 0.6159284715476881 -0.4370245564127757 0.655470560001855
    outer loop
      vertex 13.436812816197207 7.872680375913056 -1.5
      vertex 12.484840177944475 8.780773026875485 0
      vertex 13.380148824320067 7.792819952976745 -1.5
    endloop
  endfacet
  facet normal 0.6159284715476788 -0.4370245564127872 0.655470560001856
    outer loop
      vertex 13.452285725767965 7.899480241430526 -1.4966711032797928
      vertex 12.484840177944475 8.780773026875485 0
      vertex 13.436812816197207 7.872680375913056 -1.5
    endloop
  endfacet
  facet normal 0.6159284715476742 -0.43702455641279303 0.6554705600018564
    outer loop
      vertex 13.46899784896899 7.9180409346069505 -1.5
      vertex 12.484840177944475 8.780773026875485 0
      vertex 13.452285725767965 7.899480241430526 -1.4966711032797928
    endloop
  endfacet
  facet normal 0.6159284715476774 -0.43702455641278887 0.6554705600018561
    outer loop
      vertex 13.504293786319462 7.967785902996289 -1.5
      vertex 12.484840177944475 8.780773026875485 0
      vertex 13.46899784896899 7.9180409346069505 -1.5
    endloop
  endfacet
  facet normal 0.5631244170947806 -0.5032387463645033 0.6554705600018562
    outer loop
      vertex 13.647248121784846 8.127751878215154 -1.5
      vertex 12.725230301126766 9.049769698873233 0
      vertex 13.504293786319462 7.967785902996289 -1.5
    endloop
  endfacet
  facet normal -0.7445502263417525 -0.12650417157271499 0.6554705600018557
    outer loop
      vertex 18.136352998192894 7.490852105221509 0
      vertex 16.865115141613114 7.200700360059453 -1.5
      vertex 18.196782274768136 7.135190857118692 0
    endloop
  endfacet
  facet normal -0.7540326240895983 -0.04234556386927512 0.6554705600018567
    outer loop
      vertex 18.196782274768136 7.135190857118692 0
      vertex 16.90105100686876 6.9891970058439705 -1.5
      vertex 18.217010159421886 6.775 0
    endloop
  endfacet
  facet normal -0.7540326240895986 0.042345563869275134 0.6554705600018566
    outer loop
      vertex 18.217010159421886 6.775 0
      vertex 16.913080052697545 6.775 -1.5
      vertex 18.196782274768136 6.4148091428813085 0
    endloop
  endfacet
  facet normal -0.7445502263417517 0.12650417157271485 0.6554705600018567
    outer loop
      vertex 18.196782274768136 6.4148091428813085 0
      vertex 16.90105100686876 6.56080299415603 -1.5
      vertex 18.136352998192894 6.059147894778492 0
    endloop
  endfacet
  facet normal -0.725704677499557 0.2090719159191824 0.6554705600018556
    outer loop
      vertex 18.136352998192894 6.059147894778492 0
      vertex 16.865115141613114 6.349299639940548 -1.5
      vertex 18.036482262910983 5.712488902245898 0
    endloop
  endfacet
  facet normal 0.7445502263417527 -0.12650417157271035 0.6554705600018562
    outer loop
      vertex 11.803217725231864 7.13519085711869 0
      vertex 13.09894899313124 6.98919700584397 -1.5
      vertex 11.863647001807104 7.49085210522151 0
    endloop
  endfacet
  facet normal 0.7540326240895985 -0.04234556386927906 0.6554705600018564
    outer loop
      vertex 11.782989840578113 6.775 0
      vertex 13.086919947302453 6.775 -1.5
      vertex 11.803217725231864 7.13519085711869 0
    endloop
  endfacet
  facet normal 0.7540326240895986 0.04234556386927907 0.6554705600018563
    outer loop
      vertex 11.803217725231864 6.41480914288131 0
      vertex 13.09894899313124 6.560802994156031 -1.5
      vertex 11.782989840578113 6.775 0
    endloop
  endfacet
  facet normal 0.7445502263417525 0.12650417157271032 0.6554705600018564
    outer loop
      vertex 11.863647001807104 6.059147894778491 0
      vertex 13.134884858386888 6.349299639940547 -1.5
      vertex 11.803217725231864 6.41480914288131 0
    endloop
  endfacet
  facet normal -0.725704677499556 -0.20907191591918667 0.6554705600018554
    outer loop
      vertex 16.865115141613114 7.200700360059453 -1.5
      vertex 18.136352998192894 7.490852105221509 0
      vertex 16.80572437128667 7.406850285250087 -1.5
    endloop
  endfacet
  facet normal -0.7445502263417545 -0.12650417157268717 0.6554705600018585
    outer loop
      vertex 16.86831739547906 7.181853243707052 -1.5
      vertex 18.196782274768136 7.135190857118692 0
      vertex 16.865115141613114 7.200700360059453 -1.5
    endloop
  endfacet
  facet normal -0.7445502263417608 -0.12650417157261593 0.6554705600018654
    outer loop
      vertex 16.873562948950465 7.1509801272250515 -1.5
      vertex 18.196782274768136 7.135190857118692 0
      vertex 16.87127466355781 7.172751708426075 -1.4983974071442319
    endloop
  endfacet
  facet normal -0.7445502263417476 -0.12650417157277333 0.6554705600018499
    outer loop
      vertex 16.86831739547906 7.181853243707052 -1.5
      vertex 16.87127466355781 7.172751708426075 -1.4983974071442319
      vertex 18.196782274768136 7.135190857118692 0
    endloop
  endfacet
  facet normal -0.744550226341752 -0.1265041715727115 0.6554705600018567
    outer loop
      vertex 16.90105100686876 6.9891970058439705 -1.5
      vertex 18.196782274768136 7.135190857118692 0
      vertex 16.873562948950465 7.1509801272250515 -1.5
    endloop
  endfacet
  facet normal -0.7540326240895985 -0.042345563869276695 0.6554705600018566
    outer loop
      vertex 16.913080052697545 6.775 -1.5
      vertex 18.217010159421886 6.775 0
      vertex 16.90105100686876 6.9891970058439705 -1.5
    endloop
  endfacet
  facet normal 0.5032387463645046 -0.5631244170947795 0.6554705600018559
    outer loop
      vertex 13.701378259613357 8.176125526869733 -1.5
      vertex 12.994226973124515 9.290159822055525 0
      vertex 13.647248121784846 8.127751878215154 -1.5
    endloop
  endfacet
  facet normal 0.5032387463645159 -0.5631244170947707 0.6554705600018548
    outer loop
      vertex 13.701378259613357 8.176125526869733 -1.5
      vertex 13.719899584325454 8.196695541886204 -1.496547778611676
      vertex 12.994226973124515 9.290159822055525 0
    endloop
  endfacet
  facet normal -0.7540326240895981 0.04234556386927668 0.6554705600018567
    outer loop
      vertex 16.90105100686876 6.56080299415603 -1.5
      vertex 18.196782274768136 6.4148091428813085 0
      vertex 16.913080052697545 6.775 -1.5
    endloop
  endfacet
  facet normal -0.7445502263417525 0.12650417157271157 0.6554705600018563
    outer loop
      vertex 16.873562948950465 6.399019872774949 -1.5
      vertex 18.136352998192894 6.059147894778492 0
      vertex 16.90105100686876 6.56080299415603 -1.5
    endloop
  endfacet
  facet normal -0.7445502263417729 0.12650417157261387 0.6554705600018518
    outer loop
      vertex 18.136352998192894 6.059147894778492 0
      vertex 16.873562948950465 6.399019872774949 -1.5
      vertex 16.87127466355781 6.377248291573926 -1.4983974071442319
    endloop
  endfacet
  facet normal -0.7445502263417413 0.12650417157276989 0.6554705600018579
    outer loop
      vertex 16.86831739547906 6.368146756292949 -1.5
      vertex 18.136352998192894 6.059147894778492 0
      vertex 16.87127466355781 6.377248291573926 -1.4983974071442319
    endloop
  endfacet
  facet normal -0.7445502263417577 0.12650417157268773 0.6554705600018548
    outer loop
      vertex 16.865115141613114 6.349299639940548 -1.5
      vertex 18.136352998192894 6.059147894778492 0
      vertex 16.86831739547906 6.368146756292949 -1.5
    endloop
  endfacet
  facet normal -0.7257046774995556 0.20907191591918653 0.6554705600018561
    outer loop
      vertex 16.80572437128667 6.143149714749914 -1.5
      vertex 18.036482262910983 5.712488902245898 0
      vertex 16.865115141613114 6.349299639940548 -1.5
    endloop
  endfacet
  facet normal 0.503238746364492 -0.5631244170947896 0.6554705600018569
    outer loop
      vertex 13.743945402081662 8.214165851106754 -1.5
      vertex 12.994226973124515 9.290159822055525 0
      vertex 13.719899584325454 8.196695541886204 -1.496547778611676
    endloop
  endfacet
  facet normal 0.503238746364498 -0.5631244170947847 0.6554705600018566
    outer loop
      vertex 13.807214097003712 8.270706213680539 -1.5
      vertex 12.994226973124515 9.290159822055525 0
      vertex 13.743945402081662 8.214165851106754 -1.5
    endloop
  endfacet
  facet normal 0.4370245564127827 -0.6159284715476815 0.6554705600018564
    outer loop
      vertex 13.982180047023256 8.394851175679934 -1.5
      vertex 13.28844740471184 9.498920351145753 0
      vertex 13.807214097003712 8.270706213680539 -1.5
    endloop
  endfacet
  facet normal 0.7257046774995551 -0.2090719159191873 0.6554705600018561
    outer loop
      vertex 13.194275628713333 7.406850285250087 -1.5
      vertex 11.963517737089019 7.837511097754103 0
      vertex 13.134884858386888 7.200700360059454 -1.5
    endloop
  endfacet
  facet normal 0.7445502263417437 -0.12650417157275554 0.6554705600018578
    outer loop
      vertex 13.134884858386888 7.200700360059454 -1.5
      vertex 11.863647001807104 7.49085210522151 0
      vertex 13.13168260452094 7.181853243707053 -1.5
    endloop
  endfacet
  facet normal 0.7445502263417705 -0.12650417157262253 0.655470560001853
    outer loop
      vertex 13.13168260452094 7.181853243707053 -1.5
      vertex 11.863647001807104 7.49085210522151 0
      vertex 13.128725336442193 7.172751708426075 -1.4983974071442319
    endloop
  endfacet
  facet normal 0.7445502263417487 -0.12650417157272809 0.6554705600018573
    outer loop
      vertex 11.863647001807104 7.49085210522151 0
      vertex 13.126437051049534 7.150980127225051 -1.5
      vertex 13.128725336442193 7.172751708426075 -1.4983974071442319
    endloop
  endfacet
  facet normal 0.7445502263417524 -0.12650417157271154 0.6554705600018563
    outer loop
      vertex 13.126437051049534 7.150980127225051 -1.5
      vertex 11.863647001807104 7.49085210522151 0
      vertex 13.09894899313124 6.98919700584397 -1.5
    endloop
  endfacet
  facet normal 0.7540326240895987 -0.04234556386927688 0.6554705600018562
    outer loop
      vertex 13.09894899313124 6.98919700584397 -1.5
      vertex 11.803217725231864 7.13519085711869 0
      vertex 13.086919947302453 6.775 -1.5
    endloop
  endfacet
  facet normal 0.3653145290966385 -0.6609868681008405 0.6554705600018536
    outer loop
      vertex 14.025879766288412 8.419003156809111 -1.5
      vertex 13.60419160325086 9.673426001364918 0
      vertex 13.982180047023256 8.394851175679934 -1.5
    endloop
  endfacet
  facet normal 0.3653145290965356 -0.6609868681008872 0.6554705600018637
    outer loop
      vertex 14.043459973651228 8.431775925109347 -1.4969177457160256
      vertex 13.60419160325086 9.673426001364918 0
      vertex 14.025879766288412 8.419003156809111 -1.5
    endloop
  endfacet
  facet normal 0.7540326240895984 0.04234556386927687 0.6554705600018564
    outer loop
      vertex 13.086919947302453 6.775 -1.5
      vertex 11.782989840578113 6.775 0
      vertex 13.09894899313124 6.560802994156031 -1.5
    endloop
  endfacet
  facet normal 0.7445502263417525 0.12650417157271157 0.6554705600018561
    outer loop
      vertex 13.09894899313124 6.560802994156031 -1.5
      vertex 11.803217725231864 6.41480914288131 0
      vertex 13.126437051049534 6.39901987277495 -1.5
    endloop
  endfacet
  facet normal 0.7445502263417604 0.12650417157261698 0.6554705600018658
    outer loop
      vertex 13.13168260452094 6.368146756292948 -1.5
      vertex 13.128725336442193 6.377248291573926 -1.4983974071442319
      vertex 11.803217725231864 6.41480914288131 0
    endloop
  endfacet
  facet normal 0.7445502263417508 0.1265041715727304 0.6554705600018544
    outer loop
      vertex 13.126437051049534 6.39901987277495 -1.5
      vertex 11.803217725231864 6.41480914288131 0
      vertex 13.128725336442193 6.377248291573926 -1.4983974071442319
    endloop
  endfacet
  facet normal 0.7445502263417492 0.12650417157275645 0.6554705600018514
    outer loop
      vertex 13.13168260452094 6.368146756292948 -1.5
      vertex 11.803217725231864 6.41480914288131 0
      vertex 13.134884858386888 6.349299639940547 -1.5
    endloop
  endfacet
  facet normal 0.725704677499555 0.20907191591918728 0.6554705600018564
    outer loop
      vertex 13.134884858386888 6.349299639940547 -1.5
      vertex 11.863647001807104 6.059147894778491 0
      vertex 13.194275628713333 6.143149714749914 -1.5
    endloop
  endfacet
  facet normal 0.3653145290966289 -0.6609868681008442 0.6554705600018552
    outer loop
      vertex 14.071905581210661 8.444440725565837 -1.5
      vertex 13.60419160325086 9.673426001364918 0
      vertex 14.043459973651228 8.431775925109347 -1.4969177457160256
    endloop
  endfacet
  facet normal 0.3653145290966198 -0.6609868681008484 0.6554705600018559
    outer loop
      vertex 14.169945673504373 8.49862556928561 -1.5
      vertex 13.60419160325086 9.673426001364918 0
      vertex 14.071905581210661 8.444440725565837 -1.5
    endloop
  endfacet
  facet normal -0.6977329712741375 -0.28901045961663213 0.6554705600018558
    outer loop
      vertex 16.80572437128667 7.406850285250087 -1.5
      vertex 18.036482262910983 7.837511097754103 0
      vertex 16.75695724892556 7.524584533452183 -1.5
    endloop
  endfacet
  facet normal -0.6977329712741511 -0.2890104596165923 0.6554705600018591
    outer loop
      vertex 16.75695724892556 7.524584533452183 -1.5
      vertex 18.036482262910983 7.837511097754103 0
      vertex 16.747685592248512 7.553119758569475 -1.4972876921207616
    endloop
  endfacet
  facet normal -0.697732971274126 -0.2890104596166688 0.655470560001852
    outer loop
      vertex 16.747685592248512 7.553119758569475 -1.4972876921207616
      vertex 18.036482262910983 7.837511097754103 0
      vertex 16.73866799963066 7.568738687145551 -1.5
    endloop
  endfacet
  facet normal -0.6977329712741409 -0.28901045961662253 0.6554705600018566
    outer loop
      vertex 16.73866799963066 7.568738687145551 -1.5
      vertex 18.036482262910983 7.837511097754103 0
      vertex 16.72362556928561 7.605054326495627 -1.5
    endloop
  endfacet
  facet normal -0.6609868681008517 -0.36531452909661316 0.6554705600018562
    outer loop
      vertex 16.72362556928561 7.605054326495627 -1.5
      vertex 17.898426001364918 8.170808396749141 0
      vertex 16.619851175679933 7.792819952976746 -1.5
    endloop
  endfacet
  facet normal -0.6159284715476827 -0.43702455641278165 0.6554705600018561
    outer loop
      vertex 16.619851175679933 7.792819952976746 -1.5
      vertex 17.72392035114575 8.486552595288162 0
      vertex 16.563187183802793 7.872680375913055 -1.5
    endloop
  endfacet
  facet normal -0.6159284715476857 -0.4370245564127768 0.6554705600018564
    outer loop
      vertex 16.563187183802793 7.872680375913055 -1.5
      vertex 17.72392035114575 8.486552595288162 0
      vertex 16.547714274232035 7.899480241430526 -1.4966711032797928
    endloop
  endfacet
  facet normal -0.6159284715476752 -0.43702455641279414 0.6554705600018549
    outer loop
      vertex 16.547714274232035 7.899480241430526 -1.4966711032797928
      vertex 17.72392035114575 8.486552595288162 0
      vertex 16.53100215103101 7.9180409346069505 -1.5
    endloop
  endfacet
  facet normal -0.6977329712741398 0.2890104596166265 0.6554705600018561
    outer loop
      vertex 18.036482262910983 5.712488902245898 0
      vertex 16.80572437128667 6.143149714749914 -1.5
      vertex 17.898426001364918 5.37919160325086 0
    endloop
  endfacet
  facet normal -0.6609868681008517 0.36531452909661327 0.655470560001856
    outer loop
      vertex 17.898426001364918 5.37919160325086 0
      vertex 16.72362556928561 5.944945673504374 -1.5
      vertex 17.72392035114575 5.063447404711839 0
    endloop
  endfacet
  facet normal -0.6159284715476827 0.43702455641278165 0.655470560001856
    outer loop
      vertex 17.72392035114575 5.063447404711839 0
      vertex 16.619851175679933 5.757180047023255 -1.5
      vertex 17.515159822055526 4.769226973124516 0
    endloop
  endfacet
  facet normal -0.5631244170947767 0.5032387463645069 0.6554705600018566
    outer loop
      vertex 17.515159822055526 4.769226973124516 0
      vertex 16.49570621368054 5.582214097003712 -1.5
      vertex 17.274769698873232 4.500230301126768 0
    endloop
  endfacet
  facet normal -0.503238746364508 0.5631244170947758 0.6554705600018566
    outer loop
      vertex 17.274769698873232 4.500230301126768 0
      vertex 16.35275187821515 5.422248121784848 -1.5
      vertex 17.005773026875485 4.259840177944473 0
    endloop
  endfacet
  facet normal -0.43702455641278026 0.6159284715476834 0.6554705600018566
    outer loop
      vertex 17.005773026875485 4.259840177944473 0
      vertex 16.192785902996288 5.279293786319461 -1.5
      vertex 16.71155259528816 4.05107964885425 0
    endloop
  endfacet
  facet normal 0.7257046774995545 0.20907191591918964 0.6554705600018561
    outer loop
      vertex 11.963517737089019 5.712488902245898 0
      vertex 13.194275628713333 6.143149714749914 -1.5
      vertex 11.863647001807104 6.059147894778491 0
    endloop
  endfacet
  facet normal 0.697732971274141 0.2890104596166233 0.655470560001856
    outer loop
      vertex 12.101573998635082 5.37919160325086 0
      vertex 13.276374430714391 5.944945673504374 -1.5
      vertex 11.963517737089019 5.712488902245898 0
    endloop
  endfacet
  facet normal 0.6609868681008527 0.3653145290966111 0.6554705600018564
    outer loop
      vertex 12.276079648854248 5.06344740471184 0
      vertex 13.380148824320067 5.7571800470232555 -1.5
      vertex 12.101573998635082 5.37919160325086 0
    endloop
  endfacet
  facet normal 0.5631244170947804 0.5032387463645029 0.6554705600018563
    outer loop
      vertex 12.725230301126766 4.500230301126768 0
      vertex 13.647248121784846 5.422248121784848 -1.5
      vertex 12.484840177944475 4.769226973124516 0
    endloop
  endfacet
  facet normal 0.6159284715476798 0.43702455641278576 0.6554705600018562
    outer loop
      vertex 12.484840177944475 4.769226973124516 0
      vertex 13.504293786319462 5.582214097003711 -1.5
      vertex 12.276079648854248 5.06344740471184 0
    endloop
  endfacet
  facet normal 0.5032387463645042 0.5631244170947795 0.6554705600018562
    outer loop
      vertex 12.994226973124515 4.259840177944475 0
      vertex 13.807214097003712 5.279293786319461 -1.5
      vertex 12.725230301126766 4.500230301126768 0
    endloop
  endfacet
  facet normal -0.6977329712741369 0.28901045961663185 0.6554705600018567
    outer loop
      vertex 16.75695724892556 6.025415466547818 -1.5
      vertex 17.898426001364918 5.37919160325086 0
      vertex 16.80572437128667 6.143149714749914 -1.5
    endloop
  endfacet
  facet normal -0.6977329712741555 0.28901045961659316 0.655470560001854
    outer loop
      vertex 16.747685592248512 5.996880241430525 -1.4972876921207616
      vertex 17.898426001364918 5.37919160325086 0
      vertex 16.75695724892556 6.025415466547818 -1.5
    endloop
  endfacet
  facet normal -0.6977329712741217 0.28901045961666566 0.6554705600018578
    outer loop
      vertex 17.898426001364918 5.37919160325086 0
      vertex 16.747685592248512 5.996880241430525 -1.4972876921207616
      vertex 16.73866799963066 5.98126131285445 -1.5
    endloop
  endfacet
  facet normal -0.6977329712741414 0.28901045961662275 0.655470560001856
    outer loop
      vertex 16.72362556928561 5.944945673504374 -1.5
      vertex 17.898426001364918 5.37919160325086 0
      vertex 16.73866799963066 5.98126131285445 -1.5
    endloop
  endfacet
  facet normal -0.6609868681008518 0.36531452909661316 0.6554705600018561
    outer loop
      vertex 16.619851175679933 5.757180047023255 -1.5
      vertex 17.72392035114575 5.063447404711839 0
      vertex 16.72362556928561 5.944945673504374 -1.5
    endloop
  endfacet
  facet normal -0.6159284715476827 0.43702455641278165 0.6554705600018561
    outer loop
      vertex 16.563187183802793 5.6773196240869455 -1.5
      vertex 17.515159822055526 4.769226973124516 0
      vertex 16.619851175679933 5.757180047023255 -1.5
    endloop
  endfacet
  facet normal -0.6159284715476864 0.4370245564127771 0.6554705600018558
    outer loop
      vertex 16.547714274232035 5.650519758569475 -1.4966711032797928
      vertex 17.515159822055526 4.769226973124516 0
      vertex 16.563187183802793 5.6773196240869455 -1.5
    endloop
  endfacet
  facet normal -0.6159284715476739 0.4370245564127927 0.6554705600018569
    outer loop
      vertex 16.53100215103101 5.63195906539305 -1.5
      vertex 17.515159822055526 4.769226973124516 0
      vertex 16.547714274232035 5.650519758569475 -1.4966711032797928
    endloop
  endfacet
  facet normal -0.6159284715476733 0.43702455641279375 0.655470560001857
    outer loop
      vertex 16.49570621368054 5.582214097003712 -1.5
      vertex 17.515159822055526 4.769226973124516 0
      vertex 16.53100215103101 5.63195906539305 -1.5
    endloop
  endfacet
  facet normal -0.6159284715476747 -0.4370245564127948 0.6554705600018549
    outer loop
      vertex 16.53100215103101 7.9180409346069505 -1.5
      vertex 17.72392035114575 8.486552595288162 0
      vertex 16.49570621368054 7.9677859029962885 -1.5
    endloop
  endfacet
  facet normal 0.28901045961662114 -0.6977329712741414 0.6554705600018567
    outer loop
      vertex 14.368149714749913 8.580724371286667 -1.5
      vertex 13.937488902245898 9.811482262910983 0
      vertex 14.169945673504373 8.49862556928561 -1.5
    endloop
  endfacet
  facet normal -0.43702455641277876 -0.6159284715476848 0.655470560001856
    outer loop
      vertex 16.192785902996288 8.27070621368054 -1.5
      vertex 17.005773026875485 9.290159822055527 0
      vertex 16.017819952976744 8.394851175679934 -1.5
    endloop
  endfacet
  facet normal -0.5631244170947771 0.5032387463645065 0.6554705600018564
    outer loop
      vertex 16.35275187821515 5.422248121784848 -1.5
      vertex 17.274769698873232 4.500230301126768 0
      vertex 16.49570621368054 5.582214097003712 -1.5
    endloop
  endfacet
  facet normal -0.5032387463645138 0.5631244170947715 0.6554705600018557
    outer loop
      vertex 16.298621740386643 5.373874473130269 -1.5
      vertex 17.005773026875485 4.259840177944473 0
      vertex 16.35275187821515 5.422248121784848 -1.5
    endloop
  endfacet
  facet normal -0.5032387463645154 0.5631244170947702 0.6554705600018556
    outer loop
      vertex 16.298621740386643 5.373874473130269 -1.5
      vertex 16.280100415674546 5.353304458113798 -1.496547778611676
      vertex 17.005773026875485 4.259840177944473 0
    endloop
  endfacet
  facet normal -0.5032387463644813 0.5631244170947971 0.6554705600018587
    outer loop
      vertex 16.256054597918336 5.335834148893246 -1.5
      vertex 17.005773026875485 4.259840177944473 0
      vertex 16.280100415674546 5.353304458113798 -1.496547778611676
    endloop
  endfacet
  facet normal -0.5032387463645104 0.5631244170947739 0.6554705600018564
    outer loop
      vertex 16.192785902996288 5.279293786319461 -1.5
      vertex 17.005773026875485 4.259840177944473 0
      vertex 16.256054597918336 5.335834148893246 -1.5
    endloop
  endfacet
  facet normal -0.43702455641278065 0.615928471547683 0.6554705600018564
    outer loop
      vertex 16.017819952976744 5.155148824320067 -1.5
      vertex 16.71155259528816 4.05107964885425 0
      vertex 16.192785902996288 5.279293786319461 -1.5
    endloop
  endfacet
  facet normal -0.36531452909662776 0.6609868681008454 0.6554705600018544
    outer loop
      vertex 15.974120233711588 5.13099684319089 -1.5
      vertex 16.39580839674914 3.8765739986350827 0
      vertex 16.017819952976744 5.155148824320067 -1.5
    endloop
  endfacet
  facet normal -0.36531452909658646 0.6609868681008642 0.6554705600018584
    outer loop
      vertex 15.956540026348772 5.1182240748906525 -1.4969177457160256
      vertex 16.39580839674914 3.8765739986350827 0
      vertex 15.974120233711588 5.13099684319089 -1.5
    endloop
  endfacet
  facet normal -0.365314529096629 0.6609868681008445 0.6554705600018548
    outer loop
      vertex 15.928094418789339 5.105559274434163 -1.5
      vertex 16.39580839674914 3.8765739986350827 0
      vertex 15.956540026348772 5.1182240748906525 -1.4969177457160256
    endloop
  endfacet
  facet normal -0.3653145290966152 0.6609868681008509 0.6554705600018558
    outer loop
      vertex 15.830054326495627 5.051374430714391 -1.5
      vertex 16.39580839674914 3.8765739986350827 0
      vertex 15.928094418789339 5.105559274434163 -1.5
    endloop
  endfacet
  facet normal -0.2890104596166239 0.6977329712741406 0.6554705600018566
    outer loop
      vertex 15.631850285250087 4.969275628713333 -1.5
      vertex 16.062511097754104 3.7385177370890177 0
      vertex 15.830054326495627 5.051374430714391 -1.5
    endloop
  endfacet
  facet normal -0.20907191591917323 0.7257046774995579 0.6554705600018577
    outer loop
      vertex 15.603929724236206 4.961231853654829 -1.5
      vertex 15.715852105221511 3.6386470018071053 0
      vertex 15.631850285250087 4.969275628713333 -1.5
    endloop
  endfacet
  facet normal -0.20907191591918 0.7257046774995566 0.655470560001857
    outer loop
      vertex 15.591174247883261 4.955552749687723 -1.4977809217955436
      vertex 15.715852105221511 3.6386470018071053 0
      vertex 15.603929724236206 4.961231853654829 -1.5
    endloop
  endfacet
  facet normal -0.04234556386928915 0.7540326240895987 0.6554705600018552
    outer loop
      vertex 15.186614627698022 4.872400000000001 -1.5
      vertex 15 3.557989840578114 0
      vertex 15.199971318016477 4.872400000000001 -1.4991371136745473
    endloop
  endfacet
  facet normal -0.43702455641278154 -0.6159284715476826 0.6554705600018564
    outer loop
      vertex 16.71155259528816 9.49892035114575 0
      vertex 16.017819952976744 8.394851175679934 -1.5
      vertex 17.005773026875485 9.290159822055527 0
    endloop
  endfacet
  facet normal -0.04234556386929487 0.754032624089599 0.6554705600018546
    outer loop
      vertex 15.204767394436873 4.8734194375134265 -1.5
      vertex 15 3.557989840578114 0
      vertex 15.21419700584397 4.873948993131241 -1.5
    endloop
  endfacet
  facet normal 0.20907191591918045 0.7257046774995572 0.6554705600018561
    outer loop
      vertex 14.408825752116739 4.955552749687723 -1.4977809217955436
      vertex 14.396070275763794 4.961231853654829 -1.5
      vertex 13.937488902245898 3.7385177370890177 0
    endloop
  endfacet
  facet normal 0.20907191591917368 0.7257046774995594 0.6554705600018558
    outer loop
      vertex 14.368149714749913 4.969275628713333 -1.5
      vertex 13.937488902245898 3.7385177370890177 0
      vertex 14.396070275763794 4.961231853654829 -1.5
    endloop
  endfacet
  facet normal 0.20907191591920907 0.7257046774995477 0.6554705600018573
    outer loop
      vertex 14.408825752116739 4.955552749687723 -1.4977809217955436
      vertex 13.937488902245898 3.7385177370890177 0
      vertex 14.435359442746394 4.949912839639067 -1.5
    endloop
  endfacet
  facet normal 0.20907191591918486 0.725704677499556 0.655470560001856
    outer loop
      vertex 14.435359442746394 4.949912839639067 -1.5
      vertex 13.937488902245898 3.7385177370890177 0
      vertex 14.574299639940545 4.909884858386889 -1.5
    endloop
  endfacet
  facet normal -0.36531452909658885 -0.6609868681008665 0.655470560001855
    outer loop
      vertex 15.974120233711588 8.41900315680911 -1.5
      vertex 16.71155259528816 9.49892035114575 0
      vertex 15.956540026348772 8.431775925109347 -1.4969177457160256
    endloop
  endfacet
  facet normal -0.36531452909661666 -0.6609868681008496 0.6554705600018566
    outer loop
      vertex 16.017819952976744 8.394851175679934 -1.5
      vertex 16.71155259528816 9.49892035114575 0
      vertex 15.974120233711588 8.41900315680911 -1.5
    endloop
  endfacet
  facet normal -0.3653145290966282 -0.6609868681008422 0.6554705600018574
    outer loop
      vertex 15.956540026348772 8.431775925109347 -1.4969177457160256
      vertex 16.71155259528816 9.49892035114575 0
      vertex 15.928094418789339 8.444440725565837 -1.5
    endloop
  endfacet
  facet normal -0.20907191591918042 -0.7257046774995571 0.6554705600018561
    outer loop
      vertex 15.591174247883261 8.594447250312278 -1.4977809217955436
      vertex 15.603929724236206 8.588768146345172 -1.5
      vertex 16.062511097754104 9.811482262910983 0
    endloop
  endfacet
  facet normal -0.2090719159192159 -0.7257046774995457 0.6554705600018575
    outer loop
      vertex 15.631850285250087 8.580724371286667 -1.5
      vertex 16.062511097754104 9.811482262910983 0
      vertex 15.603929724236206 8.588768146345172 -1.5
    endloop
  endfacet
  facet normal -0.36531452909661943 -0.6609868681008477 0.6554705600018568
    outer loop
      vertex 15.928094418789339 8.444440725565837 -1.5
      vertex 16.71155259528816 9.49892035114575 0
      vertex 15.830054326495627 8.49862556928561 -1.5
    endloop
  endfacet
  facet normal -0.2890104596166214 -0.6977329712741421 0.6554705600018558
    outer loop
      vertex 15.830054326495627 8.49862556928561 -1.5
      vertex 16.39580839674914 9.673426001364918 0
      vertex 15.631850285250087 8.580724371286667 -1.5
    endloop
  endfacet
  facet normal -0.5631244170947785 -0.5032387463645048 0.6554705600018567
    outer loop
      vertex 16.49570621368054 7.9677859029962885 -1.5
      vertex 17.515159822055526 8.780773026875485 0
      vertex 16.35275187821515 8.127751878215154 -1.5
    endloop
  endfacet
  facet normal -0.5032387463645134 -0.5631244170947709 0.6554705600018566
    outer loop
      vertex 16.35275187821515 8.127751878215154 -1.5
      vertex 17.274769698873232 9.049769698873233 0
      vertex 16.298621740386643 8.176125526869733 -1.5
    endloop
  endfacet
  facet normal -0.5032387463645146 -0.5631244170947698 0.6554705600018566
    outer loop
      vertex 16.298621740386643 8.176125526869733 -1.5
      vertex 17.274769698873232 9.049769698873233 0
      vertex 16.280100415674546 8.196695541886204 -1.496547778611676
    endloop
  endfacet
  facet normal 0.6609868681008512 0.3653145290966145 0.655470560001856
    outer loop
      vertex 13.276374430714391 5.944945673504374 -1.5
      vertex 12.101573998635082 5.37919160325086 0
      vertex 13.380148824320067 5.7571800470232555 -1.5
    endloop
  endfacet
  facet normal 0.6977329712741411 0.28901045961662314 0.6554705600018562
    outer loop
      vertex 13.194275628713333 6.143149714749914 -1.5
      vertex 11.963517737089019 5.712488902245898 0
      vertex 13.24304275107444 6.025415466547818 -1.5
    endloop
  endfacet
  facet normal 0.6977329712741382 0.2890104596166312 0.6554705600018554
    outer loop
      vertex 13.24304275107444 6.025415466547818 -1.5
      vertex 11.963517737089019 5.712488902245898 0
      vertex 13.25231440775149 5.996880241430525 -1.4972876921207616
    endloop
  endfacet
  facet normal 0.6977329712741482 0.2890104596166012 0.6554705600018583
    outer loop
      vertex 13.25231440775149 5.996880241430525 -1.4972876921207616
      vertex 11.963517737089019 5.712488902245898 0
      vertex 13.26133200036934 5.98126131285445 -1.5
    endloop
  endfacet
  facet normal 0.6977329712741414 0.28901045961662275 0.6554705600018562
    outer loop
      vertex 13.26133200036934 5.98126131285445 -1.5
      vertex 11.963517737089019 5.712488902245898 0
      vertex 13.276374430714391 5.944945673504374 -1.5
    endloop
  endfacet
  facet normal 0.6159284715476869 0.4370245564127748 0.6554705600018568
    outer loop
      vertex 13.380148824320067 5.7571800470232555 -1.5
      vertex 12.276079648854248 5.06344740471184 0
      vertex 13.436812816197207 5.677319624086945 -1.5
    endloop
  endfacet
  facet normal 0.6159284715476789 0.4370245564127873 0.6554705600018558
    outer loop
      vertex 13.436812816197207 5.677319624086945 -1.5
      vertex 12.276079648854248 5.06344740471184 0
      vertex 13.452285725767965 5.650519758569475 -1.4966711032797928
    endloop
  endfacet
  facet normal 0.6159284715476749 0.437024556412794 0.6554705600018552
    outer loop
      vertex 13.452285725767965 5.650519758569475 -1.4966711032797928
      vertex 12.276079648854248 5.06344740471184 0
      vertex 13.46899784896899 5.63195906539305 -1.5
    endloop
  endfacet
  facet normal 0.6159284715476778 0.4370245564127892 0.6554705600018557
    outer loop
      vertex 13.46899784896899 5.63195906539305 -1.5
      vertex 12.276079648854248 5.06344740471184 0
      vertex 13.504293786319462 5.582214097003711 -1.5
    endloop
  endfacet
  facet normal 0.5631244170947791 0.5032387463645048 0.6554705600018561
    outer loop
      vertex 13.504293786319462 5.582214097003711 -1.5
      vertex 12.484840177944475 4.769226973124516 0
      vertex 13.647248121784846 5.422248121784848 -1.5
    endloop
  endfacet
  facet normal -0.5032387463644713 -0.5631244170948132 0.6554705600018527
    outer loop
      vertex 16.280100415674546 8.196695541886204 -1.496547778611676
      vertex 17.274769698873232 9.049769698873233 0
      vertex 16.256054597918336 8.214165851106754 -1.5
    endloop
  endfacet
  facet normal -0.5032387463645142 -0.5631244170947693 0.6554705600018573
    outer loop
      vertex 16.256054597918336 8.214165851106754 -1.5
      vertex 17.274769698873232 9.049769698873233 0
      vertex 16.192785902996288 8.27070621368054 -1.5
    endloop
  endfacet
  facet normal 0.7257046774995544 -0.20907191591918958 0.6554705600018563
    outer loop
      vertex 11.863647001807104 7.49085210522151 0
      vertex 13.134884858386888 7.200700360059454 -1.5
      vertex 11.963517737089019 7.837511097754103 0
    endloop
  endfacet
  facet normal 0.6977329712741412 -0.28901045961662264 0.6554705600018561
    outer loop
      vertex 11.963517737089019 7.837511097754103 0
      vertex 13.194275628713333 7.406850285250087 -1.5
      vertex 12.101573998635082 8.170808396749141 0
    endloop
  endfacet
  facet normal 0.660986868100852 -0.3653145290966128 0.6554705600018563
    outer loop
      vertex 12.101573998635082 8.170808396749141 0
      vertex 13.276374430714391 7.605054326495627 -1.5
      vertex 12.276079648854248 8.48655259528816 0
    endloop
  endfacet
  facet normal 0.5032387463645043 0.5631244170947792 0.6554705600018563
    outer loop
      vertex 13.647248121784846 5.422248121784848 -1.5
      vertex 12.725230301126766 4.500230301126768 0
      vertex 13.701378259613357 5.373874473130269 -1.5
    endloop
  endfacet
  facet normal 0.5032387463645048 0.5631244170947788 0.6554705600018562
    outer loop
      vertex 13.719899584325454 5.353304458113798 -1.496547778611676
      vertex 12.725230301126766 4.500230301126768 0
      vertex 13.743945402081662 5.335834148893246 -1.5
    endloop
  endfacet
  facet normal 0.5032387463645143 0.5631244170947695 0.6554705600018571
    outer loop
      vertex 13.701378259613357 5.373874473130269 -1.5
      vertex 12.725230301126766 4.500230301126768 0
      vertex 13.719899584325454 5.353304458113798 -1.496547778611676
    endloop
  endfacet
  facet normal 0.4370245564127808 0.6159284715476833 0.655470560001856
    outer loop
      vertex 13.807214097003712 5.279293786319461 -1.5
      vertex 12.994226973124515 4.259840177944475 0
      vertex 13.982180047023256 5.155148824320067 -1.5
    endloop
  endfacet
  facet normal 0.5032387463645027 0.5631244170947811 0.6554705600018561
    outer loop
      vertex 13.743945402081662 5.335834148893246 -1.5
      vertex 12.725230301126766 4.500230301126768 0
      vertex 13.807214097003712 5.279293786319461 -1.5
    endloop
  endfacet
  facet normal 0.36531452909658885 0.6609868681008665 0.6554705600018549
    outer loop
      vertex 14.025879766288412 5.13099684319089 -1.5
      vertex 13.28844740471184 4.051079648854248 0
      vertex 14.043459973651228 5.1182240748906525 -1.4969177457160256
    endloop
  endfacet
  facet normal 0.3653145290966282 0.6609868681008421 0.6554705600018575
    outer loop
      vertex 14.043459973651228 5.1182240748906525 -1.4969177457160256
      vertex 13.28844740471184 4.051079648854248 0
      vertex 14.071905581210661 5.105559274434163 -1.5
    endloop
  endfacet
  facet normal 0.365314529096615 0.6609868681008505 0.6554705600018563
    outer loop
      vertex 14.071905581210661 5.105559274434163 -1.5
      vertex 13.28844740471184 4.051079648854248 0
      vertex 14.169945673504373 5.051374430714391 -1.5
    endloop
  endfacet
  facet normal 0.3653145290966267 0.6609868681008435 0.655470560001857
    outer loop
      vertex 13.982180047023256 5.155148824320067 -1.5
      vertex 13.28844740471184 4.051079648854248 0
      vertex 14.025879766288412 5.13099684319089 -1.5
    endloop
  endfacet
  facet normal 0.28901045961662397 0.6977329712741408 0.655470560001856
    outer loop
      vertex 14.169945673504373 5.051374430714391 -1.5
      vertex 13.60419160325086 3.8765739986350827 0
      vertex 14.368149714749913 4.969275628713333 -1.5
    endloop
  endfacet
  facet normal 0.6159284715476803 -0.43702455641278476 0.6554705600018562
    outer loop
      vertex 12.276079648854248 8.48655259528816 0
      vertex 13.380148824320067 7.792819952976745 -1.5
      vertex 12.484840177944475 8.780773026875485 0
    endloop
  endfacet
  facet normal 0.5631244170947807 -0.503238746364503 0.6554705600018562
    outer loop
      vertex 12.484840177944475 8.780773026875485 0
      vertex 13.504293786319462 7.967785902996289 -1.5
      vertex 12.725230301126766 9.049769698873233 0
    endloop
  endfacet
  facet normal -0.3653145290966124 0.6609868681008519 0.6554705600018563
    outer loop
      vertex 16.71155259528816 4.05107964885425 0
      vertex 16.017819952976744 5.155148824320067 -1.5
      vertex 16.39580839674914 3.8765739986350827 0
    endloop
  endfacet
  facet normal -0.2890104596166277 0.6977329712741394 0.655470560001856
    outer loop
      vertex 16.39580839674914 3.8765739986350827 0
      vertex 15.830054326495627 5.051374430714391 -1.5
      vertex 16.062511097754104 3.7385177370890177 0
    endloop
  endfacet
  facet normal -0.2090719159191853 0.7257046774995556 0.6554705600018563
    outer loop
      vertex 16.062511097754104 3.7385177370890177 0
      vertex 15.631850285250087 4.969275628713333 -1.5
      vertex 15.715852105221511 3.6386470018071053 0
    endloop
  endfacet
  facet normal -0.12650417157271066 0.7445502263417528 0.6554705600018563
    outer loop
      vertex 15.715852105221511 3.6386470018071053 0
      vertex 15.425700360059455 4.909884858386889 -1.5
      vertex 15.36019085711869 3.5782177252318648 0
    endloop
  endfacet
  facet normal -0.04234556386927813 0.7540326240895985 0.6554705600018563
    outer loop
      vertex 15.36019085711869 3.5782177252318648 0
      vertex 15.21419700584397 4.873948993131241 -1.5
      vertex 15 3.557989840578114 0
    endloop
  endfacet
  facet normal 0.04234556386927814 0.7540326240895986 0.6554705600018562
    outer loop
      vertex 15 3.557989840578114 0
      vertex 15 4.861919947302454 -1.5
      vertex 14.63980914288131 3.5782177252318648 0
    endloop
  endfacet
  facet normal 0.20907191591918634 0.7257046774995555 0.6554705600018562
    outer loop
      vertex 14.284147894778489 3.6386470018071053 0
      vertex 14.574299639940545 4.909884858386889 -1.5
      vertex 13.937488902245898 3.7385177370890177 0
    endloop
  endfacet
  facet normal 0.12650417157271066 0.7445502263417527 0.6554705600018563
    outer loop
      vertex 14.63980914288131 3.5782177252318648 0
      vertex 14.78580299415603 4.873948993131241 -1.5
      vertex 14.284147894778489 3.6386470018071053 0
    endloop
  endfacet
  facet normal 0.3653145290966128 0.660986868100852 0.6554705600018561
    outer loop
      vertex 13.60419160325086 3.8765739986350827 0
      vertex 14.169945673504373 5.051374430714391 -1.5
      vertex 13.28844740471184 4.051079648854248 0
    endloop
  endfacet
  facet normal 0.4370245564127834 0.615928471547681 0.6554705600018564
    outer loop
      vertex 13.28844740471184 4.051079648854248 0
      vertex 13.982180047023256 5.155148824320067 -1.5
      vertex 12.994226973124515 4.259840177944475 0
    endloop
  endfacet
  facet normal 0.28901045961662497 0.6977329712741402 0.6554705600018561
    outer loop
      vertex 13.937488902245898 3.7385177370890177 0
      vertex 14.368149714749913 4.969275628713333 -1.5
      vertex 13.60419160325086 3.8765739986350827 0
    endloop
  endfacet
  facet normal -0.2090719159191848 0.7257046774995558 0.6554705600018563
    outer loop
      vertex 15.425700360059455 4.909884858386889 -1.5
      vertex 15.715852105221511 3.6386470018071053 0
      vertex 15.564640557253606 4.949912839639067 -1.5
    endloop
  endfacet
  facet normal -0.12650417157270935 0.7445502263417528 0.6554705600018564
    outer loop
      vertex 15.21419700584397 4.873948993131241 -1.5
      vertex 15.36019085711869 3.5782177252318648 0
      vertex 15.425700360059455 4.909884858386889 -1.5
    endloop
  endfacet
  facet normal 0.5032387463645033 -0.5631244170947804 0.6554705600018561
    outer loop
      vertex 12.725230301126766 9.049769698873233 0
      vertex 13.647248121784846 8.127751878215154 -1.5
      vertex 12.994226973124515 9.290159822055525 0
    endloop
  endfacet
  facet normal -0.04234556386918794 0.7540326240895966 0.6554705600018642
    outer loop
      vertex 15 3.557989840578114 0
      vertex 15.204767394436873 4.8734194375134265 -1.5
      vertex 15.199971318016477 4.872400000000001 -1.4991371136745473
    endloop
  endfacet
  facet normal -0.6977329712741399 -0.2890104596166258 0.6554705600018562
    outer loop
      vertex 17.898426001364918 8.170808396749141 0
      vertex 16.72362556928561 7.605054326495627 -1.5
      vertex 18.036482262910983 7.837511097754103 0
    endloop
  endfacet
  facet normal -0.04234556386928089 0.7540326240895986 0.6554705600018561
    outer loop
      vertex 15 4.861919947302454 -1.5
      vertex 15 3.557989840578114 0
      vertex 15.186614627698022 4.872400000000001 -1.5
    endloop
  endfacet
  facet normal 0.04234556386928087 0.7540326240895981 0.6554705600018566
    outer loop
      vertex 14.813385372301978 4.872400000000001 -1.5
      vertex 14.63980914288131 3.5782177252318648 0
      vertex 15 4.861919947302454 -1.5
    endloop
  endfacet
  facet normal 0.042345563869289254 0.7540326240895975 0.6554705600018568
    outer loop
      vertex 14.800028681983523 4.872400000000001 -1.4991371136745473
      vertex 14.63980914288131 3.5782177252318648 0
      vertex 14.813385372301978 4.872400000000001 -1.5
    endloop
  endfacet
  facet normal 0.042345563869192415 0.7540326240896056 0.6554705600018536
    outer loop
      vertex 14.795232605563127 4.8734194375134265 -1.5
      vertex 14.63980914288131 3.5782177252318648 0
      vertex 14.800028681983523 4.872400000000001 -1.4991371136745473
    endloop
  endfacet
  facet normal 0.04234556386929476 0.7540326240895971 0.6554705600018568
    outer loop
      vertex 14.78580299415603 4.873948993131241 -1.5
      vertex 14.63980914288131 3.5782177252318648 0
      vertex 14.795232605563127 4.8734194375134265 -1.5
    endloop
  endfacet
  facet normal 0.12650417157270935 0.7445502263417529 0.6554705600018561
    outer loop
      vertex 14.574299639940545 4.909884858386889 -1.5
      vertex 14.284147894778489 3.6386470018071053 0
      vertex 14.78580299415603 4.873948993131241 -1.5
    endloop
  endfacet
  facet normal -0.7257046774995568 -0.2090719159191823 0.6554705600018559
    outer loop
      vertex 18.036482262910983 7.837511097754103 0
      vertex 16.80572437128667 7.406850285250087 -1.5
      vertex 18.136352998192894 7.490852105221509 0
    endloop
  endfacet
  facet normal -0.6609868681008514 -0.36531452909661405 0.6554705600018561
    outer loop
      vertex 17.72392035114575 8.486552595288162 0
      vertex 16.619851175679933 7.792819952976746 -1.5
      vertex 17.898426001364918 8.170808396749141 0
    endloop
  endfacet
  facet normal -0.6159284715476824 -0.43702455641278143 0.6554705600018566
    outer loop
      vertex 17.515159822055526 8.780773026875485 0
      vertex 16.49570621368054 7.9677859029962885 -1.5
      vertex 17.72392035114575 8.486552595288162 0
    endloop
  endfacet
  facet normal -0.5631244170947768 -0.503238746364507 0.6554705600018563
    outer loop
      vertex 17.274769698873232 9.049769698873233 0
      vertex 16.35275187821515 8.127751878215154 -1.5
      vertex 17.515159822055526 8.780773026875485 0
    endloop
  endfacet
  facet normal -0.5032387463645072 -0.5631244170947769 0.6554705600018562
    outer loop
      vertex 17.005773026875485 9.290159822055527 0
      vertex 16.192785902996288 8.27070621368054 -1.5
      vertex 17.274769698873232 9.049769698873233 0
    endloop
  endfacet
  facet normal 0.6977329712741492 -0.2890104596166029 0.6554705600018563
    outer loop
      vertex 12.101573998635082 8.170808396749141 0
      vertex 13.25231440775149 7.553119758569475 -1.4972876921207616
      vertex 13.26133200036934 7.568738687145551 -1.5
    endloop
  endfacet
  facet normal 0.20907191591921698 -0.7257046774995495 0.655470560001853
    outer loop
      vertex 14.396070275763794 8.588768146345172 -1.5
      vertex 14.284147894778492 9.911352998192896 0
      vertex 14.368149714749913 8.580724371286667 -1.5
    endloop
  endfacet
  facet normal 0.20907191591918012 -0.7257046774995568 0.6554705600018567
    outer loop
      vertex 14.408825752116739 8.594447250312278 -1.4977809217955436
      vertex 14.284147894778492 9.911352998192896 0
      vertex 14.396070275763794 8.588768146345172 -1.5
    endloop
  endfacet
  facet normal 0.20907191591918634 -0.7257046774995556 0.655470560001856
    outer loop
      vertex 14.435359442746394 8.600087160360934 -1.5
      vertex 14.284147894778492 9.911352998192896 0
      vertex 14.408825752116739 8.594447250312278 -1.4977809217955436
    endloop
  endfacet
  facet normal 0.20907191591917976 -0.7257046774995569 0.6554705600018566
    outer loop
      vertex 14.574299639940548 8.640115141613112 -1.5
      vertex 14.284147894778492 9.911352998192896 0
      vertex 14.435359442746394 8.600087160360934 -1.5
    endloop
  endfacet
  facet normal 0.12650417157271449 -0.7445502263417522 0.6554705600018562
    outer loop
      vertex 14.78580299415603 8.67605100686876 -1.5
      vertex 14.63980914288131 9.971782274768136 0
      vertex 14.574299639940548 8.640115141613112 -1.5
    endloop
  endfacet
  facet normal 0.04234556386922369 -0.7540326240895963 0.6554705600018622
    outer loop
      vertex 14.795232605563127 8.676580562486574 -1.5
      vertex 15 9.992010159421888 0
      vertex 14.78580299415603 8.67605100686876 -1.5
    endloop
  endfacet
  facet normal 0.04234556386918781 -0.7540326240895957 0.6554705600018652
    outer loop
      vertex 15 9.992010159421888 0
      vertex 14.795232605563127 8.676580562486574 -1.5
      vertex 14.800028681983523 8.6776 -1.4991371136745473
    endloop
  endfacet
  facet normal 0.04234556386928917 -0.7540326240895985 0.6554705600018556
    outer loop
      vertex 14.813385372301978 8.6776 -1.5
      vertex 15 9.992010159421888 0
      vertex 14.800028681983523 8.6776 -1.4991371136745473
    endloop
  endfacet
  facet normal 0.04234556386928088 -0.7540326240895984 0.6554705600018564
    outer loop
      vertex 15 8.688080052697547 -1.5
      vertex 15 9.992010159421888 0
      vertex 14.813385372301978 8.6776 -1.5
    endloop
  endfacet
  facet normal -0.042345563869280865 -0.754032624089598 0.6554705600018567
    outer loop
      vertex 15.186614627698022 8.6776 -1.5
      vertex 15.36019085711869 9.971782274768136 0
      vertex 15 8.688080052697547 -1.5
    endloop
  endfacet
  facet normal -0.1265041715727144 -0.7445502263417517 0.6554705600018566
    outer loop
      vertex 15.425700360059452 8.640115141613112 -1.5
      vertex 15.715852105221508 9.911352998192896 0
      vertex 15.21419700584397 8.67605100686876 -1.5
    endloop
  endfacet
  facet normal -0.2090719159191863 -0.7257046774995554 0.6554705600018564
    outer loop
      vertex 15.591174247883261 8.594447250312278 -1.4977809217955436
      vertex 16.062511097754104 9.811482262910983 0
      vertex 15.564640557253606 8.600087160360934 -1.5
    endloop
  endfacet
  facet normal -0.20907191591917992 -0.7257046774995575 0.655470560001856
    outer loop
      vertex 15.564640557253606 8.600087160360934 -1.5
      vertex 16.062511097754104 9.811482262910983 0
      vertex 15.425700360059452 8.640115141613112 -1.5
    endloop
  endfacet
  facet normal -0.04234556386928926 -0.7540326240895974 0.6554705600018569
    outer loop
      vertex 15.199971318016477 8.6776 -1.4991371136745473
      vertex 15.36019085711869 9.971782274768136 0
      vertex 15.186614627698022 8.6776 -1.5
    endloop
  endfacet
  facet normal -0.042345563869192374 -0.7540326240896056 0.6554705600018538
    outer loop
      vertex 15.204767394436873 8.676580562486574 -1.5
      vertex 15.36019085711869 9.971782274768136 0
      vertex 15.199971318016477 8.6776 -1.4991371136745473
    endloop
  endfacet
  facet normal -0.04234556386922406 -0.7540326240896028 0.6554705600018547
    outer loop
      vertex 15.21419700584397 8.67605100686876 -1.5
      vertex 15.36019085711869 9.971782274768136 0
      vertex 15.204767394436873 8.676580562486574 -1.5
    endloop
  endfacet
  facet normal 0.4370245564127848 -0.6159284715476804 0.6554705600018562
    outer loop
      vertex 12.994226973124515 9.290159822055525 0
      vertex 13.807214097003712 8.270706213680539 -1.5
      vertex 13.28844740471184 9.498920351145753 0
    endloop
  endfacet
  facet normal 0.3653145290966126 -0.6609868681008517 0.6554705600018566
    outer loop
      vertex 13.28844740471184 9.498920351145753 0
      vertex 13.982180047023256 8.394851175679934 -1.5
      vertex 13.60419160325086 9.673426001364918 0
    endloop
  endfacet
  facet normal 0.2890104596166258 -0.6977329712741399 0.6554705600018561
    outer loop
      vertex 13.60419160325086 9.673426001364918 0
      vertex 14.169945673504373 8.49862556928561 -1.5
      vertex 13.937488902245898 9.811482262910983 0
    endloop
  endfacet
  facet normal -0.3653145290966126 -0.6609868681008524 0.6554705600018559
    outer loop
      vertex 16.39580839674914 9.673426001364918 0
      vertex 15.830054326495627 8.49862556928561 -1.5
      vertex 16.71155259528816 9.49892035114575 0
    endloop
  endfacet
  facet normal -0.2890104596166283 -0.6977329712741385 0.6554705600018567
    outer loop
      vertex 16.062511097754104 9.811482262910983 0
      vertex 15.631850285250087 8.580724371286667 -1.5
      vertex 16.39580839674914 9.673426001364918 0
    endloop
  endfacet
  facet normal 0.2090719159191851 -0.7257046774995554 0.6554705600018564
    outer loop
      vertex 13.937488902245898 9.811482262910983 0
      vertex 14.368149714749913 8.580724371286667 -1.5
      vertex 14.284147894778492 9.911352998192896 0
    endloop
  endfacet
  facet normal 0.12650417157271093 -0.7445502263417524 0.6554705600018564
    outer loop
      vertex 14.284147894778492 9.911352998192896 0
      vertex 14.574299639940548 8.640115141613112 -1.5
      vertex 14.63980914288131 9.971782274768136 0
    endloop
  endfacet
  facet normal 0.04234556386927907 -0.7540326240895986 0.6554705600018563
    outer loop
      vertex 14.63980914288131 9.971782274768136 0
      vertex 14.78580299415603 8.67605100686876 -1.5
      vertex 15 9.992010159421888 0
    endloop
  endfacet
  facet normal -0.04234556386927906 -0.7540326240895985 0.6554705600018564
    outer loop
      vertex 15 9.992010159421888 0
      vertex 15 8.688080052697547 -1.5
      vertex 15.36019085711869 9.971782274768136 0
    endloop
  endfacet
  facet normal -0.20907191591918411 -0.7257046774995557 0.6554705600018566
    outer loop
      vertex 15.715852105221508 9.911352998192896 0
      vertex 15.425700360059452 8.640115141613112 -1.5
      vertex 16.062511097754104 9.811482262910983 0
    endloop
  endfacet
  facet normal -0.20907191591920937 0.7257046774995505 0.6554705600018541
    outer loop
      vertex 15.564640557253606 4.949912839639067 -1.5
      vertex 15.715852105221511 3.6386470018071053 0
      vertex 15.591174247883261 4.955552749687723 -1.4977809217955436
    endloop
  endfacet
  facet normal -0.43702455641278026 -0.6159284715476834 0.6554705600018564
    outer loop
      vertex 16.71155259528816 -4.05107964885425 0
      vertex 16.017819952976744 -5.155148824320067 -1.5
      vertex 17.005773026875485 -4.259840177944473 0
    endloop
  endfacet
  facet normal -0.7445502263417525 -0.12650417157271499 0.6554705600018557
    outer loop
      vertex 18.136352998192894 -6.059147894778492 0
      vertex 16.865115141613114 -6.349299639940548 -1.5
      vertex 18.196782274768136 -6.4148091428813085 0
    endloop
  endfacet
  facet normal 0.7257046774995551 -0.2090719159191873 0.6554705600018561
    outer loop
      vertex 13.194275628713333 -6.143149714749914 -1.5
      vertex 11.963517737089019 -5.712488902245898 0
      vertex 13.134884858386888 -6.349299639940547 -1.5
    endloop
  endfacet
  facet normal 0.7445502263417437 -0.12650417157275554 0.6554705600018578
    outer loop
      vertex 13.134884858386888 -6.349299639940547 -1.5
      vertex 11.863647001807104 -6.059147894778491 0
      vertex 13.13168260452094 -6.368146756292948 -1.5
    endloop
  endfacet
  facet normal 0.7445502263417705 -0.12650417157262253 0.655470560001853
    outer loop
      vertex 13.13168260452094 -6.368146756292948 -1.5
      vertex 11.863647001807104 -6.059147894778491 0
      vertex 13.128725336442193 -6.377248291573926 -1.4983974071442319
    endloop
  endfacet
  facet normal -0.6159284715476739 0.4370245564127927 0.6554705600018569
    outer loop
      vertex 16.53100215103101 -7.9180409346069505 -1.5
      vertex 17.515159822055526 -8.780773026875485 0
      vertex 16.547714274232035 -7.899480241430526 -1.4966711032797928
    endloop
  endfacet
  facet normal -0.04234556386927814 -0.7540326240895986 0.6554705600018562
    outer loop
      vertex 15 -3.557989840578114 0
      vertex 15 -4.861919947302454 -1.5
      vertex 15.36019085711869 -3.5782177252318648 0
    endloop
  endfacet
  facet normal 0.04234556386927813 -0.7540326240895985 0.6554705600018563
    outer loop
      vertex 14.63980914288131 -3.5782177252318648 0
      vertex 14.78580299415603 -4.873948993131241 -1.5
      vertex 15 -3.557989840578114 0
    endloop
  endfacet
  facet normal 0.12650417157271004 -0.7445502263417526 0.6554705600018566
    outer loop
      vertex 14.284147894778492 -3.6386470018071044 0
      vertex 14.574299639940548 -4.909884858386889 -1.5
      vertex 14.63980914288131 -3.5782177252318648 0
    endloop
  endfacet
  facet normal 0.20907191591918606 -0.7257046774995555 0.6554705600018561
    outer loop
      vertex 13.937488902245898 -3.7385177370890177 0
      vertex 14.368149714749913 -4.969275628713333 -1.5
      vertex 14.284147894778492 -3.6386470018071044 0
    endloop
  endfacet
  facet normal -0.2890104596166276 -0.697732971274139 0.6554705600018563
    outer loop
      vertex 16.062511097754104 -3.7385177370890177 0
      vertex 15.631850285250087 -4.969275628713333 -1.5
      vertex 16.39580839674914 -3.8765739986350827 0
    endloop
  endfacet
  facet normal -0.3653145290966126 -0.6609868681008524 0.6554705600018559
    outer loop
      vertex 16.39580839674914 -3.8765739986350827 0
      vertex 15.830054326495627 -5.051374430714391 -1.5
      vertex 16.71155259528816 -4.05107964885425 0
    endloop
  endfacet
  facet normal 0.289010459616625 -0.6977329712741404 0.6554705600018561
    outer loop
      vertex 13.60419160325086 -3.8765739986350827 0
      vertex 14.169945673504373 -5.051374430714391 -1.5
      vertex 13.937488902245898 -3.7385177370890177 0
    endloop
  endfacet
  facet normal 0.3653145290966126 -0.6609868681008517 0.6554705600018566
    outer loop
      vertex 13.28844740471184 -4.051079648854248 0
      vertex 13.982180047023256 -5.155148824320067 -1.5
      vertex 13.60419160325086 -3.8765739986350827 0
    endloop
  endfacet
  facet normal -0.04234556386929476 -0.7540326240895971 0.6554705600018568
    outer loop
      vertex 15.21419700584397 -4.873948993131241 -1.5
      vertex 15.36019085711869 -3.5782177252318648 0
      vertex 15.204767394436873 -4.8734194375134265 -1.5
    endloop
  endfacet
  facet normal -0.042345563869192415 -0.7540326240896056 0.6554705600018536
    outer loop
      vertex 15.204767394436873 -4.8734194375134265 -1.5
      vertex 15.36019085711869 -3.5782177252318648 0
      vertex 15.199971318016477 -4.872400000000001 -1.4991371136745473
    endloop
  endfacet
  facet normal -0.042345563869289254 -0.7540326240895975 0.6554705600018568
    outer loop
      vertex 15.199971318016477 -4.872400000000001 -1.4991371136745473
      vertex 15.36019085711869 -3.5782177252318648 0
      vertex 15.186614627698022 -4.872400000000001 -1.5
    endloop
  endfacet
  facet normal -0.12650417157271138 -0.7445502263417524 0.6554705600018564
    outer loop
      vertex 15.425700360059452 -4.909884858386889 -1.5
      vertex 15.715852105221508 -3.6386470018071044 0
      vertex 15.21419700584397 -4.873948993131241 -1.5
    endloop
  endfacet
  facet normal -0.04234556386928087 -0.7540326240895981 0.6554705600018566
    outer loop
      vertex 15.186614627698022 -4.872400000000001 -1.5
      vertex 15.36019085711869 -3.5782177252318648 0
      vertex 15 -4.861919947302454 -1.5
    endloop
  endfacet
  facet normal 0.04234556386928089 -0.7540326240895986 0.6554705600018561
    outer loop
      vertex 15 -4.861919947302454 -1.5
      vertex 15 -3.557989840578114 0
      vertex 14.813385372301978 -4.872400000000001 -1.5
    endloop
  endfacet
  facet normal 0.04234556386928915 -0.7540326240895987 0.6554705600018552
    outer loop
      vertex 14.813385372301978 -4.872400000000001 -1.5
      vertex 15 -3.557989840578114 0
      vertex 14.800028681983523 -4.872400000000001 -1.4991371136745473
    endloop
  endfacet
  facet normal 0.04234556386918794 -0.7540326240895966 0.6554705600018642
    outer loop
      vertex 15 -3.557989840578114 0
      vertex 14.795232605563127 -4.8734194375134265 -1.5
      vertex 14.800028681983523 -4.872400000000001 -1.4991371136745473
    endloop
  endfacet
  facet normal 0.04234556386929487 -0.754032624089599 0.6554705600018546
    outer loop
      vertex 14.795232605563127 -4.8734194375134265 -1.5
      vertex 15 -3.557989840578114 0
      vertex 14.78580299415603 -4.873948993131241 -1.5
    endloop
  endfacet
  facet normal 0.1265041715727114 -0.7445502263417525 0.6554705600018563
    outer loop
      vertex 14.78580299415603 -4.873948993131241 -1.5
      vertex 14.63980914288131 -3.5782177252318648 0
      vertex 14.574299639940548 -4.909884858386889 -1.5
    endloop
  endfacet
  facet normal 0.20907191591917976 -0.7257046774995569 0.6554705600018566
    outer loop
      vertex 14.574299639940548 -4.909884858386889 -1.5
      vertex 14.284147894778492 -3.6386470018071044 0
      vertex 14.435359442746394 -4.949912839639067 -1.5
    endloop
  endfacet
  facet normal -0.503238746364508 -0.5631244170947758 0.6554705600018566
    outer loop
      vertex 17.005773026875485 -4.259840177944473 0
      vertex 16.192785902996288 -5.279293786319461 -1.5
      vertex 17.274769698873232 -4.500230301126768 0
    endloop
  endfacet
  facet normal 0.7445502263417487 -0.12650417157272809 0.6554705600018573
    outer loop
      vertex 11.863647001807104 -6.059147894778491 0
      vertex 13.126437051049534 -6.39901987277495 -1.5
      vertex 13.128725336442193 -6.377248291573926 -1.4983974071442319
    endloop
  endfacet
  facet normal 0.7445502263417524 -0.12650417157271154 0.6554705600018563
    outer loop
      vertex 13.126437051049534 -6.39901987277495 -1.5
      vertex 11.863647001807104 -6.059147894778491 0
      vertex 13.09894899313124 -6.560802994156031 -1.5
    endloop
  endfacet
  facet normal 0.7540326240895987 -0.04234556386927688 0.6554705600018562
    outer loop
      vertex 13.09894899313124 -6.560802994156031 -1.5
      vertex 11.803217725231864 -6.41480914288131 0
      vertex 13.086919947302453 -6.775 -1.5
    endloop
  endfacet
  facet normal -0.5631244170947768 -0.5032387463645069 0.6554705600018566
    outer loop
      vertex 17.274769698873232 -4.500230301126768 0
      vertex 16.35275187821515 -5.422248121784848 -1.5
      vertex 17.515159822055526 -4.769226973124516 0
    endloop
  endfacet
  facet normal -0.6159284715476824 -0.43702455641278143 0.6554705600018566
    outer loop
      vertex 17.515159822055526 -4.769226973124516 0
      vertex 16.49570621368054 -5.582214097003712 -1.5
      vertex 17.72392035114575 -5.063447404711839 0
    endloop
  endfacet
  facet normal -0.6609868681008517 -0.36531452909661327 0.655470560001856
    outer loop
      vertex 17.72392035114575 -5.063447404711839 0
      vertex 16.619851175679933 -5.757180047023255 -1.5
      vertex 17.898426001364918 -5.37919160325086 0
    endloop
  endfacet
  facet normal -0.7257046774995568 -0.2090719159191823 0.6554705600018559
    outer loop
      vertex 18.036482262910983 -5.712488902245898 0
      vertex 16.80572437128667 -6.143149714749914 -1.5
      vertex 18.136352998192894 -6.059147894778492 0
    endloop
  endfacet
  facet normal -0.6977329712741397 -0.28901045961662647 0.6554705600018561
    outer loop
      vertex 17.898426001364918 -5.37919160325086 0
      vertex 16.72362556928561 -5.944945673504374 -1.5
      vertex 18.036482262910983 -5.712488902245898 0
    endloop
  endfacet
  facet normal 0.43702455641278354 -0.6159284715476813 0.6554705600018561
    outer loop
      vertex 12.994226973124515 -4.259840177944475 0
      vertex 13.807214097003712 -5.279293786319461 -1.5
      vertex 13.28844740471184 -4.051079648854248 0
    endloop
  endfacet
  facet normal 0.5032387463645042 -0.5631244170947795 0.6554705600018564
    outer loop
      vertex 12.725230301126766 -4.500230301126768 0
      vertex 13.647248121784846 -5.422248121784848 -1.5
      vertex 12.994226973124515 -4.259840177944475 0
    endloop
  endfacet
  facet normal 0.5631244170947807 -0.503238746364503 0.6554705600018562
    outer loop
      vertex 12.484840177944475 -4.769226973124516 0
      vertex 13.504293786319462 -5.582214097003711 -1.5
      vertex 12.725230301126766 -4.500230301126768 0
    endloop
  endfacet
  facet normal 0.6159284715476796 -0.43702455641278554 0.6554705600018563
    outer loop
      vertex 12.276079648854248 -5.06344740471184 0
      vertex 13.380148824320067 -5.7571800470232555 -1.5
      vertex 12.484840177944475 -4.769226973124516 0
    endloop
  endfacet
  facet normal 0.6609868681008529 -0.3653145290966113 0.6554705600018562
    outer loop
      vertex 12.101573998635082 -5.37919160325086 0
      vertex 13.276374430714391 -5.944945673504374 -1.5
      vertex 12.276079648854248 -5.06344740471184 0
    endloop
  endfacet
  facet normal 0.697732971274141 -0.2890104596166233 0.6554705600018561
    outer loop
      vertex 11.963517737089019 -5.712488902245898 0
      vertex 13.194275628713333 -6.143149714749914 -1.5
      vertex 12.101573998635082 -5.37919160325086 0
    endloop
  endfacet
  facet normal -0.50323874636451 -0.5631244170947736 0.6554705600018569
    outer loop
      vertex 16.256054597918336 -5.335834148893246 -1.5
      vertex 17.274769698873232 -4.500230301126768 0
      vertex 16.192785902996288 -5.279293786319461 -1.5
    endloop
  endfacet
  facet normal 0.7540326240895984 0.04234556386927687 0.6554705600018564
    outer loop
      vertex 13.086919947302453 -6.775 -1.5
      vertex 11.782989840578113 -6.775 0
      vertex 13.09894899313124 -6.98919700584397 -1.5
    endloop
  endfacet
  facet normal 0.7445502263417525 0.12650417157271157 0.6554705600018561
    outer loop
      vertex 13.09894899313124 -6.98919700584397 -1.5
      vertex 11.803217725231864 -7.13519085711869 0
      vertex 13.126437051049534 -7.150980127225051 -1.5
    endloop
  endfacet
  facet normal 0.7445502263417604 0.12650417157261698 0.6554705600018658
    outer loop
      vertex 13.13168260452094 -7.181853243707053 -1.5
      vertex 13.128725336442193 -7.172751708426075 -1.4983974071442319
      vertex 11.803217725231864 -7.13519085711869 0
    endloop
  endfacet
  facet normal 0.7445502263417508 0.1265041715727304 0.6554705600018544
    outer loop
      vertex 13.126437051049534 -7.150980127225051 -1.5
      vertex 11.803217725231864 -7.13519085711869 0
      vertex 13.128725336442193 -7.172751708426075 -1.4983974071442319
    endloop
  endfacet
  facet normal 0.7445502263417492 0.12650417157275645 0.6554705600018514
    outer loop
      vertex 13.13168260452094 -7.181853243707053 -1.5
      vertex 11.803217725231864 -7.13519085711869 0
      vertex 13.134884858386888 -7.200700360059454 -1.5
    endloop
  endfacet
  facet normal 0.725704677499555 0.20907191591918728 0.6554705600018564
    outer loop
      vertex 13.134884858386888 -7.200700360059454 -1.5
      vertex 11.863647001807104 -7.49085210522151 0
      vertex 13.194275628713333 -7.406850285250087 -1.5
    endloop
  endfacet
  facet normal -0.5032387463645145 -0.5631244170947697 0.6554705600018568
    outer loop
      vertex 16.298621740386643 -5.373874473130269 -1.5
      vertex 17.274769698873232 -4.500230301126768 0
      vertex 16.280100415674546 -5.353304458113798 -1.496547778611676
    endloop
  endfacet
  facet normal -0.5032387463644833 -0.5631244170948009 0.6554705600018539
    outer loop
      vertex 16.280100415674546 -5.353304458113798 -1.496547778611676
      vertex 17.274769698873232 -4.500230301126768 0
      vertex 16.256054597918336 -5.335834148893246 -1.5
    endloop
  endfacet
  facet normal -0.5032387463645133 -0.5631244170947708 0.6554705600018567
    outer loop
      vertex 16.35275187821515 -5.422248121784848 -1.5
      vertex 17.274769698873232 -4.500230301126768 0
      vertex 16.298621740386643 -5.373874473130269 -1.5
    endloop
  endfacet
  facet normal -0.725704677499557 0.2090719159191824 0.6554705600018556
    outer loop
      vertex 18.136352998192894 -7.490852105221509 0
      vertex 16.865115141613114 -7.200700360059453 -1.5
      vertex 18.036482262910983 -7.837511097754103 0
    endloop
  endfacet
  facet normal -0.69773297127414 0.2890104596166258 0.655470560001856
    outer loop
      vertex 18.036482262910983 -7.837511097754103 0
      vertex 16.80572437128667 -7.406850285250087 -1.5
      vertex 17.898426001364918 -8.170808396749141 0
    endloop
  endfacet
  facet normal -0.6609868681008514 0.36531452909661405 0.6554705600018562
    outer loop
      vertex 17.898426001364918 -8.170808396749141 0
      vertex 16.72362556928561 -7.605054326495627 -1.5
      vertex 17.72392035114575 -8.486552595288162 0
    endloop
  endfacet
  facet normal -0.6159284715476827 0.43702455641278165 0.655470560001856
    outer loop
      vertex 17.72392035114575 -8.486552595288162 0
      vertex 16.619851175679933 -7.792819952976746 -1.5
      vertex 17.515159822055526 -8.780773026875485 0
    endloop
  endfacet
  facet normal -0.5631244170947767 0.5032387463645069 0.6554705600018566
    outer loop
      vertex 17.515159822055526 -8.780773026875485 0
      vertex 16.49570621368054 -7.9677859029962885 -1.5
      vertex 17.274769698873232 -9.049769698873233 0
    endloop
  endfacet
  facet normal -0.503238746364507 0.5631244170947768 0.6554705600018562
    outer loop
      vertex 17.274769698873232 -9.049769698873233 0
      vertex 16.35275187821515 -8.127751878215154 -1.5
      vertex 17.005773026875485 -9.290159822055527 0
    endloop
  endfacet
  facet normal 0.7257046774995545 0.20907191591918964 0.6554705600018561
    outer loop
      vertex 11.963517737089019 -7.837511097754103 0
      vertex 13.194275628713333 -7.406850285250087 -1.5
      vertex 11.863647001807104 -7.49085210522151 0
    endloop
  endfacet
  facet normal 0.6977329712741412 0.28901045961662264 0.6554705600018561
    outer loop
      vertex 12.101573998635082 -8.170808396749141 0
      vertex 13.276374430714391 -7.605054326495627 -1.5
      vertex 11.963517737089019 -7.837511097754103 0
    endloop
  endfacet
  facet normal 0.6609868681008518 0.36531452909661266 0.6554705600018563
    outer loop
      vertex 12.276079648854248 -8.48655259528816 0
      vertex 13.380148824320067 -7.792819952976745 -1.5
      vertex 12.101573998635082 -8.170808396749141 0
    endloop
  endfacet
  facet normal 0.6159284715476805 0.43702455641278487 0.6554705600018561
    outer loop
      vertex 12.484840177944475 -8.780773026875485 0
      vertex 13.504293786319462 -7.967785902996289 -1.5
      vertex 12.276079648854248 -8.48655259528816 0
    endloop
  endfacet
  facet normal 0.5631244170947807 0.503238746364503 0.6554705600018562
    outer loop
      vertex 12.725230301126766 -9.049769698873233 0
      vertex 13.647248121784846 -8.127751878215154 -1.5
      vertex 12.484840177944475 -8.780773026875485 0
    endloop
  endfacet
  facet normal -0.289010459616624 -0.6977329712741409 0.6554705600018558
    outer loop
      vertex 15.830054326495627 -5.051374430714391 -1.5
      vertex 16.39580839674914 -3.8765739986350827 0
      vertex 15.631850285250087 -4.969275628713333 -1.5
    endloop
  endfacet
  facet normal -0.7257046774995556 0.20907191591918653 0.6554705600018561
    outer loop
      vertex 16.80572437128667 -7.406850285250087 -1.5
      vertex 18.036482262910983 -7.837511097754103 0
      vertex 16.865115141613114 -7.200700360059453 -1.5
    endloop
  endfacet
  facet normal -0.7445502263417577 0.12650417157268773 0.6554705600018548
    outer loop
      vertex 16.865115141613114 -7.200700360059453 -1.5
      vertex 18.136352998192894 -7.490852105221509 0
      vertex 16.86831739547906 -7.181853243707052 -1.5
    endloop
  endfacet
  facet normal -0.7445502263417413 0.12650417157276989 0.6554705600018579
    outer loop
      vertex 16.86831739547906 -7.181853243707052 -1.5
      vertex 18.136352998192894 -7.490852105221509 0
      vertex 16.87127466355781 -7.172751708426075 -1.4983974071442319
    endloop
  endfacet
  facet normal -0.7445502263417729 0.12650417157261387 0.6554705600018518
    outer loop
      vertex 18.136352998192894 -7.490852105221509 0
      vertex 16.873562948950465 -7.1509801272250515 -1.5
      vertex 16.87127466355781 -7.172751708426075 -1.4983974071442319
    endloop
  endfacet
  facet normal -0.7445502263417525 0.12650417157271157 0.6554705600018563
    outer loop
      vertex 16.873562948950465 -7.1509801272250515 -1.5
      vertex 18.136352998192894 -7.490852105221509 0
      vertex 16.90105100686876 -6.9891970058439705 -1.5
    endloop
  endfacet
  facet normal -0.7540326240895981 0.04234556386927668 0.6554705600018567
    outer loop
      vertex 16.90105100686876 -6.9891970058439705 -1.5
      vertex 18.196782274768136 -7.135190857118692 0
      vertex 16.913080052697545 -6.775 -1.5
    endloop
  endfacet
  facet normal -0.20907191591917992 -0.7257046774995575 0.6554705600018559
    outer loop
      vertex 15.564640557253606 -4.949912839639067 -1.5
      vertex 16.062511097754104 -3.7385177370890177 0
      vertex 15.425700360059452 -4.909884858386889 -1.5
    endloop
  endfacet
  facet normal -0.20907191591920907 -0.7257046774995476 0.6554705600018577
    outer loop
      vertex 15.591174247883261 -4.955552749687723 -1.4977809217955436
      vertex 16.062511097754104 -3.7385177370890177 0
      vertex 15.564640557253606 -4.949912839639067 -1.5
    endloop
  endfacet
  facet normal -0.20907191591917365 -0.7257046774995594 0.655470560001856
    outer loop
      vertex 15.631850285250087 -4.969275628713333 -1.5
      vertex 16.062511097754104 -3.7385177370890177 0
      vertex 15.603929724236206 -4.961231853654829 -1.5
    endloop
  endfacet
  facet normal -0.20907191591918037 -0.725704677499557 0.6554705600018562
    outer loop
      vertex 15.591174247883261 -4.955552749687723 -1.4977809217955436
      vertex 15.603929724236206 -4.961231853654829 -1.5
      vertex 16.062511097754104 -3.7385177370890177 0
    endloop
  endfacet
  facet normal -0.3653145290966151 -0.6609868681008507 0.6554705600018562
    outer loop
      vertex 15.928094418789339 -5.105559274434163 -1.5
      vertex 16.71155259528816 -4.05107964885425 0
      vertex 15.830054326495627 -5.051374430714391 -1.5
    endloop
  endfacet
  facet normal -0.3653145290966283 -0.6609868681008424 0.6554705600018572
    outer loop
      vertex 15.956540026348772 -5.1182240748906525 -1.4969177457160256
      vertex 16.71155259528816 -4.05107964885425 0
      vertex 15.928094418789339 -5.105559274434163 -1.5
    endloop
  endfacet
  facet normal -0.36531452909662676 -0.6609868681008436 0.6554705600018568
    outer loop
      vertex 16.017819952976744 -5.155148824320067 -1.5
      vertex 16.71155259528816 -4.05107964885425 0
      vertex 15.974120233711588 -5.13099684319089 -1.5
    endloop
  endfacet
  facet normal -0.365314529096589 -0.6609868681008666 0.6554705600018547
    outer loop
      vertex 15.974120233711588 -5.13099684319089 -1.5
      vertex 16.71155259528816 -4.05107964885425 0
      vertex 15.956540026348772 -5.1182240748906525 -1.4969177457160256
    endloop
  endfacet
  facet normal 0.2090719159192094 -0.7257046774995506 0.6554705600018541
    outer loop
      vertex 14.435359442746394 -4.949912839639067 -1.5
      vertex 14.284147894778492 -3.6386470018071044 0
      vertex 14.408825752116739 -4.955552749687723 -1.4977809217955436
    endloop
  endfacet
  facet normal 0.20907191591917998 -0.7257046774995565 0.6554705600018569
    outer loop
      vertex 14.408825752116739 -4.955552749687723 -1.4977809217955436
      vertex 14.284147894778492 -3.6386470018071044 0
      vertex 14.396070275763794 -4.961231853654829 -1.5
    endloop
  endfacet
  facet normal 0.20907191591917323 -0.7257046774995579 0.6554705600018575
    outer loop
      vertex 14.396070275763794 -4.961231853654829 -1.5
      vertex 14.284147894778492 -3.6386470018071044 0
      vertex 14.368149714749913 -4.969275628713333 -1.5
    endloop
  endfacet
  facet normal 0.2890104596166239 -0.6977329712741407 0.6554705600018562
    outer loop
      vertex 14.368149714749913 -4.969275628713333 -1.5
      vertex 13.937488902245898 -3.7385177370890177 0
      vertex 14.169945673504373 -5.051374430714391 -1.5
    endloop
  endfacet
  facet normal -0.43702455641278065 -0.615928471547683 0.6554705600018566
    outer loop
      vertex 16.192785902996288 -5.279293786319461 -1.5
      vertex 17.005773026875485 -4.259840177944473 0
      vertex 16.017819952976744 -5.155148824320067 -1.5
    endloop
  endfacet
  facet normal 0.2090719159191848 0.7257046774995558 0.6554705600018561
    outer loop
      vertex 14.435359442746394 -8.600087160360934 -1.5
      vertex 13.937488902245898 -9.811482262910983 0
      vertex 14.574299639940545 -8.640115141613112 -1.5
    endloop
  endfacet
  facet normal -0.7540326240895985 -0.042345563869276695 0.6554705600018566
    outer loop
      vertex 16.913080052697545 -6.775 -1.5
      vertex 18.217010159421886 -6.775 0
      vertex 16.90105100686876 -6.56080299415603 -1.5
    endloop
  endfacet
  facet normal 0.20907191591918628 0.7257046774995554 0.6554705600018562
    outer loop
      vertex 14.408825752116739 -8.594447250312278 -1.4977809217955436
      vertex 13.937488902245898 -9.811482262910983 0
      vertex 14.435359442746394 -8.600087160360934 -1.5
    endloop
  endfacet
  facet normal 0.12650417157271235 0.744550226341752 0.6554705600018566
    outer loop
      vertex 14.574299639940545 -8.640115141613112 -1.5
      vertex 14.284147894778489 -9.911352998192896 0
      vertex 14.78580299415603 -8.67605100686876 -1.5
    endloop
  endfacet
  facet normal 0.04234556386922406 0.7540326240896028 0.6554705600018547
    outer loop
      vertex 14.78580299415603 -8.67605100686876 -1.5
      vertex 14.63980914288131 -9.971782274768136 0
      vertex 14.795232605563127 -8.676580562486574 -1.5
    endloop
  endfacet
  facet normal 0.042345563869192374 0.7540326240896056 0.6554705600018538
    outer loop
      vertex 14.795232605563127 -8.676580562486574 -1.5
      vertex 14.63980914288131 -9.971782274768136 0
      vertex 14.800028681983523 -8.6776 -1.4991371136745473
    endloop
  endfacet
  facet normal -0.5631244170947771 -0.5032387463645065 0.6554705600018566
    outer loop
      vertex 16.49570621368054 -5.582214097003712 -1.5
      vertex 17.515159822055526 -4.769226973124516 0
      vertex 16.35275187821515 -5.422248121784848 -1.5
    endloop
  endfacet
  facet normal -0.6159284715476747 -0.4370245564127948 0.6554705600018549
    outer loop
      vertex 16.53100215103101 -5.63195906539305 -1.5
      vertex 17.72392035114575 -5.063447404711839 0
      vertex 16.49570621368054 -5.582214097003712 -1.5
    endloop
  endfacet
  facet normal 0.5032387463645032 0.5631244170947803 0.6554705600018563
    outer loop
      vertex 12.994226973124515 -9.290159822055525 0
      vertex 13.807214097003712 -8.270706213680539 -1.5
      vertex 12.725230301126766 -9.049769698873233 0
    endloop
  endfacet
  facet normal -0.6977329712741369 0.28901045961663185 0.6554705600018568
    outer loop
      vertex 16.75695724892556 -7.524584533452183 -1.5
      vertex 17.898426001364918 -8.170808396749141 0
      vertex 16.80572437128667 -7.406850285250087 -1.5
    endloop
  endfacet
  facet normal -0.6977329712741553 0.2890104596165932 0.6554705600018542
    outer loop
      vertex 16.747685592248512 -7.553119758569475 -1.4972876921207616
      vertex 17.898426001364918 -8.170808396749141 0
      vertex 16.75695724892556 -7.524584533452183 -1.5
    endloop
  endfacet
  facet normal -0.6977329712741208 0.28901045961666527 0.6554705600018593
    outer loop
      vertex 17.898426001364918 -8.170808396749141 0
      vertex 16.747685592248512 -7.553119758569475 -1.4972876921207616
      vertex 16.73866799963066 -7.568738687145551 -1.5
    endloop
  endfacet
  facet normal -0.6977329712741414 0.28901045961662275 0.6554705600018562
    outer loop
      vertex 16.72362556928561 -7.605054326495627 -1.5
      vertex 17.898426001364918 -8.170808396749141 0
      vertex 16.73866799963066 -7.568738687145551 -1.5
    endloop
  endfacet
  facet normal -0.6609868681008518 0.36531452909661316 0.6554705600018561
    outer loop
      vertex 16.619851175679933 -7.792819952976746 -1.5
      vertex 17.72392035114575 -8.486552595288162 0
      vertex 16.72362556928561 -7.605054326495627 -1.5
    endloop
  endfacet
  facet normal -0.6159284715476827 0.43702455641278165 0.6554705600018561
    outer loop
      vertex 16.563187183802793 -7.872680375913055 -1.5
      vertex 17.515159822055526 -8.780773026875485 0
      vertex 16.619851175679933 -7.792819952976746 -1.5
    endloop
  endfacet
  facet normal -0.6159284715476864 0.4370245564127771 0.6554705600018558
    outer loop
      vertex 16.547714274232035 -7.899480241430526 -1.4966711032797928
      vertex 17.515159822055526 -8.780773026875485 0
      vertex 16.563187183802793 -7.872680375913055 -1.5
    endloop
  endfacet
  facet normal -0.12650417157271004 -0.7445502263417527 0.6554705600018563
    outer loop
      vertex 15.36019085711869 -3.5782177252318648 0
      vertex 15.21419700584397 -4.873948993131241 -1.5
      vertex 15.715852105221508 -3.6386470018071044 0
    endloop
  endfacet
  facet normal -0.6159284715476733 0.43702455641279375 0.655470560001857
    outer loop
      vertex 16.49570621368054 -7.9677859029962885 -1.5
      vertex 17.515159822055526 -8.780773026875485 0
      vertex 16.53100215103101 -7.9180409346069505 -1.5
    endloop
  endfacet
  facet normal -0.209071915919185 -0.7257046774995555 0.6554705600018564
    outer loop
      vertex 15.715852105221508 -3.6386470018071044 0
      vertex 15.425700360059452 -4.909884858386889 -1.5
      vertex 16.062511097754104 -3.7385177370890177 0
    endloop
  endfacet
  facet normal 0.04234556386928926 0.7540326240895974 0.6554705600018569
    outer loop
      vertex 14.800028681983523 -8.6776 -1.4991371136745473
      vertex 14.63980914288131 -9.971782274768136 0
      vertex 14.813385372301978 -8.6776 -1.5
    endloop
  endfacet
  facet normal 0.042345563869280865 0.754032624089598 0.6554705600018567
    outer loop
      vertex 14.813385372301978 -8.6776 -1.5
      vertex 14.63980914288131 -9.971782274768136 0
      vertex 15 -8.688080052697547 -1.5
    endloop
  endfacet
  facet normal -0.04234556386928088 0.7540326240895984 0.6554705600018564
    outer loop
      vertex 15 -8.688080052697547 -1.5
      vertex 15 -9.992010159421888 0
      vertex 15.186614627698022 -8.6776 -1.5
    endloop
  endfacet
  facet normal -0.04234556386928917 0.7540326240895985 0.6554705600018556
    outer loop
      vertex 15.186614627698022 -8.6776 -1.5
      vertex 15 -9.992010159421888 0
      vertex 15.199971318016477 -8.6776 -1.4991371136745473
    endloop
  endfacet
  facet normal -0.04234556386918781 0.7540326240895957 0.6554705600018652
    outer loop
      vertex 15 -9.992010159421888 0
      vertex 15.204767394436873 -8.676580562486574 -1.5
      vertex 15.199971318016477 -8.6776 -1.4991371136745473
    endloop
  endfacet
  facet normal -0.04234556386922369 0.7540326240895963 0.6554705600018622
    outer loop
      vertex 15.204767394436873 -8.676580562486574 -1.5
      vertex 15 -9.992010159421888 0
      vertex 15.21419700584397 -8.67605100686876 -1.5
    endloop
  endfacet
  facet normal -0.12650417157271238 0.7445502263417524 0.6554705600018561
    outer loop
      vertex 15.21419700584397 -8.67605100686876 -1.5
      vertex 15.36019085711869 -9.971782274768136 0
      vertex 15.425700360059455 -8.640115141613112 -1.5
    endloop
  endfacet
  facet normal -0.20907191591918473 0.7257046774995556 0.6554705600018566
    outer loop
      vertex 15.425700360059455 -8.640115141613112 -1.5
      vertex 15.715852105221511 -9.911352998192896 0
      vertex 15.564640557253606 -8.600087160360934 -1.5
    endloop
  endfacet
  facet normal -0.2090719159191863 0.7257046774995554 0.6554705600018563
    outer loop
      vertex 15.564640557253606 -8.600087160360934 -1.5
      vertex 15.715852105221511 -9.911352998192896 0
      vertex 15.591174247883261 -8.594447250312278 -1.4977809217955436
    endloop
  endfacet
  facet normal -0.20907191591918 0.7257046774995566 0.655470560001857
    outer loop
      vertex 15.591174247883261 -8.594447250312278 -1.4977809217955436
      vertex 15.715852105221511 -9.911352998192896 0
      vertex 15.603929724236206 -8.588768146345172 -1.5
    endloop
  endfacet
  facet normal -0.6159284715476857 -0.4370245564127768 0.6554705600018564
    outer loop
      vertex 16.563187183802793 -5.6773196240869455 -1.5
      vertex 17.72392035114575 -5.063447404711839 0
      vertex 16.547714274232035 -5.650519758569475 -1.4966711032797928
    endloop
  endfacet
  facet normal -0.6159284715476827 -0.43702455641278165 0.6554705600018561
    outer loop
      vertex 16.619851175679933 -5.757180047023255 -1.5
      vertex 17.72392035114575 -5.063447404711839 0
      vertex 16.563187183802793 -5.6773196240869455 -1.5
    endloop
  endfacet
  facet normal -0.20907191591921692 0.7257046774995493 0.6554705600018532
    outer loop
      vertex 15.603929724236206 -8.588768146345172 -1.5
      vertex 15.715852105221511 -9.911352998192896 0
      vertex 15.631850285250087 -8.580724371286667 -1.5
    endloop
  endfacet
  facet normal 0.2890104596166257 0.6977329712741397 0.6554705600018566
    outer loop
      vertex 13.937488902245898 -9.811482262910983 0
      vertex 14.368149714749913 -8.580724371286667 -1.5
      vertex 13.60419160325086 -9.673426001364918 0
    endloop
  endfacet
  facet normal 0.3653145290966128 0.660986868100852 0.6554705600018561
    outer loop
      vertex 13.60419160325086 -9.673426001364918 0
      vertex 14.169945673504373 -8.49862556928561 -1.5
      vertex 13.28844740471184 -9.498920351145753 0
    endloop
  endfacet
  facet normal 0.43702455641278476 0.6159284715476803 0.6554705600018566
    outer loop
      vertex 13.28844740471184 -9.498920351145753 0
      vertex 13.982180047023256 -8.394851175679934 -1.5
      vertex 12.994226973124515 -9.290159822055525 0
    endloop
  endfacet
  facet normal 0.12650417157270974 0.7445502263417528 0.6554705600018562
    outer loop
      vertex 14.63980914288131 -9.971782274768136 0
      vertex 14.78580299415603 -8.67605100686876 -1.5
      vertex 14.284147894778489 -9.911352998192896 0
    endloop
  endfacet
  facet normal 0.20907191591918714 0.725704677499555 0.6554705600018566
    outer loop
      vertex 14.284147894778489 -9.911352998192896 0
      vertex 14.574299639940545 -8.640115141613112 -1.5
      vertex 13.937488902245898 -9.811482262910983 0
    endloop
  endfacet
  facet normal 0.04234556386927906 0.7540326240895985 0.6554705600018564
    outer loop
      vertex 15 -9.992010159421888 0
      vertex 15 -8.688080052697547 -1.5
      vertex 14.63980914288131 -9.971782274768136 0
    endloop
  endfacet
  facet normal -0.04234556386927907 0.7540326240895986 0.6554705600018563
    outer loop
      vertex 15.36019085711869 -9.971782274768136 0
      vertex 15.21419700584397 -8.67605100686876 -1.5
      vertex 15 -9.992010159421888 0
    endloop
  endfacet
  facet normal -0.1265041715727097 0.7445502263417527 0.6554705600018566
    outer loop
      vertex 15.715852105221511 -9.911352998192896 0
      vertex 15.425700360059455 -8.640115141613112 -1.5
      vertex 15.36019085711869 -9.971782274768136 0
    endloop
  endfacet
  facet normal -0.20907191591918606 0.725704677499555 0.6554705600018567
    outer loop
      vertex 16.062511097754104 -9.811482262910983 0
      vertex 15.631850285250087 -8.580724371286667 -1.5
      vertex 15.715852105221511 -9.911352998192896 0
    endloop
  endfacet
  facet normal -0.2890104596166285 0.697732971274139 0.655470560001856
    outer loop
      vertex 16.39580839674914 -9.673426001364918 0
      vertex 15.830054326495627 -8.49862556928561 -1.5
      vertex 16.062511097754104 -9.811482262910983 0
    endloop
  endfacet
  facet normal -0.3653145290966124 0.6609868681008519 0.6554705600018563
    outer loop
      vertex 16.71155259528816 -9.49892035114575 0
      vertex 16.017819952976744 -8.394851175679934 -1.5
      vertex 16.39580839674914 -9.673426001364918 0
    endloop
  endfacet
  facet normal -0.43702455641278165 0.6159284715476827 0.655470560001856
    outer loop
      vertex 17.005773026875485 -9.290159822055527 0
      vertex 16.192785902996288 -8.27070621368054 -1.5
      vertex 16.71155259528816 -9.49892035114575 0
    endloop
  endfacet
  facet normal 0.28901045961662136 0.6977329712741419 0.655470560001856
    outer loop
      vertex 14.169945673504373 -8.49862556928561 -1.5
      vertex 13.60419160325086 -9.673426001364918 0
      vertex 14.368149714749913 -8.580724371286667 -1.5
    endloop
  endfacet
  facet normal 0.3653145290966194 0.6609868681008475 0.6554705600018569
    outer loop
      vertex 14.071905581210661 -8.444440725565837 -1.5
      vertex 13.28844740471184 -9.498920351145753 0
      vertex 14.169945673504373 -8.49862556928561 -1.5
    endloop
  endfacet
  facet normal 0.3653145290966369 0.6609868681008376 0.6554705600018573
    outer loop
      vertex 13.982180047023256 -8.394851175679934 -1.5
      vertex 13.28844740471184 -9.498920351145753 0
      vertex 14.025879766288412 -8.419003156809111 -1.5
    endloop
  endfacet
  facet normal 0.3653145290966282 0.660986868100842 0.6554705600018577
    outer loop
      vertex 14.043459973651228 -8.431775925109347 -1.4969177457160256
      vertex 13.28844740471184 -9.498920351145753 0
      vertex 14.071905581210661 -8.444440725565837 -1.5
    endloop
  endfacet
  facet normal 0.36531452909654294 0.6609868681008946 0.6554705600018521
    outer loop
      vertex 14.025879766288412 -8.419003156809111 -1.5
      vertex 13.28844740471184 -9.498920351145753 0
      vertex 14.043459973651228 -8.431775925109347 -1.4969177457160256
    endloop
  endfacet
  facet normal 0.4370245564127829 0.6159284715476818 0.6554705600018562
    outer loop
      vertex 13.807214097003712 -8.270706213680539 -1.5
      vertex 12.994226973124515 -9.290159822055525 0
      vertex 13.982180047023256 -8.394851175679934 -1.5
    endloop
  endfacet
  facet normal 0.5032387463644985 0.5631244170947853 0.6554705600018557
    outer loop
      vertex 13.743945402081662 -8.214165851106754 -1.5
      vertex 12.725230301126766 -9.049769698873233 0
      vertex 13.807214097003712 -8.270706213680539 -1.5
    endloop
  endfacet
  facet normal 0.5032387463644927 0.5631244170947911 0.655470560001855
    outer loop
      vertex 13.719899584325454 -8.196695541886204 -1.496547778611676
      vertex 12.725230301126766 -9.049769698873233 0
      vertex 13.743945402081662 -8.214165851106754 -1.5
    endloop
  endfacet
  facet normal 0.5032387463645143 0.5631244170947696 0.6554705600018569
    outer loop
      vertex 13.701378259613357 -8.176125526869733 -1.5
      vertex 12.725230301126766 -9.049769698873233 0
      vertex 13.719899584325454 -8.196695541886204 -1.496547778611676
    endloop
  endfacet
  facet normal 0.5032387463645044 0.5631244170947793 0.6554705600018561
    outer loop
      vertex 13.647248121784846 -8.127751878215154 -1.5
      vertex 12.725230301126766 -9.049769698873233 0
      vertex 13.701378259613357 -8.176125526869733 -1.5
    endloop
  endfacet
  facet normal 0.5631244170947806 0.5032387463645033 0.6554705600018562
    outer loop
      vertex 13.504293786319462 -7.967785902996289 -1.5
      vertex 12.484840177944475 -8.780773026875485 0
      vertex 13.647248121784846 -8.127751878215154 -1.5
    endloop
  endfacet
  facet normal -0.5631244170947788 0.503238746364505 0.6554705600018563
    outer loop
      vertex 16.35275187821515 -8.127751878215154 -1.5
      vertex 17.274769698873232 -9.049769698873233 0
      vertex 16.49570621368054 -7.9677859029962885 -1.5
    endloop
  endfacet
  facet normal -0.503238746364514 0.5631244170947717 0.6554705600018553
    outer loop
      vertex 16.298621740386643 -8.176125526869733 -1.5
      vertex 17.005773026875485 -9.290159822055527 0
      vertex 16.35275187821515 -8.127751878215154 -1.5
    endloop
  endfacet
  facet normal -0.5032387463645157 0.5631244170947705 0.6554705600018552
    outer loop
      vertex 16.298621740386643 -8.176125526869733 -1.5
      vertex 16.280100415674546 -8.196695541886204 -1.496547778611676
      vertex 17.005773026875485 -9.290159822055527 0
    endloop
  endfacet
  facet normal -0.5032387463644684 0.5631244170948079 0.6554705600018595
    outer loop
      vertex 16.256054597918336 -8.214165851106754 -1.5
      vertex 17.005773026875485 -9.290159822055527 0
      vertex 16.280100415674546 -8.196695541886204 -1.496547778611676
    endloop
  endfacet
  facet normal 0.6159284715476778 0.43702455641278926 0.6554705600018556
    outer loop
      vertex 13.46899784896899 -7.9180409346069505 -1.5
      vertex 12.276079648854248 -8.48655259528816 0
      vertex 13.504293786319462 -7.967785902996289 -1.5
    endloop
  endfacet
  facet normal 0.615928471547675 0.4370245564127941 0.6554705600018551
    outer loop
      vertex 13.452285725767965 -7.899480241430526 -1.4966711032797928
      vertex 12.276079648854248 -8.48655259528816 0
      vertex 13.46899784896899 -7.9180409346069505 -1.5
    endloop
  endfacet
  facet normal 0.6159284715476792 0.43702455641278737 0.6554705600018556
    outer loop
      vertex 13.436812816197207 -7.872680375913056 -1.5
      vertex 12.276079648854248 -8.48655259528816 0
      vertex 13.452285725767965 -7.899480241430526 -1.4966711032797928
    endloop
  endfacet
  facet normal 0.6159284715476869 0.4370245564127749 0.6554705600018566
    outer loop
      vertex 13.380148824320067 -7.792819952976745 -1.5
      vertex 12.276079648854248 -8.48655259528816 0
      vertex 13.436812816197207 -7.872680375913056 -1.5
    endloop
  endfacet
  facet normal 0.6977329712741414 0.28901045961662275 0.6554705600018562
    outer loop
      vertex 13.26133200036934 -7.568738687145551 -1.5
      vertex 11.963517737089019 -7.837511097754103 0
      vertex 13.276374430714391 -7.605054326495627 -1.5
    endloop
  endfacet
  facet normal 0.6977329712741482 0.2890104596166012 0.6554705600018583
    outer loop
      vertex 13.25231440775149 -7.553119758569475 -1.4972876921207616
      vertex 11.963517737089019 -7.837511097754103 0
      vertex 13.26133200036934 -7.568738687145551 -1.5
    endloop
  endfacet
  facet normal 0.6977329712741382 0.2890104596166312 0.6554705600018554
    outer loop
      vertex 13.24304275107444 -7.524584533452183 -1.5
      vertex 11.963517737089019 -7.837511097754103 0
      vertex 13.25231440775149 -7.553119758569475 -1.4972876921207616
    endloop
  endfacet
  facet normal 0.6977329712741411 0.28901045961662314 0.6554705600018562
    outer loop
      vertex 13.194275628713333 -7.406850285250087 -1.5
      vertex 11.963517737089019 -7.837511097754103 0
      vertex 13.24304275107444 -7.524584533452183 -1.5
    endloop
  endfacet
  facet normal 0.660986868100851 0.3653145290966145 0.6554705600018562
    outer loop
      vertex 13.276374430714391 -7.605054326495627 -1.5
      vertex 12.101573998635082 -8.170808396749141 0
      vertex 13.380148824320067 -7.792819952976745 -1.5
    endloop
  endfacet
  facet normal 0.20907191591921595 0.7257046774995459 0.6554705600018574
    outer loop
      vertex 14.368149714749913 -8.580724371286667 -1.5
      vertex 13.937488902245898 -9.811482262910983 0
      vertex 14.396070275763794 -8.588768146345172 -1.5
    endloop
  endfacet
  facet normal 0.20907191591918048 0.7257046774995572 0.655470560001856
    outer loop
      vertex 14.408825752116739 -8.594447250312278 -1.4977809217955436
      vertex 14.396070275763794 -8.588768146345172 -1.5
      vertex 13.937488902245898 -9.811482262910983 0
    endloop
  endfacet
  facet normal -0.2890104596166211 0.6977329712741412 0.6554705600018568
    outer loop
      vertex 15.631850285250087 -8.580724371286667 -1.5
      vertex 16.062511097754104 -9.811482262910983 0
      vertex 15.830054326495627 -8.49862556928561 -1.5
    endloop
  endfacet
  facet normal -0.3653145290966199 0.6609868681008485 0.6554705600018557
    outer loop
      vertex 15.830054326495627 -8.49862556928561 -1.5
      vertex 16.39580839674914 -9.673426001364918 0
      vertex 15.928094418789339 -8.444440725565837 -1.5
    endloop
  endfacet
  facet normal -0.365314529096629 0.6609868681008444 0.655470560001855
    outer loop
      vertex 15.928094418789339 -8.444440725565837 -1.5
      vertex 16.39580839674914 -9.673426001364918 0
      vertex 15.956540026348772 -8.431775925109347 -1.4969177457160256
    endloop
  endfacet
  facet normal -0.503238746364515 0.5631244170947702 0.6554705600018559
    outer loop
      vertex 16.192785902996288 -8.27070621368054 -1.5
      vertex 17.005773026875485 -9.290159822055527 0
      vertex 16.256054597918336 -8.214165851106754 -1.5
    endloop
  endfacet
  facet normal -0.3653145290965863 0.660986868100864 0.6554705600018588
    outer loop
      vertex 15.956540026348772 -8.431775925109347 -1.4969177457160256
      vertex 16.39580839674914 -9.673426001364918 0
      vertex 15.974120233711588 -8.41900315680911 -1.5
    endloop
  endfacet
  facet normal -0.6609868681008518 -0.36531452909661316 0.6554705600018561
    outer loop
      vertex 16.72362556928561 -5.944945673504374 -1.5
      vertex 17.898426001364918 -5.37919160325086 0
      vertex 16.619851175679933 -5.757180047023255 -1.5
    endloop
  endfacet
  facet normal -0.6977329712741409 -0.28901045961662253 0.6554705600018566
    outer loop
      vertex 16.73866799963066 -5.98126131285445 -1.5
      vertex 18.036482262910983 -5.712488902245898 0
      vertex 16.72362556928561 -5.944945673504374 -1.5
    endloop
  endfacet
  facet normal -0.697732971274126 -0.2890104596166688 0.655470560001852
    outer loop
      vertex 16.747685592248512 -5.996880241430525 -1.4972876921207616
      vertex 18.036482262910983 -5.712488902245898 0
      vertex 16.73866799963066 -5.98126131285445 -1.5
    endloop
  endfacet
  facet normal -0.6977329712741511 -0.2890104596165923 0.6554705600018591
    outer loop
      vertex 16.75695724892556 -6.025415466547818 -1.5
      vertex 18.036482262910983 -5.712488902245898 0
      vertex 16.747685592248512 -5.996880241430525 -1.4972876921207616
    endloop
  endfacet
  facet normal -0.6977329712741375 -0.28901045961663213 0.6554705600018558
    outer loop
      vertex 16.80572437128667 -6.143149714749914 -1.5
      vertex 18.036482262910983 -5.712488902245898 0
      vertex 16.75695724892556 -6.025415466547818 -1.5
    endloop
  endfacet
  facet normal 0.3653145290966152 -0.6609868681008508 0.6554705600018561
    outer loop
      vertex 14.169945673504373 -5.051374430714391 -1.5
      vertex 13.60419160325086 -3.8765739986350827 0
      vertex 14.071905581210661 -5.105559274434163 -1.5
    endloop
  endfacet
  facet normal 0.365314529096629 -0.6609868681008443 0.655470560001855
    outer loop
      vertex 14.071905581210661 -5.105559274434163 -1.5
      vertex 13.60419160325086 -3.8765739986350827 0
      vertex 14.043459973651228 -5.1182240748906525 -1.4969177457160256
    endloop
  endfacet
  facet normal 0.36531452909658635 -0.6609868681008639 0.6554705600018589
    outer loop
      vertex 14.043459973651228 -5.1182240748906525 -1.4969177457160256
      vertex 13.60419160325086 -3.8765739986350827 0
      vertex 14.025879766288412 -5.13099684319089 -1.5
    endloop
  endfacet
  facet normal 0.3653145290966277 -0.6609868681008453 0.6554705600018548
    outer loop
      vertex 14.025879766288412 -5.13099684319089 -1.5
      vertex 13.60419160325086 -3.8765739986350827 0
      vertex 13.982180047023256 -5.155148824320067 -1.5
    endloop
  endfacet
  facet normal 0.4370245564127806 -0.6159284715476829 0.6554705600018566
    outer loop
      vertex 13.982180047023256 -5.155148824320067 -1.5
      vertex 13.28844740471184 -4.051079648854248 0
      vertex 13.807214097003712 -5.279293786319461 -1.5
    endloop
  endfacet
  facet normal 0.5032387463645025 -0.5631244170947809 0.6554705600018563
    outer loop
      vertex 13.807214097003712 -5.279293786319461 -1.5
      vertex 12.994226973124515 -4.259840177944475 0
      vertex 13.743945402081662 -5.335834148893246 -1.5
    endloop
  endfacet
  facet normal 0.5032387463645048 -0.563124417094779 0.6554705600018561
    outer loop
      vertex 13.743945402081662 -5.335834148893246 -1.5
      vertex 12.994226973124515 -4.259840177944475 0
      vertex 13.719899584325454 -5.353304458113798 -1.496547778611676
    endloop
  endfacet
  facet normal 0.5032387463645157 -0.5631244170947705 0.6554705600018552
    outer loop
      vertex 13.701378259613357 -5.373874473130269 -1.5
      vertex 13.719899584325454 -5.353304458113798 -1.496547778611676
      vertex 12.994226973124515 -4.259840177944475 0
    endloop
  endfacet
  facet normal 0.5032387463645044 -0.5631244170947793 0.6554705600018563
    outer loop
      vertex 13.701378259613357 -5.373874473130269 -1.5
      vertex 12.994226973124515 -4.259840177944475 0
      vertex 13.647248121784846 -5.422248121784848 -1.5
    endloop
  endfacet
  facet normal 0.5631244170947789 -0.5032387463645046 0.6554705600018564
    outer loop
      vertex 13.647248121784846 -5.422248121784848 -1.5
      vertex 12.725230301126766 -4.500230301126768 0
      vertex 13.504293786319462 -5.582214097003711 -1.5
    endloop
  endfacet
  facet normal -0.365314529096617 0.6609868681008502 0.6554705600018559
    outer loop
      vertex 15.974120233711588 -8.41900315680911 -1.5
      vertex 16.39580839674914 -9.673426001364918 0
      vertex 16.017819952976744 -8.394851175679934 -1.5
    endloop
  endfacet
  facet normal -0.43702455641277854 0.6159284715476845 0.6554705600018566
    outer loop
      vertex 16.017819952976744 -8.394851175679934 -1.5
      vertex 16.71155259528816 -9.49892035114575 0
      vertex 16.192785902996288 -8.27070621368054 -1.5
    endloop
  endfacet
  facet normal 0.6159284715476774 -0.43702455641278887 0.6554705600018561
    outer loop
      vertex 13.504293786319462 -5.582214097003711 -1.5
      vertex 12.484840177944475 -4.769226973124516 0
      vertex 13.46899784896899 -5.63195906539305 -1.5
    endloop
  endfacet
  facet normal 0.6159284715476742 -0.43702455641279303 0.6554705600018564
    outer loop
      vertex 13.46899784896899 -5.63195906539305 -1.5
      vertex 12.484840177944475 -4.769226973124516 0
      vertex 13.452285725767965 -5.650519758569475 -1.4966711032797928
    endloop
  endfacet
  facet normal 0.6159284715476788 -0.4370245564127872 0.655470560001856
    outer loop
      vertex 13.452285725767965 -5.650519758569475 -1.4966711032797928
      vertex 12.484840177944475 -4.769226973124516 0
      vertex 13.436812816197207 -5.677319624086945 -1.5
    endloop
  endfacet
  facet normal 0.6159284715476881 -0.4370245564127757 0.655470560001855
    outer loop
      vertex 13.436812816197207 -5.677319624086945 -1.5
      vertex 12.484840177944475 -4.769226973124516 0
      vertex 13.380148824320067 -5.7571800470232555 -1.5
    endloop
  endfacet
  facet normal 0.6609868681008508 -0.3653145290966143 0.6554705600018566
    outer loop
      vertex 13.380148824320067 -5.7571800470232555 -1.5
      vertex 12.276079648854248 -5.06344740471184 0
      vertex 13.276374430714391 -5.944945673504374 -1.5
    endloop
  endfacet
  facet normal 0.6977329712741414 -0.28901045961662275 0.655470560001856
    outer loop
      vertex 13.276374430714391 -5.944945673504374 -1.5
      vertex 12.101573998635082 -5.37919160325086 0
      vertex 13.26133200036934 -5.98126131285445 -1.5
    endloop
  endfacet
  facet normal -0.744550226341752 -0.1265041715727115 0.6554705600018567
    outer loop
      vertex 16.90105100686876 -6.56080299415603 -1.5
      vertex 18.196782274768136 -6.4148091428813085 0
      vertex 16.873562948950465 -6.399019872774949 -1.5
    endloop
  endfacet
  facet normal -0.7445502263417476 -0.12650417157277333 0.6554705600018499
    outer loop
      vertex 16.86831739547906 -6.368146756292949 -1.5
      vertex 16.87127466355781 -6.377248291573926 -1.4983974071442319
      vertex 18.196782274768136 -6.4148091428813085 0
    endloop
  endfacet
  facet normal -0.7445502263417608 -0.12650417157261593 0.6554705600018654
    outer loop
      vertex 16.873562948950465 -6.399019872774949 -1.5
      vertex 18.196782274768136 -6.4148091428813085 0
      vertex 16.87127466355781 -6.377248291573926 -1.4983974071442319
    endloop
  endfacet
  facet normal -0.7445502263417545 -0.12650417157268717 0.6554705600018585
    outer loop
      vertex 16.86831739547906 -6.368146756292949 -1.5
      vertex 18.196782274768136 -6.4148091428813085 0
      vertex 16.865115141613114 -6.349299639940548 -1.5
    endloop
  endfacet
  facet normal 0.6977329712741505 -0.2890104596166034 0.6554705600018549
    outer loop
      vertex 12.101573998635082 -5.37919160325086 0
      vertex 13.25231440775149 -5.996880241430525 -1.4972876921207616
      vertex 13.26133200036934 -5.98126131285445 -1.5
    endloop
  endfacet
  facet normal -0.725704677499556 -0.20907191591918667 0.6554705600018554
    outer loop
      vertex 16.865115141613114 -6.349299639940548 -1.5
      vertex 18.136352998192894 -6.059147894778492 0
      vertex 16.80572437128667 -6.143149714749914 -1.5
    endloop
  endfacet
  facet normal 0.7445502263417525 0.12650417157271032 0.6554705600018564
    outer loop
      vertex 11.863647001807104 -7.49085210522151 0
      vertex 13.134884858386888 -7.200700360059454 -1.5
      vertex 11.803217725231864 -7.13519085711869 0
    endloop
  endfacet
  facet normal 0.6977329712741374 -0.28901045961663097 0.6554705600018566
    outer loop
      vertex 13.25231440775149 -5.996880241430525 -1.4972876921207616
      vertex 12.101573998635082 -5.37919160325086 0
      vertex 13.24304275107444 -6.025415466547818 -1.5
    endloop
  endfacet
  facet normal 0.6977329712741411 -0.28901045961662314 0.6554705600018561
    outer loop
      vertex 13.24304275107444 -6.025415466547818 -1.5
      vertex 12.101573998635082 -5.37919160325086 0
      vertex 13.194275628713333 -6.143149714749914 -1.5
    endloop
  endfacet
  facet normal 0.7540326240895986 0.04234556386927907 0.6554705600018563
    outer loop
      vertex 11.803217725231864 -7.13519085711869 0
      vertex 13.09894899313124 -6.98919700584397 -1.5
      vertex 11.782989840578113 -6.775 0
    endloop
  endfacet
  facet normal 0.7540326240895985 -0.04234556386927906 0.6554705600018564
    outer loop
      vertex 11.782989840578113 -6.775 0
      vertex 13.086919947302453 -6.775 -1.5
      vertex 11.803217725231864 -6.41480914288131 0
    endloop
  endfacet
  facet normal 0.7445502263417527 -0.12650417157271035 0.6554705600018562
    outer loop
      vertex 11.803217725231864 -6.41480914288131 0
      vertex 13.09894899313124 -6.560802994156031 -1.5
      vertex 11.863647001807104 -6.059147894778491 0
    endloop
  endfacet
  facet normal 0.7257046774995544 -0.20907191591918958 0.6554705600018563
    outer loop
      vertex 11.863647001807104 -6.059147894778491 0
      vertex 13.134884858386888 -6.349299639940547 -1.5
      vertex 11.963517737089019 -5.712488902245898 0
    endloop
  endfacet
  facet normal -0.7445502263417517 0.12650417157271485 0.6554705600018567
    outer loop
      vertex 18.196782274768136 -7.135190857118692 0
      vertex 16.90105100686876 -6.9891970058439705 -1.5
      vertex 18.136352998192894 -7.490852105221509 0
    endloop
  endfacet
  facet normal -0.7540326240895986 0.042345563869275134 0.6554705600018566
    outer loop
      vertex 18.217010159421886 -6.775 0
      vertex 16.913080052697545 -6.775 -1.5
      vertex 18.196782274768136 -7.135190857118692 0
    endloop
  endfacet
  facet normal -0.7540326240895983 -0.04234556386927512 0.6554705600018567
    outer loop
      vertex 18.196782274768136 -6.4148091428813085 0
      vertex 16.90105100686876 -6.56080299415603 -1.5
      vertex 18.217010159421886 -6.775 0
    endloop
  endfacet
  facet normal -0.6159284715476752 -0.43702455641279414 0.6554705600018549
    outer loop
      vertex 16.547714274232035 -5.650519758569475 -1.4966711032797928
      vertex 17.72392035114575 -5.063447404711839 0
      vertex 16.53100215103101 -5.63195906539305 -1.5
    endloop
  endfacet
  facet normal 0.5631244170947768 -0.503238746364507 0.6554705600018564
    outer loop
      vertex 72.48484017794448 8.780773026875485 0
      vertex 73.50429378631947 7.967785902996289 -1.5
      vertex 72.72523030112677 9.049769698873233 0
    endloop
  endfacet
  facet normal 0.2890104596166144 -0.697732971274144 0.6554705600018568
    outer loop
      vertex 74.36814971474992 8.580724371286667 -1.5
      vertex 73.9374889022459 9.811482262910983 0
      vertex 74.16994567350437 8.49862556928561 -1.5
    endloop
  endfacet
  facet normal 0.36531452909662887 -0.660986868100844 0.6554705600018554
    outer loop
      vertex 74.07190558121066 8.444440725565837 -1.5
      vertex 73.60419160325085 9.673426001364918 0
      vertex 74.04345997365122 8.431775925109347 -1.4969177457160256
    endloop
  endfacet
  facet normal 0.3653145290965914 -0.6609868681008613 0.6554705600018588
    outer loop
      vertex 74.04345997365122 8.431775925109347 -1.4969177457160256
      vertex 73.60419160325085 9.673426001364918 0
      vertex 74.02587976628841 8.419003156809111 -1.5
    endloop
  endfacet
  facet normal 0.3653145290965907 -0.6609868681008615 0.6554705600018589
    outer loop
      vertex 74.02587976628841 8.419003156809111 -1.5
      vertex 73.60419160325085 9.673426001364918 0
      vertex 73.98218004702325 8.394851175679934 -1.5
    endloop
  endfacet
  facet normal -0.20907191591917285 -0.7257046774995607 0.6554705600018546
    outer loop
      vertex 75.56464055725361 8.600087160360934 -1.5
      vertex 76.0625110977541 9.811482262910983 0
      vertex 75.42570036005945 8.640115141613112 -1.5
    endloop
  endfacet
  facet normal -0.20907191591923882 -0.7257046774995383 0.6554705600018583
    outer loop
      vertex 75.59117424788326 8.594447250312278 -1.4977809217955436
      vertex 76.0625110977541 9.811482262910983 0
      vertex 75.56464055725361 8.600087160360934 -1.5
    endloop
  endfacet
  facet normal -0.2890104596166177 -0.6977329712741427 0.6554705600018568
    outer loop
      vertex 76.0625110977541 9.811482262910983 0
      vertex 75.63185028525008 8.580724371286667 -1.5
      vertex 76.39580839674915 9.673426001364918 0
    endloop
  endfacet
  facet normal -0.437024556412772 -0.6159284715476914 0.6554705600018544
    outer loop
      vertex 76.71155259528815 9.49892035114575 0
      vertex 76.01781995297675 8.394851175679934 -1.5
      vertex 77.00577302687549 9.290159822055527 0
    endloop
  endfacet
  facet normal -0.3653145290966249 -0.6609868681008448 0.6554705600018564
    outer loop
      vertex 76.39580839674915 9.673426001364918 0
      vertex 75.83005432649563 8.49862556928561 -1.5
      vertex 76.71155259528815 9.49892035114575 0
    endloop
  endfacet
  facet normal -0.042345563869280095 -0.7540326240895983 0.6554705600018564
    outer loop
      vertex 75 9.992010159421888 0
      vertex 75 8.688080052697547 -1.5
      vertex 75.36019085711868 9.971782274768136 0
    endloop
  endfacet
  facet normal -0.1265041715727055 -0.7445502263417539 0.6554705600018559
    outer loop
      vertex 75.36019085711868 9.971782274768136 0
      vertex 75.21419700584397 8.67605100686876 -1.5
      vertex 75.71585210522151 9.911352998192896 0
    endloop
  endfacet
  facet normal -0.209071915919192 -0.7257046774995533 0.6554705600018569
    outer loop
      vertex 75.71585210522151 9.911352998192896 0
      vertex 75.42570036005945 8.640115141613112 -1.5
      vertex 76.0625110977541 9.811482262910983 0
    endloop
  endfacet
  facet normal 0.43702455641278976 -0.6159284715476789 0.6554705600018542
    outer loop
      vertex 73.98218004702325 8.394851175679934 -1.5
      vertex 73.28844740471185 9.498920351145753 0
      vertex 73.80721409700371 8.270706213680539 -1.5
    endloop
  endfacet
  facet normal 0.503238746364522 -0.5631244170947642 0.6554705600018557
    outer loop
      vertex 73.80721409700371 8.270706213680539 -1.5
      vertex 72.99422697312451 9.290159822055525 0
      vertex 73.74394540208166 8.214165851106754 -1.5
    endloop
  endfacet
  facet normal 0.5032387463645613 -0.5631244170947326 0.6554705600018526
    outer loop
      vertex 73.74394540208166 8.214165851106754 -1.5
      vertex 72.99422697312451 9.290159822055525 0
      vertex 73.71989958432546 8.196695541886204 -1.496547778611676
    endloop
  endfacet
  facet normal 0.5032387463645144 -0.5631244170947697 0.6554705600018569
    outer loop
      vertex 73.70137825961336 8.176125526869733 -1.5
      vertex 73.71989958432546 8.196695541886204 -1.496547778611676
      vertex 72.99422697312451 9.290159822055525 0
    endloop
  endfacet
  facet normal 0.503238746364435 -0.5631244170948311 0.6554705600018651
    outer loop
      vertex 73.70137825961336 8.176125526869733 -1.5
      vertex 72.99422697312451 9.290159822055525 0
      vertex 73.64724812178484 8.127751878215154 -1.5
    endloop
  endfacet
  facet normal 0.5631244170947979 -0.5032387463644875 0.6554705600018532
    outer loop
      vertex 73.64724812178484 8.127751878215154 -1.5
      vertex 72.72523030112677 9.049769698873233 0
      vertex 73.50429378631947 7.967785902996289 -1.5
    endloop
  endfacet
  facet normal 0.6159284715476986 -0.43702455641275995 0.6554705600018556
    outer loop
      vertex 73.50429378631947 7.967785902996289 -1.5
      vertex 72.48484017794448 8.780773026875485 0
      vertex 73.468997848969 7.9180409346069505 -1.5
    endloop
  endfacet
  facet normal 0.6159284715475662 -0.43702455641292987 0.6554705600018665
    outer loop
      vertex 73.468997848969 7.9180409346069505 -1.5
      vertex 72.48484017794448 8.780773026875485 0
      vertex 73.45228572576796 7.899480241430526 -1.4966711032797928
    endloop
  endfacet
  facet normal 0.6159284715476345 -0.4370245564128438 0.6554705600018599
    outer loop
      vertex 73.45228572576796 7.899480241430526 -1.4966711032797928
      vertex 72.48484017794448 8.780773026875485 0
      vertex 73.4368128161972 7.872680375913056 -1.5
    endloop
  endfacet
  facet normal 0.6159284715476749 -0.43702455641279375 0.6554705600018553
    outer loop
      vertex 73.4368128161972 7.872680375913056 -1.5
      vertex 72.48484017794448 8.780773026875485 0
      vertex 73.38014882432006 7.792819952976745 -1.5
    endloop
  endfacet
  facet normal 0.6609868681008747 -0.36531452909657747 0.655470560001853
    outer loop
      vertex 73.38014882432006 7.792819952976745 -1.5
      vertex 72.27607964885425 8.48655259528816 0
      vertex 73.2763744307144 7.605054326495627 -1.5
    endloop
  endfacet
  facet normal 0.6977329712740646 -0.2890104596167957 0.6554705600018613
    outer loop
      vertex 73.2763744307144 7.605054326495627 -1.5
      vertex 72.10157399863509 8.170808396749141 0
      vertex 73.26133200036934 7.568738687145551 -1.5
    endloop
  endfacet
  facet normal 0.6977329712741236 -0.2890104596166672 0.6554705600018552
    outer loop
      vertex 72.10157399863509 8.170808396749141 0
      vertex 73.25231440775148 7.553119758569475 -1.4972876921207616
      vertex 73.26133200036934 7.568738687145551 -1.5
    endloop
  endfacet
  facet normal 0.6977329712741931 -0.2890104596165179 0.6554705600018471
    outer loop
      vertex 73.25231440775148 7.553119758569475 -1.4972876921207616
      vertex 72.10157399863509 8.170808396749141 0
      vertex 73.24304275107444 7.524584533452183 -1.5
    endloop
  endfacet
  facet normal 0.69773297127413 -0.28901045961665006 0.6554705600018561
    outer loop
      vertex 73.24304275107444 7.524584533452183 -1.5
      vertex 72.10157399863509 8.170808396749141 0
      vertex 73.19427562871333 7.406850285250087 -1.5
    endloop
  endfacet
  facet normal 0.7445502263417522 -0.1265041715726991 0.655470560001859
    outer loop
      vertex 71.80321772523186 7.13519085711869 0
      vertex 73.09894899313124 6.98919700584397 -1.5
      vertex 71.8636470018071 7.49085210522151 0
    endloop
  endfacet
  facet normal 0.7540326240895994 -0.04234556386927539 0.6554705600018556
    outer loop
      vertex 71.78298984057811 6.775 0
      vertex 73.08691994730245 6.775 -1.5
      vertex 71.80321772523186 7.13519085711869 0
    endloop
  endfacet
  facet normal 0.7540326240895966 0.04234556386927524 0.6554705600018587
    outer loop
      vertex 71.80321772523186 6.41480914288131 0
      vertex 73.09894899313124 6.560802994156031 -1.5
      vertex 71.78298984057811 6.775 0
    endloop
  endfacet
  facet normal 0.7445502263417538 0.1265041715726994 0.6554705600018572
    outer loop
      vertex 71.8636470018071 6.059147894778491 0
      vertex 73.13488485838688 6.349299639940547 -1.5
      vertex 71.80321772523186 6.41480914288131 0
    endloop
  endfacet
  facet normal 0.7257046774995569 -0.2090719159191878 0.6554705600018541
    outer loop
      vertex 73.19427562871333 7.406850285250087 -1.5
      vertex 71.96351773708902 7.837511097754103 0
      vertex 73.13488485838688 7.200700360059454 -1.5
    endloop
  endfacet
  facet normal 0.7445502263418355 -0.12650417157227992 0.6554705600018454
    outer loop
      vertex 73.13488485838688 7.200700360059454 -1.5
      vertex 71.8636470018071 7.49085210522151 0
      vertex 73.13168260452095 7.181853243707053 -1.5
    endloop
  endfacet
  facet normal 0.7445502263415757 -0.1265041715735697 0.6554705600018914
    outer loop
      vertex 73.13168260452095 7.181853243707053 -1.5
      vertex 71.8636470018071 7.49085210522151 0
      vertex 73.12872533644219 7.172751708426075 -1.4983974071442319
    endloop
  endfacet
  facet normal -0.042345563869281275 -0.7540326240895981 0.6554705600018566
    outer loop
      vertex 75.18661462769802 8.6776 -1.5
      vertex 75.36019085711868 9.971782274768136 0
      vertex 75 8.688080052697547 -1.5
    endloop
  endfacet
  facet normal -0.04234556386920818 -0.7540326240896043 0.655470560001854
    outer loop
      vertex 75.21419700584397 8.67605100686876 -1.5
      vertex 75.36019085711868 9.971782274768136 0
      vertex 75.20476739443687 8.676580562486574 -1.5
    endloop
  endfacet
  facet normal -0.04234556386923839 -0.7540326240896018 0.6554705600018551
    outer loop
      vertex 75.20476739443687 8.676580562486574 -1.5
      vertex 75.36019085711868 9.971782274768136 0
      vertex 75.19997131801648 8.6776 -1.4991371136745473
    endloop
  endfacet
  facet normal 0.7257046774995496 0.20907191591921054 0.6554705600018548
    outer loop
      vertex 71.96351773708902 5.712488902245898 0
      vertex 73.19427562871333 6.143149714749914 -1.5
      vertex 71.8636470018071 6.059147894778491 0
    endloop
  endfacet
  facet normal 0.6977329712741368 0.28901045961663274 0.6554705600018562
    outer loop
      vertex 72.10157399863509 5.37919160325086 0
      vertex 73.2763744307144 5.944945673504374 -1.5
      vertex 71.96351773708902 5.712488902245898 0
    endloop
  endfacet
  facet normal 0.6609868681008594 0.3653145290966036 0.655470560001854
    outer loop
      vertex 72.27607964885425 5.06344740471184 0
      vertex 73.38014882432006 5.7571800470232555 -1.5
      vertex 72.10157399863509 5.37919160325086 0
    endloop
  endfacet
  facet normal 0.6159284715476796 0.43702455641278554 0.6554705600018566
    outer loop
      vertex 72.48484017794448 4.769226973124516 0
      vertex 73.50429378631947 5.582214097003711 -1.5
      vertex 72.27607964885425 5.06344740471184 0
    endloop
  endfacet
  facet normal 0.5631244170947782 0.5032387463645083 0.6554705600018542
    outer loop
      vertex 72.72523030112677 4.500230301126768 0
      vertex 73.64724812178484 5.422248121784848 -1.5
      vertex 72.48484017794448 4.769226973124516 0
    endloop
  endfacet
  facet normal 0.5032387463645137 0.5631244170947715 0.655470560001856
    outer loop
      vertex 72.99422697312451 4.259840177944475 0
      vertex 73.80721409700371 5.279293786319461 -1.5
      vertex 72.72523030112677 4.500230301126768 0
    endloop
  endfacet
  facet normal 0.6977329712741321 0.28901045961665095 0.6554705600018534
    outer loop
      vertex 73.19427562871333 6.143149714749914 -1.5
      vertex 71.96351773708902 5.712488902245898 0
      vertex 73.24304275107444 6.025415466547818 -1.5
    endloop
  endfacet
  facet normal 0.6977329712741782 0.2890104596165147 0.6554705600018644
    outer loop
      vertex 73.24304275107444 6.025415466547818 -1.5
      vertex 71.96351773708902 5.712488902245898 0
      vertex 73.25231440775148 5.996880241430525 -1.4972876921207616
    endloop
  endfacet
  facet normal 0.7445502263417961 -0.12650417157249416 0.6554705600018487
    outer loop
      vertex 71.8636470018071 7.49085210522151 0
      vertex 73.12643705104954 7.150980127225051 -1.5
      vertex 73.12872533644219 7.172751708426075 -1.4983974071442319
    endloop
  endfacet
  facet normal 0.7445502263417532 -0.12650417157269533 0.6554705600018587
    outer loop
      vertex 73.12643705104954 7.150980127225051 -1.5
      vertex 71.8636470018071 7.49085210522151 0
      vertex 73.09894899313124 6.98919700584397 -1.5
    endloop
  endfacet
  facet normal 0.6977329712741275 0.28901045961666993 0.6554705600018501
    outer loop
      vertex 73.25231440775148 5.996880241430525 -1.4972876921207616
      vertex 71.96351773708902 5.712488902245898 0
      vertex 73.26133200036934 5.98126131285445 -1.5
    endloop
  endfacet
  facet normal 0.6977329712740843 0.2890104596168039 0.6554705600018368
    outer loop
      vertex 73.26133200036934 5.98126131285445 -1.5
      vertex 71.96351773708902 5.712488902245898 0
      vertex 73.2763744307144 5.944945673504374 -1.5
    endloop
  endfacet
  facet normal 0.6609868681008714 0.3653145290965757 0.6554705600018573
    outer loop
      vertex 73.2763744307144 5.944945673504374 -1.5
      vertex 72.10157399863509 5.37919160325086 0
      vertex 73.38014882432006 5.7571800470232555 -1.5
    endloop
  endfacet
  facet normal 0.6159284715476759 0.4370245564127944 0.6554705600018541
    outer loop
      vertex 73.38014882432006 5.7571800470232555 -1.5
      vertex 72.27607964885425 5.06344740471184 0
      vertex 73.4368128161972 5.677319624086945 -1.5
    endloop
  endfacet
  facet normal 0.6159284715476426 0.43702455641284726 0.65547056000185
    outer loop
      vertex 73.4368128161972 5.677319624086945 -1.5
      vertex 72.27607964885425 5.06344740471184 0
      vertex 73.45228572576796 5.650519758569475 -1.4966711032797928
    endloop
  endfacet
  facet normal 0.615928471547581 0.43702455641294774 0.6554705600018409
    outer loop
      vertex 73.45228572576796 5.650519758569475 -1.4966711032797928
      vertex 72.27607964885425 5.06344740471184 0
      vertex 73.468997848969 5.63195906539305 -1.5
    endloop
  endfacet
  facet normal 0.6159284715476955 0.4370245564127577 0.65547056000186
    outer loop
      vertex 73.468997848969 5.63195906539305 -1.5
      vertex 72.27607964885425 5.06344740471184 0
      vertex 73.50429378631947 5.582214097003711 -1.5
    endloop
  endfacet
  facet normal 0.5631244170947941 0.5032387463644868 0.6554705600018572
    outer loop
      vertex 73.50429378631947 5.582214097003711 -1.5
      vertex 72.48484017794448 4.769226973124516 0
      vertex 73.64724812178484 5.422248121784848 -1.5
    endloop
  endfacet
  facet normal 0.5032387463645698 0.5631244170947135 0.6554705600018627
    outer loop
      vertex 73.71989958432546 5.353304458113798 -1.496547778611676
      vertex 72.72523030112677 4.500230301126768 0
      vertex 73.74394540208166 5.335834148893246 -1.5
    endloop
  endfacet
  facet normal 0.5032387463644425 0.5631244170948395 0.6554705600018519
    outer loop
      vertex 73.64724812178484 5.422248121784848 -1.5
      vertex 72.72523030112677 4.500230301126768 0
      vertex 73.70137825961336 5.373874473130269 -1.5
    endloop
  endfacet
  facet normal 0.7540326240895934 -0.0423455638693141 0.6554705600018598
    outer loop
      vertex 73.09894899313124 6.98919700584397 -1.5
      vertex 71.80321772523186 7.13519085711869 0
      vertex 73.08691994730245 6.775 -1.5
    endloop
  endfacet
  facet normal 0.7540326240895981 0.04234556386931437 0.6554705600018544
    outer loop
      vertex 73.08691994730245 6.775 -1.5
      vertex 71.78298984057811 6.775 0
      vertex 73.09894899313124 6.560802994156031 -1.5
    endloop
  endfacet
  facet normal 0.7445502263417528 0.12650417157269525 0.6554705600018592
    outer loop
      vertex 73.09894899313124 6.560802994156031 -1.5
      vertex 71.80321772523186 6.41480914288131 0
      vertex 73.12643705104954 6.39901987277495 -1.5
    endloop
  endfacet
  facet normal 0.744550226341677 0.1265041715736247 0.6554705600017658
    outer loop
      vertex 73.13168260452095 6.368146756292948 -1.5
      vertex 73.12872533644219 6.377248291573926 -1.4983974071442319
      vertex 71.80321772523186 6.41480914288131 0
    endloop
  endfacet
  facet normal 0.7445502263417713 0.12650417157249125 0.6554705600018776
    outer loop
      vertex 73.12643705104954 6.39901987277495 -1.5
      vertex 71.80321772523186 6.41480914288131 0
      vertex 73.12872533644219 6.377248291573926 -1.4983974071442319
    endloop
  endfacet
  facet normal -0.36531452909662565 0.6609868681008463 0.6554705600018548
    outer loop
      vertex 76.71155259528815 4.05107964885425 0
      vertex 76.01781995297675 5.155148824320067 -1.5
      vertex 76.39580839674915 3.8765739986350827 0
    endloop
  endfacet
  facet normal 0.5032387463645139 0.5631244170947693 0.6554705600018575
    outer loop
      vertex 73.70137825961336 5.373874473130269 -1.5
      vertex 72.72523030112677 4.500230301126768 0
      vertex 73.71989958432546 5.353304458113798 -1.496547778611676
    endloop
  endfacet
  facet normal 0.5032387463645253 0.5631244170947589 0.6554705600018578
    outer loop
      vertex 73.74394540208166 5.335834148893246 -1.5
      vertex 72.72523030112677 4.500230301126768 0
      vertex 73.80721409700371 5.279293786319461 -1.5
    endloop
  endfacet
  facet normal 0.43702455641278665 0.6159284715476789 0.6554705600018562
    outer loop
      vertex 73.80721409700371 5.279293786319461 -1.5
      vertex 72.99422697312451 4.259840177944475 0
      vertex 73.98218004702325 5.155148824320067 -1.5
    endloop
  endfacet
  facet normal 0.3653145290966057 0.6609868681008576 0.6554705600018544
    outer loop
      vertex 74.07190558121066 5.105559274434163 -1.5
      vertex 73.28844740471185 4.051079648854248 0
      vertex 74.16994567350437 5.051374430714391 -1.5
    endloop
  endfacet
  facet normal -0.28901045961661703 0.6977329712741432 0.6554705600018564
    outer loop
      vertex 76.39580839674915 3.8765739986350827 0
      vertex 75.83005432649563 5.051374430714391 -1.5
      vertex 76.0625110977541 3.7385177370890177 0
    endloop
  endfacet
  facet normal -0.20907191591919122 0.7257046774995538 0.6554705600018563
    outer loop
      vertex 76.0625110977541 3.7385177370890177 0
      vertex 75.63185028525008 4.969275628713333 -1.5
      vertex 75.71585210522151 3.6386470018071053 0
    endloop
  endfacet
  facet normal -0.1265041715727063 0.7445502263417532 0.6554705600018564
    outer loop
      vertex 75.71585210522151 3.6386470018071053 0
      vertex 75.42570036005945 4.909884858386889 -1.5
      vertex 75.36019085711868 3.5782177252318648 0
    endloop
  endfacet
  facet normal -0.04234556386927918 0.7540326240895986 0.6554705600018562
    outer loop
      vertex 75.36019085711868 3.5782177252318648 0
      vertex 75.21419700584397 4.873948993131241 -1.5
      vertex 75 3.557989840578114 0
    endloop
  endfacet
  facet normal -0.20907191591917226 0.7257046774995586 0.6554705600018572
    outer loop
      vertex 75.42570036005945 4.909884858386889 -1.5
      vertex 75.71585210522151 3.6386470018071053 0
      vertex 75.56464055725361 4.949912839639067 -1.5
    endloop
  endfacet
  facet normal -0.12650417157271251 0.7445502263417528 0.6554705600018559
    outer loop
      vertex 75.21419700584397 4.873948993131241 -1.5
      vertex 75.36019085711868 3.5782177252318648 0
      vertex 75.42570036005945 4.909884858386889 -1.5
    endloop
  endfacet
  facet normal -0.042345563869278874 0.7540326240895984 0.6554705600018562
    outer loop
      vertex 75.20476739443687 4.8734194375134265 -1.5
      vertex 75 3.557989840578114 0
      vertex 75.21419700584397 4.873948993131241 -1.5
    endloop
  endfacet
  facet normal -0.042345563869236234 0.7540326240895977 0.65547056000186
    outer loop
      vertex 75 3.557989840578114 0
      vertex 75.20476739443687 4.8734194375134265 -1.5
      vertex 75.19997131801648 4.872400000000001 -1.4991371136745473
    endloop
  endfacet
  facet normal -0.04234556386927237 0.7540326240895983 0.655470560001857
    outer loop
      vertex 75.18661462769802 4.872400000000001 -1.5
      vertex 75 3.557989840578114 0
      vertex 75.19997131801648 4.872400000000001 -1.4991371136745473
    endloop
  endfacet
  facet normal -0.04234556386928129 0.7540326240895984 0.655470560001856
    outer loop
      vertex 75 4.861919947302454 -1.5
      vertex 75 3.557989840578114 0
      vertex 75.18661462769802 4.872400000000001 -1.5
    endloop
  endfacet
  facet normal 0.28901045961661725 0.6977329712741432 0.6554705600018566
    outer loop
      vertex 74.16994567350437 5.051374430714391 -1.5
      vertex 73.60419160325085 3.8765739986350827 0
      vertex 74.36814971474992 4.969275628713333 -1.5
    endloop
  endfacet
  facet normal -0.20907191591926264 0.7257046774995395 0.6554705600018496
    outer loop
      vertex 75.56464055725361 4.949912839639067 -1.5
      vertex 75.71585210522151 3.6386470018071053 0
      vertex 75.59117424788326 4.955552749687723 -1.4977809217955436
    endloop
  endfacet
  facet normal -0.2090719159190984 0.7257046774995727 0.655470560001865
    outer loop
      vertex 75.59117424788326 4.955552749687723 -1.4977809217955436
      vertex 75.71585210522151 3.6386470018071053 0
      vertex 75.60392972423621 4.961231853654829 -1.5
    endloop
  endfacet
  facet normal -0.20907191591923616 0.7257046774995455 0.6554705600018514
    outer loop
      vertex 75.60392972423621 4.961231853654829 -1.5
      vertex 75.71585210522151 3.6386470018071053 0
      vertex 75.63185028525008 4.969275628713333 -1.5
    endloop
  endfacet
  facet normal -0.28901045961661725 0.6977329712741434 0.6554705600018564
    outer loop
      vertex 75.63185028525008 4.969275628713333 -1.5
      vertex 76.0625110977541 3.7385177370890177 0
      vertex 75.83005432649563 5.051374430714391 -1.5
    endloop
  endfacet
  facet normal -0.36531452909660456 0.6609868681008556 0.6554705600018571
    outer loop
      vertex 75.83005432649563 5.051374430714391 -1.5
      vertex 76.39580839674915 3.8765739986350827 0
      vertex 75.92809441878934 5.105559274434163 -1.5
    endloop
  endfacet
  facet normal 0.36531452909662265 -0.6609868681008475 0.655470560001855
    outer loop
      vertex 73.28844740471185 9.498920351145753 0
      vertex 73.98218004702325 8.394851175679934 -1.5
      vertex 73.60419160325085 9.673426001364918 0
    endloop
  endfacet
  facet normal 0.28901045961661787 -0.697732971274143 0.6554705600018566
    outer loop
      vertex 73.60419160325085 9.673426001364918 0
      vertex 74.16994567350437 8.49862556928561 -1.5
      vertex 73.9374889022459 9.811482262910983 0
    endloop
  endfacet
  facet normal 0.209071915919192 -0.7257046774995533 0.6554705600018568
    outer loop
      vertex 73.9374889022459 9.811482262910983 0
      vertex 74.36814971474992 8.580724371286667 -1.5
      vertex 74.28414789477849 9.911352998192896 0
    endloop
  endfacet
  facet normal 0.12650417157270538 -0.7445502263417532 0.6554705600018567
    outer loop
      vertex 74.28414789477849 9.911352998192896 0
      vertex 74.57429963994055 8.640115141613112 -1.5
      vertex 74.63980914288132 9.971782274768136 0
    endloop
  endfacet
  facet normal 0.04234556386928011 -0.7540326240895986 0.6554705600018561
    outer loop
      vertex 74.63980914288132 9.971782274768136 0
      vertex 74.78580299415603 8.67605100686876 -1.5
      vertex 75 9.992010159421888 0
    endloop
  endfacet
  facet normal -0.36531452909662887 0.6609868681008441 0.6554705600018552
    outer loop
      vertex 75.92809441878934 5.105559274434163 -1.5
      vertex 76.39580839674915 3.8765739986350827 0
      vertex 75.95654002634878 5.1182240748906525 -1.4969177457160256
    endloop
  endfacet
  facet normal -0.3653145290966421 0.660986868100838 0.6554705600018541
    outer loop
      vertex 75.95654002634878 5.1182240748906525 -1.4969177457160256
      vertex 76.39580839674915 3.8765739986350827 0
      vertex 75.97412023371159 5.13099684319089 -1.5
    endloop
  endfacet
  facet normal -0.3653145290965799 0.6609868681008663 0.6554705600018602
    outer loop
      vertex 75.97412023371159 5.13099684319089 -1.5
      vertex 76.39580839674915 3.8765739986350827 0
      vertex 76.01781995297675 5.155148824320067 -1.5
    endloop
  endfacet
  facet normal -0.43702455641278787 0.6159284715476807 0.655470560001854
    outer loop
      vertex 76.01781995297675 5.155148824320067 -1.5
      vertex 76.71155259528815 4.05107964885425 0
      vertex 76.19278590299629 5.279293786319461 -1.5
    endloop
  endfacet
  facet normal -0.5032387463645264 0.5631244170947601 0.6554705600018559
    outer loop
      vertex 76.19278590299629 5.279293786319461 -1.5
      vertex 77.00577302687549 4.259840177944473 0
      vertex 76.25605459791834 5.335834148893246 -1.5
    endloop
  endfacet
  facet normal -0.5032387463645742 0.5631244170947217 0.6554705600018521
    outer loop
      vertex 76.25605459791834 5.335834148893246 -1.5
      vertex 77.00577302687549 4.259840177944473 0
      vertex 76.28010041567454 5.353304458113798 -1.496547778611676
    endloop
  endfacet
  facet normal -0.5032387463645138 0.5631244170947691 0.6554705600018575
    outer loop
      vertex 76.29862174038664 5.373874473130269 -1.5
      vertex 76.28010041567454 5.353304458113798 -1.496547778611676
      vertex 77.00577302687549 4.259840177944473 0
    endloop
  endfacet
  facet normal -0.5032387463644347 0.5631244170948306 0.6554705600018659
    outer loop
      vertex 76.29862174038664 5.373874473130269 -1.5
      vertex 77.00577302687549 4.259840177944473 0
      vertex 76.35275187821516 5.422248121784848 -1.5
    endloop
  endfacet
  facet normal -0.5631244170947978 0.5032387463644874 0.6554705600018534
    outer loop
      vertex 76.35275187821516 5.422248121784848 -1.5
      vertex 77.27476969887323 4.500230301126768 0
      vertex 76.49570621368053 5.582214097003712 -1.5
    endloop
  endfacet
  facet normal 0.36531452909660916 -0.6609868681008532 0.6554705600018569
    outer loop
      vertex 74.16994567350437 8.49862556928561 -1.5
      vertex 73.60419160325085 9.673426001364918 0
      vertex 74.07190558121066 8.444440725565837 -1.5
    endloop
  endfacet
  facet normal -0.6159284715476947 0.43702455641276505 0.655470560001856
    outer loop
      vertex 76.49570621368053 5.582214097003712 -1.5
      vertex 77.51515982205552 4.769226973124516 0
      vertex 76.531002151031 5.63195906539305 -1.5
    endloop
  endfacet
  facet normal -0.6159284715475662 0.43702455641292987 0.6554705600018665
    outer loop
      vertex 76.531002151031 5.63195906539305 -1.5
      vertex 77.51515982205552 4.769226973124516 0
      vertex 76.54771427423204 5.650519758569475 -1.4966711032797928
    endloop
  endfacet
  facet normal -0.6159284715476424 0.43702455641283383 0.6554705600018592
    outer loop
      vertex 76.54771427423204 5.650519758569475 -1.4966711032797928
      vertex 77.51515982205552 4.769226973124516 0
      vertex 76.5631871838028 5.6773196240869455 -1.5
    endloop
  endfacet
  facet normal -0.6159284715477261 0.4370245564127302 0.6554705600018496
    outer loop
      vertex 76.5631871838028 5.6773196240869455 -1.5
      vertex 77.51515982205552 4.769226973124516 0
      vertex 76.61985117567993 5.757180047023255 -1.5
    endloop
  endfacet
  facet normal -0.6609868681008505 0.36531452909661244 0.6554705600018579
    outer loop
      vertex 76.61985117567993 5.757180047023255 -1.5
      vertex 77.72392035114575 5.063447404711839 0
      vertex 76.7236255692856 5.944945673504374 -1.5
    endloop
  endfacet
  facet normal -0.6977329712740648 0.2890104596167958 0.6554705600018612
    outer loop
      vertex 76.7236255692856 5.944945673504374 -1.5
      vertex 77.89842600136491 5.37919160325086 0
      vertex 76.73866799963066 5.98126131285445 -1.5
    endloop
  endfacet
  facet normal -0.6977329712741234 0.2890104596166671 0.6554705600018556
    outer loop
      vertex 77.89842600136491 5.37919160325086 0
      vertex 76.74768559224852 5.996880241430525 -1.4972876921207616
      vertex 76.73866799963066 5.98126131285445 -1.5
    endloop
  endfacet
  facet normal -0.6977329712741932 0.2890104596165179 0.655470560001847
    outer loop
      vertex 76.74768559224852 5.996880241430525 -1.4972876921207616
      vertex 77.89842600136491 5.37919160325086 0
      vertex 76.75695724892556 6.025415466547818 -1.5
    endloop
  endfacet
  facet normal -0.69773297127413 0.28901045961665006 0.655470560001856
    outer loop
      vertex 76.75695724892556 6.025415466547818 -1.5
      vertex 77.89842600136491 5.37919160325086 0
      vertex 76.80572437128667 6.143149714749914 -1.5
    endloop
  endfacet
  facet normal -0.4370245564127699 0.615928471547691 0.6554705600018561
    outer loop
      vertex 77.00577302687549 4.259840177944473 0
      vertex 76.19278590299629 5.279293786319461 -1.5
      vertex 76.71155259528815 4.05107964885425 0
    endloop
  endfacet
  facet normal -0.5032387463645164 0.5631244170947702 0.6554705600018547
    outer loop
      vertex 77.27476969887323 4.500230301126768 0
      vertex 76.35275187821516 5.422248121784848 -1.5
      vertex 77.00577302687549 4.259840177944473 0
    endloop
  endfacet
  facet normal -0.5631244170947767 0.5032387463645069 0.6554705600018566
    outer loop
      vertex 77.51515982205552 4.769226973124516 0
      vertex 76.49570621368053 5.582214097003712 -1.5
      vertex 77.27476969887323 4.500230301126768 0
    endloop
  endfacet
  facet normal -0.6159284715476782 0.43702455641278587 0.6554705600018577
    outer loop
      vertex 77.72392035114575 5.063447404711839 0
      vertex 76.61985117567993 5.757180047023255 -1.5
      vertex 77.51515982205552 4.769226973124516 0
    endloop
  endfacet
  facet normal -0.6609868681008578 0.3653145290966017 0.6554705600018564
    outer loop
      vertex 77.89842600136491 5.37919160325086 0
      vertex 76.7236255692856 5.944945673504374 -1.5
      vertex 77.72392035114575 5.063447404711839 0
    endloop
  endfacet
  facet normal -0.6977329712741388 0.2890104596166335 0.6554705600018539
    outer loop
      vertex 78.03648226291098 5.712488902245898 0
      vertex 76.80572437128667 6.143149714749914 -1.5
      vertex 77.89842600136491 5.37919160325086 0
    endloop
  endfacet
  facet normal 0.04234556386928128 -0.7540326240895983 0.6554705600018563
    outer loop
      vertex 75 8.688080052697547 -1.5
      vertex 75 9.992010159421888 0
      vertex 74.81338537230198 8.6776 -1.5
    endloop
  endfacet
  facet normal 0.042345563869272386 -0.7540326240895979 0.6554705600018572
    outer loop
      vertex 74.81338537230198 8.6776 -1.5
      vertex 75 9.992010159421888 0
      vertex 74.80002868198352 8.6776 -1.4991371136745473
    endloop
  endfacet
  facet normal 0.04234556386923611 -0.7540326240895968 0.6554705600018609
    outer loop
      vertex 75 9.992010159421888 0
      vertex 74.79523260556313 8.676580562486574 -1.5
      vertex 74.80002868198352 8.6776 -1.4991371136745473
    endloop
  endfacet
  facet normal -0.725704677499557 0.20907191591918697 0.6554705600018541
    outer loop
      vertex 76.80572437128667 6.143149714749914 -1.5
      vertex 78.03648226291098 5.712488902245898 0
      vertex 76.86511514161312 6.349299639940548 -1.5
    endloop
  endfacet
  facet normal -0.7445502263418355 0.12650417157227992 0.6554705600018454
    outer loop
      vertex 76.86511514161312 6.349299639940548 -1.5
      vertex 78.1363529981929 6.059147894778492 0
      vertex 76.86831739547905 6.368146756292949 -1.5
    endloop
  endfacet
  facet normal -0.7445502263415734 0.1265041715735812 0.6554705600018919
    outer loop
      vertex 76.86831739547905 6.368146756292949 -1.5
      vertex 78.1363529981929 6.059147894778492 0
      vertex 76.87127466355781 6.377248291573926 -1.4983974071442319
    endloop
  endfacet
  facet normal -0.7445502263417948 0.12650417157249919 0.6554705600018491
    outer loop
      vertex 78.1363529981929 6.059147894778492 0
      vertex 76.87356294895046 6.399019872774949 -1.5
      vertex 76.87127466355781 6.377248291573926 -1.4983974071442319
    endloop
  endfacet
  facet normal -0.7445502263417533 0.12650417157269533 0.6554705600018585
    outer loop
      vertex 76.87356294895046 6.399019872774949 -1.5
      vertex 78.1363529981929 6.059147894778492 0
      vertex 76.90105100686876 6.56080299415603 -1.5
    endloop
  endfacet
  facet normal -0.7540326240895935 0.042345563869313936 0.6554705600018599
    outer loop
      vertex 76.90105100686876 6.56080299415603 -1.5
      vertex 78.19678227476814 6.4148091428813085 0
      vertex 76.91308005269755 6.775 -1.5
    endloop
  endfacet
  facet normal 0.0423455638692077 -0.7540326240895957 0.655470560001864
    outer loop
      vertex 74.79523260556313 8.676580562486574 -1.5
      vertex 75 9.992010159421888 0
      vertex 74.78580299415603 8.67605100686876 -1.5
    endloop
  endfacet
  facet normal 0.1265041715727156 -0.7445502263417524 0.6554705600018556
    outer loop
      vertex 74.78580299415603 8.67605100686876 -1.5
      vertex 74.63980914288132 9.971782274768136 0
      vertex 74.57429963994055 8.640115141613112 -1.5
    endloop
  endfacet
  facet normal -0.7540326240895981 -0.04234556386931419 0.6554705600018544
    outer loop
      vertex 76.91308005269755 6.775 -1.5
      vertex 78.21701015942189 6.775 0
      vertex 76.90105100686876 6.9891970058439705 -1.5
    endloop
  endfacet
  facet normal -0.7445502263417528 -0.12650417157269525 0.6554705600018592
    outer loop
      vertex 76.90105100686876 6.9891970058439705 -1.5
      vertex 78.19678227476814 7.135190857118692 0
      vertex 76.87356294895046 7.1509801272250515 -1.5
    endloop
  endfacet
  facet normal -0.7445502263416759 -0.1265041715736369 0.6554705600017647
    outer loop
      vertex 76.86831739547905 7.181853243707052 -1.5
      vertex 76.87127466355781 7.172751708426075 -1.4983974071442319
      vertex 78.19678227476814 7.135190857118692 0
    endloop
  endfacet
  facet normal -0.7445502263417707 -0.12650417157249633 0.6554705600018771
    outer loop
      vertex 76.87356294895046 7.1509801272250515 -1.5
      vertex 78.19678227476814 7.135190857118692 0
      vertex 76.87127466355781 7.172751708426075 -1.4983974071442319
    endloop
  endfacet
  facet normal -0.7445502263417852 -0.12650417157227137 0.6554705600019041
    outer loop
      vertex 76.86831739547905 7.181853243707052 -1.5
      vertex 78.19678227476814 7.135190857118692 0
      vertex 76.86511514161312 7.200700360059453 -1.5
    endloop
  endfacet
  facet normal -0.7257046774995544 -0.20907191591918617 0.6554705600018574
    outer loop
      vertex 76.86511514161312 7.200700360059453 -1.5
      vertex 78.1363529981929 7.490852105221509 0
      vertex 76.80572437128667 7.406850285250087 -1.5
    endloop
  endfacet
  facet normal -0.7257046774995481 0.20907191591920957 0.6554705600018567
    outer loop
      vertex 78.1363529981929 6.059147894778492 0
      vertex 76.86511514161312 6.349299639940548 -1.5
      vertex 78.03648226291098 5.712488902245898 0
    endloop
  endfacet
  facet normal -0.744550226341752 0.12650417157270002 0.6554705600018591
    outer loop
      vertex 78.19678227476814 6.4148091428813085 0
      vertex 76.90105100686876 6.56080299415603 -1.5
      vertex 78.1363529981929 6.059147894778492 0
    endloop
  endfacet
  facet normal -0.7540326240895994 0.04234556386927518 0.6554705600018556
    outer loop
      vertex 78.21701015942189 6.775 0
      vertex 76.91308005269755 6.775 -1.5
      vertex 78.19678227476814 6.4148091428813085 0
    endloop
  endfacet
  facet normal 0.20907191591910496 0.7257046774995823 0.6554705600018523
    outer loop
      vertex 74.40882575211674 4.955552749687723 -1.4977809217955436
      vertex 74.39607027576379 4.961231853654829 -1.5
      vertex 73.9374889022459 3.7385177370890177 0
    endloop
  endfacet
  facet normal 0.20907191591923466 0.7257046774995403 0.6554705600018577
    outer loop
      vertex 74.36814971474992 4.969275628713333 -1.5
      vertex 73.9374889022459 3.7385177370890177 0
      vertex 74.39607027576379 4.961231853654829 -1.5
    endloop
  endfacet
  facet normal 0.2090719159192616 0.7257046774995306 0.6554705600018595
    outer loop
      vertex 74.40882575211674 4.955552749687723 -1.4977809217955436
      vertex 73.9374889022459 3.7385177370890177 0
      vertex 74.43535944274639 4.949912839639067 -1.5
    endloop
  endfacet
  facet normal 0.7445502263417854 0.12650417157227137 0.655470560001904
    outer loop
      vertex 73.13168260452095 6.368146756292948 -1.5
      vertex 71.80321772523186 6.41480914288131 0
      vertex 73.13488485838688 6.349299639940547 -1.5
    endloop
  endfacet
  facet normal 0.7257046774995541 0.20907191591918703 0.6554705600018573
    outer loop
      vertex 73.13488485838688 6.349299639940547 -1.5
      vertex 71.8636470018071 6.059147894778491 0
      vertex 73.19427562871333 6.143149714749914 -1.5
    endloop
  endfacet
  facet normal 0.20907191591917285 0.7257046774995607 0.6554705600018543
    outer loop
      vertex 74.43535944274639 4.949912839639067 -1.5
      vertex 73.9374889022459 3.7385177370890177 0
      vertex 74.57429963994055 4.909884858386889 -1.5
    endloop
  endfacet
  facet normal 0.3653145290966402 0.6609868681008361 0.6554705600018569
    outer loop
      vertex 74.02587976628841 5.13099684319089 -1.5
      vertex 73.28844740471185 4.051079648854248 0
      vertex 74.04345997365122 5.1182240748906525 -1.4969177457160256
    endloop
  endfacet
  facet normal 0.3653145290965826 0.660986868100871 0.6554705600018538
    outer loop
      vertex 73.98218004702325 5.155148824320067 -1.5
      vertex 73.28844740471185 4.051079648854248 0
      vertex 74.02587976628841 5.13099684319089 -1.5
    endloop
  endfacet
  facet normal 0.36531452909662854 0.6609868681008432 0.6554705600018561
    outer loop
      vertex 74.04345997365122 5.1182240748906525 -1.4969177457160256
      vertex 73.28844740471185 4.051079648854248 0
      vertex 74.07190558121066 5.105559274434163 -1.5
    endloop
  endfacet
  facet normal 0.28901045961661703 0.6977329712741432 0.6554705600018563
    outer loop
      vertex 73.9374889022459 3.7385177370890177 0
      vertex 74.36814971474992 4.969275628713333 -1.5
      vertex 73.60419160325085 3.8765739986350827 0
    endloop
  endfacet
  facet normal 0.43702455641277554 0.6159284715476886 0.6554705600018547
    outer loop
      vertex 73.28844740471185 4.051079648854248 0
      vertex 73.98218004702325 5.155148824320067 -1.5
      vertex 72.99422697312451 4.259840177944475 0
    endloop
  endfacet
  facet normal 0.36531452909662204 0.6609868681008465 0.6554705600018566
    outer loop
      vertex 73.60419160325085 3.8765739986350827 0
      vertex 74.16994567350437 5.051374430714391 -1.5
      vertex 73.28844740471185 4.051079648854248 0
    endloop
  endfacet
  facet normal 0.04234556386927918 0.7540326240895986 0.6554705600018561
    outer loop
      vertex 75 3.557989840578114 0
      vertex 75 4.861919947302454 -1.5
      vertex 74.63980914288132 3.5782177252318648 0
    endloop
  endfacet
  facet normal 0.12650417157270638 0.7445502263417536 0.655470560001856
    outer loop
      vertex 74.63980914288132 3.5782177252318648 0
      vertex 74.78580299415603 4.873948993131241 -1.5
      vertex 74.28414789477849 3.6386470018071053 0
    endloop
  endfacet
  facet normal 0.20907191591919116 0.7257046774995536 0.6554705600018567
    outer loop
      vertex 74.28414789477849 3.6386470018071053 0
      vertex 74.57429963994055 4.909884858386889 -1.5
      vertex 73.9374889022459 3.7385177370890177 0
    endloop
  endfacet
  facet normal 0.042345563869281275 0.7540326240895981 0.6554705600018563
    outer loop
      vertex 74.81338537230198 4.872400000000001 -1.5
      vertex 74.63980914288132 3.5782177252318648 0
      vertex 75 4.861919947302454 -1.5
    endloop
  endfacet
  facet normal 0.04234556386927231 0.754032624089599 0.6554705600018561
    outer loop
      vertex 74.80002868198352 4.872400000000001 -1.4991371136745473
      vertex 74.63980914288132 3.5782177252318648 0
      vertex 74.81338537230198 4.872400000000001 -1.5
    endloop
  endfacet
  facet normal 0.04234556386923843 0.7540326240896018 0.6554705600018549
    outer loop
      vertex 74.79523260556313 4.8734194375134265 -1.5
      vertex 74.63980914288132 3.5782177252318648 0
      vertex 74.80002868198352 4.872400000000001 -1.4991371136745473
    endloop
  endfacet
  facet normal 0.04234556386927888 0.7540326240895985 0.6554705600018562
    outer loop
      vertex 74.78580299415603 4.873948993131241 -1.5
      vertex 74.63980914288132 3.5782177252318648 0
      vertex 74.79523260556313 4.8734194375134265 -1.5
    endloop
  endfacet
  facet normal 0.1265041715727124 0.744550226341752 0.6554705600018567
    outer loop
      vertex 74.57429963994055 4.909884858386889 -1.5
      vertex 74.28414789477849 3.6386470018071053 0
      vertex 74.78580299415603 4.873948993131241 -1.5
    endloop
  endfacet
  facet normal 0.725704677499548 -0.2090719159192101 0.6554705600018567
    outer loop
      vertex 71.8636470018071 7.49085210522151 0
      vertex 73.13488485838688 7.200700360059454 -1.5
      vertex 71.96351773708902 7.837511097754103 0
    endloop
  endfacet
  facet normal 0.697732971274139 -0.28901045961663285 0.6554705600018539
    outer loop
      vertex 71.96351773708902 7.837511097754103 0
      vertex 73.19427562871333 7.406850285250087 -1.5
      vertex 72.10157399863509 8.170808396749141 0
    endloop
  endfacet
  facet normal 0.6609868681008564 -0.36531452909660406 0.6554705600018564
    outer loop
      vertex 72.10157399863509 8.170808396749141 0
      vertex 73.2763744307144 7.605054326495627 -1.5
      vertex 72.27607964885425 8.48655259528816 0
    endloop
  endfacet
  facet normal 0.6159284715476818 -0.4370245564127858 0.6554705600018542
    outer loop
      vertex 72.27607964885425 8.48655259528816 0
      vertex 73.38014882432006 7.792819952976745 -1.5
      vertex 72.48484017794448 8.780773026875485 0
    endloop
  endfacet
  facet normal 0.20907191591917218 -0.7257046774995584 0.6554705600018573
    outer loop
      vertex 74.57429963994055 8.640115141613112 -1.5
      vertex 74.28414789477849 9.911352998192896 0
      vertex 74.43535944274639 8.600087160360934 -1.5
    endloop
  endfacet
  facet normal 0.20907191591923951 -0.725704677499544 0.6554705600018517
    outer loop
      vertex 74.43535944274639 8.600087160360934 -1.5
      vertex 74.28414789477849 9.911352998192896 0
      vertex 74.40882575211674 8.594447250312278 -1.4977809217955436
    endloop
  endfacet
  facet normal -0.7445502263417535 -0.12650417157270027 0.6554705600018571
    outer loop
      vertex 78.1363529981929 7.490852105221509 0
      vertex 76.86511514161312 7.200700360059453 -1.5
      vertex 78.19678227476814 7.135190857118692 0
    endloop
  endfacet
  facet normal -0.6977329712741321 -0.28901045961665095 0.6554705600018534
    outer loop
      vertex 76.80572437128667 7.406850285250087 -1.5
      vertex 78.03648226291098 7.837511097754103 0
      vertex 76.75695724892556 7.524584533452183 -1.5
    endloop
  endfacet
  facet normal -0.6977329712741782 -0.2890104596165147 0.6554705600018644
    outer loop
      vertex 76.75695724892556 7.524584533452183 -1.5
      vertex 78.03648226291098 7.837511097754103 0
      vertex 76.74768559224852 7.553119758569475 -1.4972876921207616
    endloop
  endfacet
  facet normal -0.6977329712741275 -0.28901045961666993 0.6554705600018501
    outer loop
      vertex 76.74768559224852 7.553119758569475 -1.4972876921207616
      vertex 78.03648226291098 7.837511097754103 0
      vertex 76.73866799963066 7.568738687145551 -1.5
    endloop
  endfacet
  facet normal -0.6977329712740843 -0.2890104596168039 0.6554705600018368
    outer loop
      vertex 76.73866799963066 7.568738687145551 -1.5
      vertex 78.03648226291098 7.837511097754103 0
      vertex 76.7236255692856 7.605054326495627 -1.5
    endloop
  endfacet
  facet normal -0.6609868681008517 -0.36531452909661316 0.6554705600018562
    outer loop
      vertex 76.7236255692856 7.605054326495627 -1.5
      vertex 77.89842600136491 8.170808396749141 0
      vertex 76.61985117567993 7.792819952976746 -1.5
    endloop
  endfacet
  facet normal -0.615928471547719 -0.43702455641272514 0.6554705600018595
    outer loop
      vertex 76.61985117567993 7.792819952976746 -1.5
      vertex 77.72392035114575 8.486552595288162 0
      vertex 76.5631871838028 7.872680375913055 -1.5
    endloop
  endfacet
  facet normal -0.615928471547649 -0.4370245564128366 0.6554705600018511
    outer loop
      vertex 76.5631871838028 7.872680375913055 -1.5
      vertex 77.72392035114575 8.486552595288162 0
      vertex 76.54771427423204 7.899480241430526 -1.4966711032797928
    endloop
  endfacet
  facet normal -0.6159284715475809 -0.43702455641294763 0.6554705600018411
    outer loop
      vertex 76.54771427423204 7.899480241430526 -1.4966711032797928
      vertex 77.72392035114575 8.486552595288162 0
      vertex 76.531002151031 7.9180409346069505 -1.5
    endloop
  endfacet
  facet normal -0.615928471547692 -0.4370245564127631 0.6554705600018595
    outer loop
      vertex 76.531002151031 7.9180409346069505 -1.5
      vertex 77.72392035114575 8.486552595288162 0
      vertex 76.49570621368053 7.9677859029962885 -1.5
    endloop
  endfacet
  facet normal 0.2090719159190984 -0.7257046774995727 0.655470560001865
    outer loop
      vertex 74.40882575211674 8.594447250312278 -1.4977809217955436
      vertex 74.28414789477849 9.911352998192896 0
      vertex 74.39607027576379 8.588768146345172 -1.5
    endloop
  endfacet
  facet normal 0.20907191591927984 -0.7257046774995368 0.655470560001847
    outer loop
      vertex 74.39607027576379 8.588768146345172 -1.5
      vertex 74.28414789477849 9.911352998192896 0
      vertex 74.36814971474992 8.580724371286667 -1.5
    endloop
  endfacet
  facet normal 0.5032387463645135 -0.5631244170947733 0.6554705600018544
    outer loop
      vertex 72.72523030112677 9.049769698873233 0
      vertex 73.64724812178484 8.127751878215154 -1.5
      vertex 72.99422697312451 9.290159822055525 0
    endloop
  endfacet
  facet normal -0.5631244170947967 -0.5032387463644836 0.6554705600018574
    outer loop
      vertex 76.49570621368053 7.9677859029962885 -1.5
      vertex 77.51515982205552 8.780773026875485 0
      vertex 76.35275187821516 8.127751878215154 -1.5
    endloop
  endfacet
  facet normal -0.5032387463644428 -0.5631244170948397 0.6554705600018518
    outer loop
      vertex 76.35275187821516 8.127751878215154 -1.5
      vertex 77.27476969887323 9.049769698873233 0
      vertex 76.29862174038664 8.176125526869733 -1.5
    endloop
  endfacet
  facet normal -0.5032387463645142 -0.5631244170947695 0.6554705600018573
    outer loop
      vertex 76.29862174038664 8.176125526869733 -1.5
      vertex 77.27476969887323 9.049769698873233 0
      vertex 76.28010041567454 8.196695541886204 -1.496547778611676
    endloop
  endfacet
  facet normal -0.5032387463645577 -0.5631244170947257 0.6554705600018614
    outer loop
      vertex 76.28010041567454 8.196695541886204 -1.496547778611676
      vertex 77.27476969887323 9.049769698873233 0
      vertex 76.25605459791834 8.214165851106754 -1.5
    endloop
  endfacet
  facet normal -0.5032387463645294 -0.5631244170947547 0.6554705600018583
    outer loop
      vertex 76.25605459791834 8.214165851106754 -1.5
      vertex 77.27476969887323 9.049769698873233 0
      vertex 76.19278590299629 8.27070621368054 -1.5
    endloop
  endfacet
  facet normal -0.3653145290966102 -0.660986868100855 0.6554705600018546
    outer loop
      vertex 75.92809441878934 8.444440725565837 -1.5
      vertex 76.71155259528815 9.49892035114575 0
      vertex 75.83005432649563 8.49862556928561 -1.5
    endloop
  endfacet
  facet normal -0.20907191591910504 -0.7257046774995825 0.6554705600018522
    outer loop
      vertex 75.59117424788326 8.594447250312278 -1.4977809217955436
      vertex 75.60392972423621 8.588768146345172 -1.5
      vertex 76.0625110977541 9.811482262910983 0
    endloop
  endfacet
  facet normal -0.2090719159192769 -0.7257046774995266 0.6554705600018591
    outer loop
      vertex 75.63185028525008 8.580724371286667 -1.5
      vertex 76.0625110977541 9.811482262910983 0
      vertex 75.60392972423621 8.588768146345172 -1.5
    endloop
  endfacet
  facet normal -0.2890104596166146 -0.6977329712741444 0.6554705600018563
    outer loop
      vertex 75.83005432649563 8.49862556928561 -1.5
      vertex 76.39580839674915 9.673426001364918 0
      vertex 75.63185028525008 8.580724371286667 -1.5
    endloop
  endfacet
  facet normal -0.4370245564127846 -0.6159284715476805 0.6554705600018562
    outer loop
      vertex 76.19278590299629 8.27070621368054 -1.5
      vertex 77.00577302687549 9.290159822055527 0
      vertex 76.01781995297675 8.394851175679934 -1.5
    endloop
  endfacet
  facet normal -0.3653145290966403 -0.6609868681008362 0.6554705600018567
    outer loop
      vertex 75.97412023371159 8.41900315680911 -1.5
      vertex 76.71155259528815 9.49892035114575 0
      vertex 75.95654002634878 8.431775925109347 -1.4969177457160256
    endloop
  endfacet
  facet normal -0.3653145290965726 -0.6609868681008774 0.6554705600018531
    outer loop
      vertex 76.01781995297675 8.394851175679934 -1.5
      vertex 76.71155259528815 9.49892035114575 0
      vertex 75.97412023371159 8.41900315680911 -1.5
    endloop
  endfacet
  facet normal -0.36531452909662865 -0.6609868681008435 0.655470560001856
    outer loop
      vertex 75.95654002634878 8.431775925109347 -1.4969177457160256
      vertex 76.71155259528815 9.49892035114575 0
      vertex 75.92809441878934 8.444440725565837 -1.5
    endloop
  endfacet
  facet normal -0.7257046774995498 -0.20907191591921007 0.6554705600018548
    outer loop
      vertex 78.03648226291098 7.837511097754103 0
      vertex 76.80572437128667 7.406850285250087 -1.5
      vertex 78.1363529981929 7.490852105221509 0
    endloop
  endfacet
  facet normal -0.6977329712741371 -0.2890104596166321 0.6554705600018564
    outer loop
      vertex 77.89842600136491 8.170808396749141 0
      vertex 76.7236255692856 7.605054326495627 -1.5
      vertex 78.03648226291098 7.837511097754103 0
    endloop
  endfacet
  facet normal -0.6609868681008566 -0.36531452909660206 0.6554705600018575
    outer loop
      vertex 77.72392035114575 8.486552595288162 0
      vertex 76.61985117567993 7.792819952976746 -1.5
      vertex 77.89842600136491 8.170808396749141 0
    endloop
  endfacet
  facet normal -0.6159284715476788 -0.43702455641278637 0.6554705600018568
    outer loop
      vertex 77.51515982205552 8.780773026875485 0
      vertex 76.49570621368053 7.9677859029962885 -1.5
      vertex 77.72392035114575 8.486552595288162 0
    endloop
  endfacet
  facet normal -0.5631244170947783 -0.5032387463645084 0.655470560001854
    outer loop
      vertex 77.27476969887323 9.049769698873233 0
      vertex 76.35275187821516 8.127751878215154 -1.5
      vertex 77.51515982205552 8.780773026875485 0
    endloop
  endfacet
  facet normal -0.5032387463645147 -0.5631244170947706 0.6554705600018559
    outer loop
      vertex 77.00577302687549 9.290159822055527 0
      vertex 76.19278590299629 8.27070621368054 -1.5
      vertex 77.27476969887323 9.049769698873233 0
    endloop
  endfacet
  facet normal -0.1265041715727154 -0.7445502263417513 0.655470560001857
    outer loop
      vertex 75.42570036005945 8.640115141613112 -1.5
      vertex 75.71585210522151 9.911352998192896 0
      vertex 75.21419700584397 8.67605100686876 -1.5
    endloop
  endfacet
  facet normal -0.7540326240895966 -0.04234556386927502 0.6554705600018587
    outer loop
      vertex 78.19678227476814 7.135190857118692 0
      vertex 76.90105100686876 6.9891970058439705 -1.5
      vertex 78.21701015942189 6.775 0
    endloop
  endfacet
  facet normal -0.042345563869272324 -0.7540326240895989 0.6554705600018562
    outer loop
      vertex 75.19997131801648 8.6776 -1.4991371136745473
      vertex 75.36019085711868 9.971782274768136 0
      vertex 75.18661462769802 8.6776 -1.5
    endloop
  endfacet
  facet normal 0.4370245564127762 -0.6159284715476868 0.655470560001856
    outer loop
      vertex 72.99422697312451 9.290159822055525 0
      vertex 73.80721409700371 8.270706213680539 -1.5
      vertex 73.28844740471185 9.498920351145753 0
    endloop
  endfacet
  facet normal -0.04234556386923611 0.7540326240895968 0.6554705600018609
    outer loop
      vertex 75 -9.992010159421888 0
      vertex 75.20476739443687 -8.676580562486574 -1.5
      vertex 75.19997131801648 -8.6776 -1.4991371136745473
    endloop
  endfacet
  facet normal 0.61592847154768 0.4370245564127846 0.6554705600018564
    outer loop
      vertex 72.48484017794448 -8.780773026875485 0
      vertex 73.50429378631947 -7.967785902996289 -1.5
      vertex 72.27607964885425 -8.48655259528816 0
    endloop
  endfacet
  facet normal -0.4370245564127713 0.6159284715476905 0.6554705600018558
    outer loop
      vertex 77.00577302687549 -9.290159822055527 0
      vertex 76.19278590299629 -8.27070621368054 -1.5
      vertex 76.71155259528815 -9.49892035114575 0
    endloop
  endfacet
  facet normal -0.28901045961661787 0.697732971274143 0.6554705600018566
    outer loop
      vertex 76.39580839674915 -9.673426001364918 0
      vertex 75.83005432649563 -8.49862556928561 -1.5
      vertex 76.0625110977541 -9.811482262910983 0
    endloop
  endfacet
  facet normal -0.6977329712741321 -0.28901045961665095 0.6554705600018534
    outer loop
      vertex 76.80572437128667 -6.143149714749914 -1.5
      vertex 78.03648226291098 -5.712488902245898 0
      vertex 76.75695724892556 -6.025415466547818 -1.5
    endloop
  endfacet
  facet normal -0.6977329712741782 -0.2890104596165147 0.6554705600018644
    outer loop
      vertex 76.75695724892556 -6.025415466547818 -1.5
      vertex 78.03648226291098 -5.712488902245898 0
      vertex 76.74768559224852 -5.996880241430525 -1.4972876921207616
    endloop
  endfacet
  facet normal -0.6977329712741275 -0.28901045961666993 0.6554705600018501
    outer loop
      vertex 76.74768559224852 -5.996880241430525 -1.4972876921207616
      vertex 78.03648226291098 -5.712488902245898 0
      vertex 76.73866799963066 -5.98126131285445 -1.5
    endloop
  endfacet
  facet normal -0.6977329712740843 -0.2890104596168039 0.6554705600018368
    outer loop
      vertex 76.73866799963066 -5.98126131285445 -1.5
      vertex 78.03648226291098 -5.712488902245898 0
      vertex 76.7236255692856 -5.944945673504374 -1.5
    endloop
  endfacet
  facet normal -0.6609868681008518 -0.36531452909661316 0.6554705600018561
    outer loop
      vertex 76.7236255692856 -5.944945673504374 -1.5
      vertex 77.89842600136491 -5.37919160325086 0
      vertex 76.61985117567993 -5.757180047023255 -1.5
    endloop
  endfacet
  facet normal -0.615928471547719 -0.43702455641272514 0.6554705600018595
    outer loop
      vertex 76.61985117567993 -5.757180047023255 -1.5
      vertex 77.72392035114575 -5.063447404711839 0
      vertex 76.5631871838028 -5.6773196240869455 -1.5
    endloop
  endfacet
  facet normal -0.615928471547649 -0.4370245564128366 0.6554705600018511
    outer loop
      vertex 76.5631871838028 -5.6773196240869455 -1.5
      vertex 77.72392035114575 -5.063447404711839 0
      vertex 76.54771427423204 -5.650519758569475 -1.4966711032797928
    endloop
  endfacet
  facet normal -0.6159284715475809 -0.43702455641294763 0.6554705600018411
    outer loop
      vertex 76.54771427423204 -5.650519758569475 -1.4966711032797928
      vertex 77.72392035114575 -5.063447404711839 0
      vertex 76.531002151031 -5.63195906539305 -1.5
    endloop
  endfacet
  facet normal -0.615928471547692 -0.4370245564127631 0.6554705600018595
    outer loop
      vertex 76.531002151031 -5.63195906539305 -1.5
      vertex 77.72392035114575 -5.063447404711839 0
      vertex 76.49570621368053 -5.582214097003712 -1.5
    endloop
  endfacet
  facet normal -0.5631244170947953 -0.5032387463644852 0.6554705600018573
    outer loop
      vertex 76.49570621368053 -5.582214097003712 -1.5
      vertex 77.51515982205552 -4.769226973124516 0
      vertex 76.35275187821516 -5.422248121784848 -1.5
    endloop
  endfacet
  facet normal -0.5032387463645698 -0.5631244170947135 0.6554705600018627
    outer loop
      vertex 76.28010041567454 -5.353304458113798 -1.496547778611676
      vertex 77.27476969887323 -4.500230301126768 0
      vertex 76.25605459791834 -5.335834148893246 -1.5
    endloop
  endfacet
  facet normal -0.5032387463644425 -0.5631244170948395 0.6554705600018519
    outer loop
      vertex 76.35275187821516 -5.422248121784848 -1.5
      vertex 77.27476969887323 -4.500230301126768 0
      vertex 76.29862174038664 -5.373874473130269 -1.5
    endloop
  endfacet
  facet normal -0.5032387463645139 -0.5631244170947693 0.6554705600018575
    outer loop
      vertex 76.29862174038664 -5.373874473130269 -1.5
      vertex 77.27476969887323 -4.500230301126768 0
      vertex 76.28010041567454 -5.353304458113798 -1.496547778611676
    endloop
  endfacet
  facet normal -0.5032387463645253 -0.5631244170947589 0.6554705600018578
    outer loop
      vertex 76.25605459791834 -5.335834148893246 -1.5
      vertex 77.27476969887323 -4.500230301126768 0
      vertex 76.19278590299629 -5.279293786319461 -1.5
    endloop
  endfacet
  facet normal -0.4370245564127864 -0.6159284715476786 0.6554705600018567
    outer loop
      vertex 76.19278590299629 -5.279293786319461 -1.5
      vertex 77.00577302687549 -4.259840177944473 0
      vertex 76.01781995297675 -5.155148824320067 -1.5
    endloop
  endfacet
  facet normal -0.3653145290966059 -0.6609868681008579 0.655470560001854
    outer loop
      vertex 75.92809441878934 -5.105559274434163 -1.5
      vertex 76.71155259528815 -4.05107964885425 0
      vertex 75.83005432649563 -5.051374430714391 -1.5
    endloop
  endfacet
  facet normal -0.28901045961661725 -0.6977329712741432 0.6554705600018566
    outer loop
      vertex 75.83005432649563 -5.051374430714391 -1.5
      vertex 76.39580839674915 -3.8765739986350827 0
      vertex 75.63185028525008 -4.969275628713333 -1.5
    endloop
  endfacet
  facet normal -0.20907191591910496 -0.7257046774995823 0.6554705600018523
    outer loop
      vertex 75.59117424788326 -4.955552749687723 -1.4977809217955436
      vertex 75.60392972423621 -4.961231853654829 -1.5
      vertex 76.0625110977541 -3.7385177370890177 0
    endloop
  endfacet
  facet normal -0.20907191591923466 -0.7257046774995403 0.6554705600018577
    outer loop
      vertex 75.63185028525008 -4.969275628713333 -1.5
      vertex 76.0625110977541 -3.7385177370890177 0
      vertex 75.60392972423621 -4.961231853654829 -1.5
    endloop
  endfacet
  facet normal -0.2090719159192616 -0.7257046774995306 0.6554705600018595
    outer loop
      vertex 75.59117424788326 -4.955552749687723 -1.4977809217955436
      vertex 76.0625110977541 -3.7385177370890177 0
      vertex 75.56464055725361 -4.949912839639067 -1.5
    endloop
  endfacet
  facet normal -0.20907191591917285 -0.7257046774995607 0.6554705600018543
    outer loop
      vertex 75.56464055725361 -4.949912839639067 -1.5
      vertex 76.0625110977541 -3.7385177370890177 0
      vertex 75.42570036005945 -4.909884858386889 -1.5
    endloop
  endfacet
  facet normal 0.20907191591923882 0.7257046774995383 0.6554705600018583
    outer loop
      vertex 74.40882575211674 -8.594447250312278 -1.4977809217955436
      vertex 73.9374889022459 -9.811482262910983 0
      vertex 74.43535944274639 -8.600087160360934 -1.5
    endloop
  endfacet
  facet normal 0.20907191591917285 0.7257046774995607 0.6554705600018546
    outer loop
      vertex 74.43535944274639 -8.600087160360934 -1.5
      vertex 73.9374889022459 -9.811482262910983 0
      vertex 74.57429963994055 -8.640115141613112 -1.5
    endloop
  endfacet
  facet normal 0.042345563869281275 0.7540326240895981 0.6554705600018566
    outer loop
      vertex 74.81338537230198 -8.6776 -1.5
      vertex 74.63980914288132 -9.971782274768136 0
      vertex 75 -8.688080052697547 -1.5
    endloop
  endfacet
  facet normal 0.04234556386920818 0.7540326240896043 0.655470560001854
    outer loop
      vertex 74.78580299415603 -8.67605100686876 -1.5
      vertex 74.63980914288132 -9.971782274768136 0
      vertex 74.79523260556313 -8.676580562486574 -1.5
    endloop
  endfacet
  facet normal 0.04234556386923839 0.7540326240896018 0.6554705600018551
    outer loop
      vertex 74.79523260556313 -8.676580562486574 -1.5
      vertex 74.63980914288132 -9.971782274768136 0
      vertex 74.80002868198352 -8.6776 -1.4991371136745473
    endloop
  endfacet
  facet normal 0.042345563869272324 0.7540326240895989 0.6554705600018562
    outer loop
      vertex 74.80002868198352 -8.6776 -1.4991371136745473
      vertex 74.63980914288132 -9.971782274768136 0
      vertex 74.81338537230198 -8.6776 -1.5
    endloop
  endfacet
  facet normal 0.1265041715727154 0.7445502263417513 0.655470560001857
    outer loop
      vertex 74.57429963994055 -8.640115141613112 -1.5
      vertex 74.28414789477849 -9.911352998192896 0
      vertex 74.78580299415603 -8.67605100686876 -1.5
    endloop
  endfacet
  facet normal -0.36531452909664053 -0.6609868681008364 0.6554705600018564
    outer loop
      vertex 75.97412023371159 -5.13099684319089 -1.5
      vertex 76.71155259528815 -4.05107964885425 0
      vertex 75.95654002634878 -5.1182240748906525 -1.4969177457160256
    endloop
  endfacet
  facet normal -0.36531452909658274 -0.6609868681008715 0.6554705600018533
    outer loop
      vertex 76.01781995297675 -5.155148824320067 -1.5
      vertex 76.71155259528815 -4.05107964885425 0
      vertex 75.97412023371159 -5.13099684319089 -1.5
    endloop
  endfacet
  facet normal -0.36531452909662876 -0.6609868681008436 0.6554705600018558
    outer loop
      vertex 75.95654002634878 -5.1182240748906525 -1.4969177457160256
      vertex 76.71155259528815 -4.05107964885425 0
      vertex 75.92809441878934 -5.105559274434163 -1.5
    endloop
  endfacet
  facet normal -0.7257046774995498 -0.20907191591921007 0.6554705600018548
    outer loop
      vertex 78.03648226291098 -5.712488902245898 0
      vertex 76.80572437128667 -6.143149714749914 -1.5
      vertex 78.1363529981929 -6.059147894778492 0
    endloop
  endfacet
  facet normal -0.6977329712741368 -0.28901045961663274 0.6554705600018562
    outer loop
      vertex 77.89842600136491 -5.37919160325086 0
      vertex 76.7236255692856 -5.944945673504374 -1.5
      vertex 78.03648226291098 -5.712488902245898 0
    endloop
  endfacet
  facet normal -0.6609868681008569 -0.3653145290966013 0.6554705600018575
    outer loop
      vertex 77.72392035114575 -5.063447404711839 0
      vertex 76.61985117567993 -5.757180047023255 -1.5
      vertex 77.89842600136491 -5.37919160325086 0
    endloop
  endfacet
  facet normal -0.6159284715476788 -0.43702455641278637 0.6554705600018568
    outer loop
      vertex 77.51515982205552 -4.769226973124516 0
      vertex 76.49570621368053 -5.582214097003712 -1.5
      vertex 77.72392035114575 -5.063447404711839 0
    endloop
  endfacet
  facet normal -0.7445502263417535 -0.12650417157270027 0.6554705600018571
    outer loop
      vertex 78.1363529981929 -6.059147894778492 0
      vertex 76.86511514161312 -6.349299639940548 -1.5
      vertex 78.19678227476814 -6.4148091428813085 0
    endloop
  endfacet
  facet normal -0.7540326240895966 -0.04234556386927502 0.6554705600018587
    outer loop
      vertex 78.19678227476814 -6.4148091428813085 0
      vertex 76.90105100686876 -6.56080299415603 -1.5
      vertex 78.21701015942189 -6.775 0
    endloop
  endfacet
  facet normal -0.7540326240895994 0.04234556386927518 0.6554705600018556
    outer loop
      vertex 78.21701015942189 -6.775 0
      vertex 76.91308005269755 -6.775 -1.5
      vertex 78.19678227476814 -7.135190857118692 0
    endloop
  endfacet
  facet normal -0.744550226341752 0.12650417157270002 0.6554705600018591
    outer loop
      vertex 78.19678227476814 -7.135190857118692 0
      vertex 76.90105100686876 -6.9891970058439705 -1.5
      vertex 78.1363529981929 -7.490852105221509 0
    endloop
  endfacet
  facet normal -0.7257046774995544 -0.20907191591918617 0.6554705600018574
    outer loop
      vertex 76.86511514161312 -6.349299639940548 -1.5
      vertex 78.1363529981929 -6.059147894778492 0
      vertex 76.80572437128667 -6.143149714749914 -1.5
    endloop
  endfacet
  facet normal -0.7445502263417852 -0.12650417157227137 0.6554705600019041
    outer loop
      vertex 76.86831739547905 -6.368146756292949 -1.5
      vertex 78.19678227476814 -6.4148091428813085 0
      vertex 76.86511514161312 -6.349299639940548 -1.5
    endloop
  endfacet
  facet normal -0.7445502263417707 -0.12650417157249633 0.6554705600018771
    outer loop
      vertex 76.87356294895046 -6.399019872774949 -1.5
      vertex 78.19678227476814 -6.4148091428813085 0
      vertex 76.87127466355781 -6.377248291573926 -1.4983974071442319
    endloop
  endfacet
  facet normal -0.7445502263416759 -0.1265041715736369 0.6554705600017647
    outer loop
      vertex 76.86831739547905 -6.368146756292949 -1.5
      vertex 76.87127466355781 -6.377248291573926 -1.4983974071442319
      vertex 78.19678227476814 -6.4148091428813085 0
    endloop
  endfacet
  facet normal -0.7445502263417528 -0.12650417157269525 0.6554705600018592
    outer loop
      vertex 76.90105100686876 -6.56080299415603 -1.5
      vertex 78.19678227476814 -6.4148091428813085 0
      vertex 76.87356294895046 -6.399019872774949 -1.5
    endloop
  endfacet
  facet normal -0.7540326240895981 -0.04234556386931419 0.6554705600018544
    outer loop
      vertex 76.91308005269755 -6.775 -1.5
      vertex 78.21701015942189 -6.775 0
      vertex 76.90105100686876 -6.56080299415603 -1.5
    endloop
  endfacet
  facet normal -0.5631244170947782 -0.5032387463645083 0.6554705600018542
    outer loop
      vertex 77.27476969887323 -4.500230301126768 0
      vertex 76.35275187821516 -5.422248121784848 -1.5
      vertex 77.51515982205552 -4.769226973124516 0
    endloop
  endfacet
  facet normal -0.7540326240895935 0.042345563869313936 0.6554705600018599
    outer loop
      vertex 76.90105100686876 -6.9891970058439705 -1.5
      vertex 78.19678227476814 -7.135190857118692 0
      vertex 76.91308005269755 -6.775 -1.5
    endloop
  endfacet
  facet normal -0.7445502263417533 0.12650417157269533 0.6554705600018585
    outer loop
      vertex 76.87356294895046 -7.1509801272250515 -1.5
      vertex 78.1363529981929 -7.490852105221509 0
      vertex 76.90105100686876 -6.9891970058439705 -1.5
    endloop
  endfacet
  facet normal -0.7445502263417948 0.12650417157249919 0.6554705600018491
    outer loop
      vertex 78.1363529981929 -7.490852105221509 0
      vertex 76.87356294895046 -7.1509801272250515 -1.5
      vertex 76.87127466355781 -7.172751708426075 -1.4983974071442319
    endloop
  endfacet
  facet normal -0.7445502263415734 0.1265041715735812 0.6554705600018919
    outer loop
      vertex 76.86831739547905 -7.181853243707052 -1.5
      vertex 78.1363529981929 -7.490852105221509 0
      vertex 76.87127466355781 -7.172751708426075 -1.4983974071442319
    endloop
  endfacet
  facet normal -0.7445502263418355 0.12650417157227992 0.6554705600018454
    outer loop
      vertex 76.86511514161312 -7.200700360059453 -1.5
      vertex 78.1363529981929 -7.490852105221509 0
      vertex 76.86831739547905 -7.181853243707052 -1.5
    endloop
  endfacet
  facet normal -0.725704677499557 0.20907191591918697 0.6554705600018541
    outer loop
      vertex 76.80572437128667 -7.406850285250087 -1.5
      vertex 78.03648226291098 -7.837511097754103 0
      vertex 76.86511514161312 -7.200700360059453 -1.5
    endloop
  endfacet
  facet normal -0.5032387463645155 -0.5631244170947693 0.6554705600018562
    outer loop
      vertex 77.00577302687549 -4.259840177944473 0
      vertex 76.19278590299629 -5.279293786319461 -1.5
      vertex 77.27476969887323 -4.500230301126768 0
    endloop
  endfacet
  facet normal -0.7257046774995481 0.20907191591920957 0.6554705600018567
    outer loop
      vertex 78.1363529981929 -7.490852105221509 0
      vertex 76.86511514161312 -7.200700360059453 -1.5
      vertex 78.03648226291098 -7.837511097754103 0
    endloop
  endfacet
  facet normal -0.697732971274139 0.28901045961663285 0.6554705600018539
    outer loop
      vertex 78.03648226291098 -7.837511097754103 0
      vertex 76.80572437128667 -7.406850285250087 -1.5
      vertex 77.89842600136491 -8.170808396749141 0
    endloop
  endfacet
  facet normal -0.6609868681008573 0.36531452909660245 0.6554705600018566
    outer loop
      vertex 77.89842600136491 -8.170808396749141 0
      vertex 76.7236255692856 -7.605054326495627 -1.5
      vertex 77.72392035114575 -8.486552595288162 0
    endloop
  endfacet
  facet normal -0.6159284715476782 0.43702455641278587 0.6554705600018577
    outer loop
      vertex 77.72392035114575 -8.486552595288162 0
      vertex 76.61985117567993 -7.792819952976746 -1.5
      vertex 77.51515982205552 -8.780773026875485 0
    endloop
  endfacet
  facet normal -0.5631244170947767 0.5032387463645069 0.6554705600018566
    outer loop
      vertex 77.51515982205552 -8.780773026875485 0
      vertex 76.49570621368053 -7.9677859029962885 -1.5
      vertex 77.27476969887323 -9.049769698873233 0
    endloop
  endfacet
  facet normal -0.5032387463645155 0.5631244170947713 0.6554705600018546
    outer loop
      vertex 77.27476969887323 -9.049769698873233 0
      vertex 76.35275187821516 -8.127751878215154 -1.5
      vertex 77.00577302687549 -9.290159822055527 0
    endloop
  endfacet
  facet normal -0.69773297127413 0.28901045961665006 0.6554705600018561
    outer loop
      vertex 76.75695724892556 -7.524584533452183 -1.5
      vertex 77.89842600136491 -8.170808396749141 0
      vertex 76.80572437128667 -7.406850285250087 -1.5
    endloop
  endfacet
  facet normal -0.6977329712741931 0.2890104596165179 0.6554705600018471
    outer loop
      vertex 76.74768559224852 -7.553119758569475 -1.4972876921207616
      vertex 77.89842600136491 -8.170808396749141 0
      vertex 76.75695724892556 -7.524584533452183 -1.5
    endloop
  endfacet
  facet normal -0.04234556386928128 0.7540326240895983 0.6554705600018563
    outer loop
      vertex 75 -8.688080052697547 -1.5
      vertex 75 -9.992010159421888 0
      vertex 75.18661462769802 -8.6776 -1.5
    endloop
  endfacet
  facet normal -0.6977329712741236 0.2890104596166672 0.6554705600018552
    outer loop
      vertex 77.89842600136491 -8.170808396749141 0
      vertex 76.74768559224852 -7.553119758569475 -1.4972876921207616
      vertex 76.73866799963066 -7.568738687145551 -1.5
    endloop
  endfacet
  facet normal -0.6977329712740646 0.2890104596167957 0.6554705600018613
    outer loop
      vertex 76.7236255692856 -7.605054326495627 -1.5
      vertex 77.89842600136491 -8.170808396749141 0
      vertex 76.73866799963066 -7.568738687145551 -1.5
    endloop
  endfacet
  facet normal -0.6609868681008505 0.36531452909661244 0.6554705600018579
    outer loop
      vertex 76.61985117567993 -7.792819952976746 -1.5
      vertex 77.72392035114575 -8.486552595288162 0
      vertex 76.7236255692856 -7.605054326495627 -1.5
    endloop
  endfacet
  facet normal -0.6159284715477261 0.4370245564127302 0.6554705600018496
    outer loop
      vertex 76.5631871838028 -7.872680375913055 -1.5
      vertex 77.51515982205552 -8.780773026875485 0
      vertex 76.61985117567993 -7.792819952976746 -1.5
    endloop
  endfacet
  facet normal -0.6159284715476424 0.43702455641283383 0.6554705600018592
    outer loop
      vertex 76.54771427423204 -7.899480241430526 -1.4966711032797928
      vertex 77.51515982205552 -8.780773026875485 0
      vertex 76.5631871838028 -7.872680375913055 -1.5
    endloop
  endfacet
  facet normal -0.6159284715475662 0.43702455641292987 0.6554705600018665
    outer loop
      vertex 76.531002151031 -7.9180409346069505 -1.5
      vertex 77.51515982205552 -8.780773026875485 0
      vertex 76.54771427423204 -7.899480241430526 -1.4966711032797928
    endloop
  endfacet
  facet normal -0.6159284715476947 0.43702455641276505 0.655470560001856
    outer loop
      vertex 76.49570621368053 -7.9677859029962885 -1.5
      vertex 77.51515982205552 -8.780773026875485 0
      vertex 76.531002151031 -7.9180409346069505 -1.5
    endloop
  endfacet
  facet normal -0.042345563869281275 -0.7540326240895981 0.6554705600018563
    outer loop
      vertex 75.18661462769802 -4.872400000000001 -1.5
      vertex 75.36019085711868 -3.5782177252318648 0
      vertex 75 -4.861919947302454 -1.5
    endloop
  endfacet
  facet normal -0.04234556386927231 -0.754032624089599 0.6554705600018561
    outer loop
      vertex 75.19997131801648 -4.872400000000001 -1.4991371136745473
      vertex 75.36019085711868 -3.5782177252318648 0
      vertex 75.18661462769802 -4.872400000000001 -1.5
    endloop
  endfacet
  facet normal -0.04234556386923843 -0.7540326240896018 0.6554705600018549
    outer loop
      vertex 75.20476739443687 -4.8734194375134265 -1.5
      vertex 75.36019085711868 -3.5782177252318648 0
      vertex 75.19997131801648 -4.872400000000001 -1.4991371136745473
    endloop
  endfacet
  facet normal -0.5631244170947993 0.503238746364486 0.6554705600018532
    outer loop
      vertex 76.35275187821516 -8.127751878215154 -1.5
      vertex 77.27476969887323 -9.049769698873233 0
      vertex 76.49570621368053 -7.9677859029962885 -1.5
    endloop
  endfacet
  facet normal -0.5032387463644348 0.5631244170948309 0.6554705600018654
    outer loop
      vertex 76.29862174038664 -8.176125526869733 -1.5
      vertex 77.00577302687549 -9.290159822055527 0
      vertex 76.35275187821516 -8.127751878215154 -1.5
    endloop
  endfacet
  facet normal -0.5032387463645142 0.5631244170947695 0.6554705600018572
    outer loop
      vertex 76.29862174038664 -8.176125526869733 -1.5
      vertex 76.28010041567454 -8.196695541886204 -1.496547778611676
      vertex 77.00577302687549 -9.290159822055527 0
    endloop
  endfacet
  facet normal -0.5032387463645612 0.5631244170947324 0.6554705600018529
    outer loop
      vertex 76.25605459791834 -8.214165851106754 -1.5
      vertex 77.00577302687549 -9.290159822055527 0
      vertex 76.28010041567454 -8.196695541886204 -1.496547778611676
    endloop
  endfacet
  facet normal -0.5032387463645311 0.5631244170947567 0.6554705600018553
    outer loop
      vertex 76.19278590299629 -8.27070621368054 -1.5
      vertex 77.00577302687549 -9.290159822055527 0
      vertex 76.25605459791834 -8.214165851106754 -1.5
    endloop
  endfacet
  facet normal -0.43702455641278576 0.615928471547682 0.655470560001854
    outer loop
      vertex 76.01781995297675 -8.394851175679934 -1.5
      vertex 76.71155259528815 -9.49892035114575 0
      vertex 76.19278590299629 -8.27070621368054 -1.5
    endloop
  endfacet
  facet normal 0.209071915919192 0.7257046774995533 0.6554705600018569
    outer loop
      vertex 74.28414789477849 -9.911352998192896 0
      vertex 74.57429963994055 -8.640115141613112 -1.5
      vertex 73.9374889022459 -9.811482262910983 0
    endloop
  endfacet
  facet normal 0.1265041715727055 0.7445502263417539 0.6554705600018559
    outer loop
      vertex 74.63980914288132 -9.971782274768136 0
      vertex 74.78580299415603 -8.67605100686876 -1.5
      vertex 74.28414789477849 -9.911352998192896 0
    endloop
  endfacet
  facet normal 0.042345563869280095 0.7540326240895983 0.6554705600018564
    outer loop
      vertex 75 -9.992010159421888 0
      vertex 75 -8.688080052697547 -1.5
      vertex 74.63980914288132 -9.971782274768136 0
    endloop
  endfacet
  facet normal 0.36531452909662204 0.6609868681008465 0.6554705600018566
    outer loop
      vertex 73.60419160325085 -9.673426001364918 0
      vertex 74.16994567350437 -8.49862556928561 -1.5
      vertex 73.28844740471185 -9.498920351145753 0
    endloop
  endfacet
  facet normal 0.4370245564127768 0.6159284715476877 0.6554705600018547
    outer loop
      vertex 73.28844740471185 -9.498920351145753 0
      vertex 73.98218004702325 -8.394851175679934 -1.5
      vertex 72.99422697312451 -9.290159822055525 0
    endloop
  endfacet
  facet normal 0.2890104596166177 0.6977329712741427 0.6554705600018568
    outer loop
      vertex 73.9374889022459 -9.811482262910983 0
      vertex 74.36814971474992 -8.580724371286667 -1.5
      vertex 73.60419160325085 -9.673426001364918 0
    endloop
  endfacet
  facet normal 0.36531452909662854 0.6609868681008431 0.6554705600018564
    outer loop
      vertex 74.04345997365122 -8.431775925109347 -1.4969177457160256
      vertex 73.28844740471185 -9.498920351145753 0
      vertex 74.07190558121066 -8.444440725565837 -1.5
    endloop
  endfacet
  facet normal 0.36531452909659273 0.6609868681008652 0.6554705600018541
    outer loop
      vertex 73.98218004702325 -8.394851175679934 -1.5
      vertex 73.28844740471185 -9.498920351145753 0
      vertex 74.02587976628841 -8.419003156809111 -1.5
    endloop
  endfacet
  facet normal 0.3653145290965943 0.6609868681008642 0.6554705600018541
    outer loop
      vertex 74.02587976628841 -8.419003156809111 -1.5
      vertex 73.28844740471185 -9.498920351145753 0
      vertex 74.04345997365122 -8.431775925109347 -1.4969177457160256
    endloop
  endfacet
  facet normal 0.43702455641278876 0.6159284715476775 0.6554705600018564
    outer loop
      vertex 73.80721409700371 -8.270706213680539 -1.5
      vertex 72.99422697312451 -9.290159822055525 0
      vertex 73.98218004702325 -8.394851175679934 -1.5
    endloop
  endfacet
  facet normal 0.04234556386927918 -0.7540326240895986 0.6554705600018562
    outer loop
      vertex 74.63980914288132 -3.5782177252318648 0
      vertex 74.78580299415603 -4.873948993131241 -1.5
      vertex 75 -3.557989840578114 0
    endloop
  endfacet
  facet normal 0.1265041715727045 -0.7445502263417534 0.6554705600018567
    outer loop
      vertex 74.28414789477849 -3.6386470018071044 0
      vertex 74.57429963994055 -4.909884858386889 -1.5
      vertex 74.63980914288132 -3.5782177252318648 0
    endloop
  endfacet
  facet normal 0.20907191591919294 -0.7257046774995533 0.6554705600018563
    outer loop
      vertex 73.9374889022459 -3.7385177370890177 0
      vertex 74.36814971474992 -4.969275628713333 -1.5
      vertex 74.28414789477849 -3.6386470018071044 0
    endloop
  endfacet
  facet normal 0.28901045961661703 -0.6977329712741432 0.6554705600018564
    outer loop
      vertex 73.60419160325085 -3.8765739986350827 0
      vertex 74.16994567350437 -5.051374430714391 -1.5
      vertex 73.9374889022459 -3.7385177370890177 0
    endloop
  endfacet
  facet normal 0.36531452909662265 -0.6609868681008475 0.655470560001855
    outer loop
      vertex 73.28844740471185 -4.051079648854248 0
      vertex 73.98218004702325 -5.155148824320067 -1.5
      vertex 73.60419160325085 -3.8765739986350827 0
    endloop
  endfacet
  facet normal 0.04234556386928129 -0.7540326240895984 0.655470560001856
    outer loop
      vertex 75 -4.861919947302454 -1.5
      vertex 75 -3.557989840578114 0
      vertex 74.81338537230198 -4.872400000000001 -1.5
    endloop
  endfacet
  facet normal 0.5631244170947783 0.5032387463645084 0.655470560001854
    outer loop
      vertex 72.72523030112677 -9.049769698873233 0
      vertex 73.64724812178484 -8.127751878215154 -1.5
      vertex 72.48484017794448 -8.780773026875485 0
    endloop
  endfacet
  facet normal 0.042345563869236234 -0.7540326240895977 0.65547056000186
    outer loop
      vertex 75 -3.557989840578114 0
      vertex 74.79523260556313 -4.8734194375134265 -1.5
      vertex 74.80002868198352 -4.872400000000001 -1.4991371136745473
    endloop
  endfacet
  facet normal 0.042345563869278874 -0.7540326240895984 0.6554705600018562
    outer loop
      vertex 74.79523260556313 -4.8734194375134265 -1.5
      vertex 75 -3.557989840578114 0
      vertex 74.78580299415603 -4.873948993131241 -1.5
    endloop
  endfacet
  facet normal 0.2890104596166146 0.6977329712741444 0.6554705600018563
    outer loop
      vertex 74.16994567350437 -8.49862556928561 -1.5
      vertex 73.60419160325085 -9.673426001364918 0
      vertex 74.36814971474992 -8.580724371286667 -1.5
    endloop
  endfacet
  facet normal 0.2090719159192769 0.7257046774995266 0.6554705600018591
    outer loop
      vertex 74.36814971474992 -8.580724371286667 -1.5
      vertex 73.9374889022459 -9.811482262910983 0
      vertex 74.39607027576379 -8.588768146345172 -1.5
    endloop
  endfacet
  facet normal 0.20907191591910504 0.7257046774995825 0.6554705600018522
    outer loop
      vertex 74.40882575211674 -8.594447250312278 -1.4977809217955436
      vertex 74.39607027576379 -8.588768146345172 -1.5
      vertex 73.9374889022459 -9.811482262910983 0
    endloop
  endfacet
  facet normal 0.36531452909661005 0.6609868681008547 0.6554705600018549
    outer loop
      vertex 74.07190558121066 -8.444440725565837 -1.5
      vertex 73.28844740471185 -9.498920351145753 0
      vertex 74.16994567350437 -8.49862556928561 -1.5
    endloop
  endfacet
  facet normal 0.503238746364521 0.5631244170947631 0.6554705600018573
    outer loop
      vertex 73.74394540208166 -8.214165851106754 -1.5
      vertex 72.72523030112677 -9.049769698873233 0
      vertex 73.80721409700371 -8.270706213680539 -1.5
    endloop
  endfacet
  facet normal 0.12650417157271251 -0.7445502263417528 0.6554705600018559
    outer loop
      vertex 74.78580299415603 -4.873948993131241 -1.5
      vertex 74.63980914288132 -3.5782177252318648 0
      vertex 74.57429963994055 -4.909884858386889 -1.5
    endloop
  endfacet
  facet normal 0.20907191591917218 -0.7257046774995584 0.6554705600018573
    outer loop
      vertex 74.57429963994055 -4.909884858386889 -1.5
      vertex 74.28414789477849 -3.6386470018071044 0
      vertex 74.43535944274639 -4.949912839639067 -1.5
    endloop
  endfacet
  facet normal 0.43702455641277493 -0.6159284715476877 0.6554705600018559
    outer loop
      vertex 72.99422697312451 -4.259840177944475 0
      vertex 73.80721409700371 -5.279293786319461 -1.5
      vertex 73.28844740471185 -4.051079648854248 0
    endloop
  endfacet
  facet normal 0.5032387463645144 -0.5631244170947721 0.6554705600018547
    outer loop
      vertex 72.72523030112677 -4.500230301126768 0
      vertex 73.64724812178484 -5.422248121784848 -1.5
      vertex 72.99422697312451 -4.259840177944475 0
    endloop
  endfacet
  facet normal 0.5631244170947768 -0.503238746364507 0.6554705600018564
    outer loop
      vertex 72.48484017794448 -4.769226973124516 0
      vertex 73.50429378631947 -5.582214097003711 -1.5
      vertex 72.72523030112677 -4.500230301126768 0
    endloop
  endfacet
  facet normal 0.615928471547681 -0.43702455641278665 0.6554705600018543
    outer loop
      vertex 72.27607964885425 -5.06344740471184 0
      vertex 73.38014882432006 -5.7571800470232555 -1.5
      vertex 72.48484017794448 -4.769226973124516 0
    endloop
  endfacet
  facet normal 0.6609868681008574 -0.3653145290966025 0.6554705600018564
    outer loop
      vertex 72.10157399863509 -5.37919160325086 0
      vertex 73.2763744307144 -5.944945673504374 -1.5
      vertex 72.27607964885425 -5.06344740471184 0
    endloop
  endfacet
  facet normal 0.6977329712741388 -0.2890104596166335 0.6554705600018539
    outer loop
      vertex 71.96351773708902 -5.712488902245898 0
      vertex 73.19427562871333 -6.143149714749914 -1.5
      vertex 72.10157399863509 -5.37919160325086 0
    endloop
  endfacet
  facet normal 0.20907191591926264 -0.7257046774995393 0.6554705600018498
    outer loop
      vertex 74.43535944274639 -4.949912839639067 -1.5
      vertex 74.28414789477849 -3.6386470018071044 0
      vertex 74.40882575211674 -4.955552749687723 -1.4977809217955436
    endloop
  endfacet
  facet normal 0.2090719159190983 -0.7257046774995726 0.6554705600018653
    outer loop
      vertex 74.40882575211674 -4.955552749687723 -1.4977809217955436
      vertex 74.28414789477849 -3.6386470018071044 0
      vertex 74.39607027576379 -4.961231853654829 -1.5
    endloop
  endfacet
  facet normal 0.20907191591923607 -0.7257046774995453 0.6554705600018517
    outer loop
      vertex 74.39607027576379 -4.961231853654829 -1.5
      vertex 74.28414789477849 -3.6386470018071044 0
      vertex 74.36814971474992 -4.969275628713333 -1.5
    endloop
  endfacet
  facet normal 0.28901045961661725 -0.6977329712741434 0.6554705600018564
    outer loop
      vertex 74.36814971474992 -4.969275628713333 -1.5
      vertex 73.9374889022459 -3.7385177370890177 0
      vertex 74.16994567350437 -5.051374430714391 -1.5
    endloop
  endfacet
  facet normal 0.36531452909660456 -0.6609868681008556 0.6554705600018571
    outer loop
      vertex 74.16994567350437 -5.051374430714391 -1.5
      vertex 73.60419160325085 -3.8765739986350827 0
      vertex 74.07190558121066 -5.105559274434163 -1.5
    endloop
  endfacet
  facet normal 0.36531452909662887 -0.6609868681008441 0.6554705600018552
    outer loop
      vertex 74.07190558121066 -5.105559274434163 -1.5
      vertex 73.60419160325085 -3.8765739986350827 0
      vertex 74.04345997365122 -5.1182240748906525 -1.4969177457160256
    endloop
  endfacet
  facet normal 0.3653145290966421 -0.660986868100838 0.6554705600018541
    outer loop
      vertex 74.04345997365122 -5.1182240748906525 -1.4969177457160256
      vertex 73.60419160325085 -3.8765739986350827 0
      vertex 74.02587976628841 -5.13099684319089 -1.5
    endloop
  endfacet
  facet normal 0.3653145290965799 -0.6609868681008663 0.6554705600018602
    outer loop
      vertex 74.02587976628841 -5.13099684319089 -1.5
      vertex 73.60419160325085 -3.8765739986350827 0
      vertex 73.98218004702325 -5.155148824320067 -1.5
    endloop
  endfacet
  facet normal 0.43702455641278765 -0.6159284715476804 0.6554705600018543
    outer loop
      vertex 73.98218004702325 -5.155148824320067 -1.5
      vertex 73.28844740471185 -4.051079648854248 0
      vertex 73.80721409700371 -5.279293786319461 -1.5
    endloop
  endfacet
  facet normal 0.5032387463645265 -0.5631244170947604 0.6554705600018554
    outer loop
      vertex 73.80721409700371 -5.279293786319461 -1.5
      vertex 72.99422697312451 -4.259840177944475 0
      vertex 73.74394540208166 -5.335834148893246 -1.5
    endloop
  endfacet
  facet normal 0.5032387463645743 -0.563124417094722 0.6554705600018518
    outer loop
      vertex 73.74394540208166 -5.335834148893246 -1.5
      vertex 72.99422697312451 -4.259840177944475 0
      vertex 73.71989958432546 -5.353304458113798 -1.496547778611676
    endloop
  endfacet
  facet normal 0.5032387463645142 -0.5631244170947695 0.6554705600018572
    outer loop
      vertex 73.70137825961336 -5.373874473130269 -1.5
      vertex 73.71989958432546 -5.353304458113798 -1.496547778611676
      vertex 72.99422697312451 -4.259840177944475 0
    endloop
  endfacet
  facet normal 0.5032387463644348 -0.5631244170948309 0.6554705600018654
    outer loop
      vertex 73.70137825961336 -5.373874473130269 -1.5
      vertex 72.99422697312451 -4.259840177944475 0
      vertex 73.64724812178484 -5.422248121784848 -1.5
    endloop
  endfacet
  facet normal 0.5631244170947963 -0.5032387463644888 0.6554705600018534
    outer loop
      vertex 73.64724812178484 -5.422248121784848 -1.5
      vertex 72.72523030112677 -4.500230301126768 0
      vertex 73.50429378631947 -5.582214097003711 -1.5
    endloop
  endfacet
  facet normal -0.36531452909656903 0.6609868681008709 0.6554705600018614
    outer loop
      vertex 75.97412023371159 -8.41900315680911 -1.5
      vertex 76.39580839674915 -9.673426001364918 0
      vertex 76.01781995297675 -8.394851175679934 -1.5
    endloop
  endfacet
  facet normal -0.3653145290966419 0.6609868681008377 0.6554705600018542
    outer loop
      vertex 75.95654002634878 -8.431775925109347 -1.4969177457160256
      vertex 76.39580839674915 -9.673426001364918 0
      vertex 75.97412023371159 -8.41900315680911 -1.5
    endloop
  endfacet
  facet normal -0.36531452909662887 0.660986868100844 0.6554705600018554
    outer loop
      vertex 75.92809441878934 -8.444440725565837 -1.5
      vertex 76.39580839674915 -9.673426001364918 0
      vertex 75.95654002634878 -8.431775925109347 -1.4969177457160256
    endloop
  endfacet
  facet normal -0.36531452909660916 0.6609868681008532 0.6554705600018569
    outer loop
      vertex 75.83005432649563 -8.49862556928561 -1.5
      vertex 76.39580839674915 -9.673426001364918 0
      vertex 75.92809441878934 -8.444440725565837 -1.5
    endloop
  endfacet
  facet normal -0.2890104596166144 0.697732971274144 0.6554705600018568
    outer loop
      vertex 75.63185028525008 -8.580724371286667 -1.5
      vertex 76.0625110977541 -9.811482262910983 0
      vertex 75.83005432649563 -8.49862556928561 -1.5
    endloop
  endfacet
  facet normal -0.04234556386927888 -0.7540326240895985 0.6554705600018562
    outer loop
      vertex 75.21419700584397 -4.873948993131241 -1.5
      vertex 75.36019085711868 -3.5782177252318648 0
      vertex 75.20476739443687 -4.8734194375134265 -1.5
    endloop
  endfacet
  facet normal 0.6159284715476986 -0.43702455641275995 0.6554705600018556
    outer loop
      vertex 73.50429378631947 -5.582214097003711 -1.5
      vertex 72.48484017794448 -4.769226973124516 0
      vertex 73.468997848969 -5.63195906539305 -1.5
    endloop
  endfacet
  facet normal 0.6159284715475662 -0.43702455641292987 0.6554705600018665
    outer loop
      vertex 73.468997848969 -5.63195906539305 -1.5
      vertex 72.48484017794448 -4.769226973124516 0
      vertex 73.45228572576796 -5.650519758569475 -1.4966711032797928
    endloop
  endfacet
  facet normal 0.6159284715476345 -0.4370245564128438 0.6554705600018599
    outer loop
      vertex 73.45228572576796 -5.650519758569475 -1.4966711032797928
      vertex 72.48484017794448 -4.769226973124516 0
      vertex 73.4368128161972 -5.677319624086945 -1.5
    endloop
  endfacet
  facet normal 0.6159284715476749 -0.43702455641279375 0.6554705600018553
    outer loop
      vertex 73.4368128161972 -5.677319624086945 -1.5
      vertex 72.48484017794448 -4.769226973124516 0
      vertex 73.38014882432006 -5.7571800470232555 -1.5
    endloop
  endfacet
  facet normal 0.6609868681008746 -0.3653145290965774 0.6554705600018532
    outer loop
      vertex 73.38014882432006 -5.7571800470232555 -1.5
      vertex 72.27607964885425 -5.06344740471184 0
      vertex 73.2763744307144 -5.944945673504374 -1.5
    endloop
  endfacet
  facet normal 0.6977329712740648 -0.2890104596167958 0.6554705600018612
    outer loop
      vertex 73.2763744307144 -5.944945673504374 -1.5
      vertex 72.10157399863509 -5.37919160325086 0
      vertex 73.26133200036934 -5.98126131285445 -1.5
    endloop
  endfacet
  facet normal 0.6977329712741234 -0.2890104596166671 0.6554705600018556
    outer loop
      vertex 72.10157399863509 -5.37919160325086 0
      vertex 73.25231440775148 -5.996880241430525 -1.4972876921207616
      vertex 73.26133200036934 -5.98126131285445 -1.5
    endloop
  endfacet
  facet normal 0.6977329712741932 -0.2890104596165179 0.655470560001847
    outer loop
      vertex 73.25231440775148 -5.996880241430525 -1.4972876921207616
      vertex 72.10157399863509 -5.37919160325086 0
      vertex 73.24304275107444 -6.025415466547818 -1.5
    endloop
  endfacet
  facet normal 0.69773297127413 -0.28901045961665006 0.655470560001856
    outer loop
      vertex 73.24304275107444 -6.025415466547818 -1.5
      vertex 72.10157399863509 -5.37919160325086 0
      vertex 73.19427562871333 -6.143149714749914 -1.5
    endloop
  endfacet
  facet normal -0.12650417157271235 -0.7445502263417518 0.655470560001857
    outer loop
      vertex 75.42570036005945 -4.909884858386889 -1.5
      vertex 75.71585210522151 -3.6386470018071044 0
      vertex 75.21419700584397 -4.873948993131241 -1.5
    endloop
  endfacet
  facet normal -0.28901045961661703 -0.6977329712741432 0.6554705600018563
    outer loop
      vertex 76.0625110977541 -3.7385177370890177 0
      vertex 75.63185028525008 -4.969275628713333 -1.5
      vertex 76.39580839674915 -3.8765739986350827 0
    endloop
  endfacet
  facet normal -0.4370245564127707 -0.6159284715476921 0.6554705600018544
    outer loop
      vertex 76.71155259528815 -4.05107964885425 0
      vertex 76.01781995297675 -5.155148824320067 -1.5
      vertex 77.00577302687549 -4.259840177944473 0
    endloop
  endfacet
  facet normal -0.3653145290966249 -0.6609868681008448 0.6554705600018564
    outer loop
      vertex 76.39580839674915 -3.8765739986350827 0
      vertex 75.83005432649563 -5.051374430714391 -1.5
      vertex 76.71155259528815 -4.05107964885425 0
    endloop
  endfacet
  facet normal -0.04234556386927918 -0.7540326240895986 0.6554705600018561
    outer loop
      vertex 75 -3.557989840578114 0
      vertex 75 -4.861919947302454 -1.5
      vertex 75.36019085711868 -3.5782177252318648 0
    endloop
  endfacet
  facet normal -0.12650417157270458 -0.7445502263417539 0.6554705600018561
    outer loop
      vertex 75.36019085711868 -3.5782177252318648 0
      vertex 75.21419700584397 -4.873948993131241 -1.5
      vertex 75.71585210522151 -3.6386470018071044 0
    endloop
  endfacet
  facet normal 0.5032387463645577 0.5631244170947257 0.6554705600018614
    outer loop
      vertex 73.71989958432546 -8.196695541886204 -1.496547778611676
      vertex 72.72523030112677 -9.049769698873233 0
      vertex 73.74394540208166 -8.214165851106754 -1.5
    endloop
  endfacet
  facet normal 0.5032387463645142 0.5631244170947695 0.6554705600018573
    outer loop
      vertex 73.70137825961336 -8.176125526869733 -1.5
      vertex 72.72523030112677 -9.049769698873233 0
      vertex 73.71989958432546 -8.196695541886204 -1.496547778611676
    endloop
  endfacet
  facet normal 0.5032387463644428 0.5631244170948397 0.6554705600018518
    outer loop
      vertex 73.64724812178484 -8.127751878215154 -1.5
      vertex 72.72523030112677 -9.049769698873233 0
      vertex 73.70137825961336 -8.176125526869733 -1.5
    endloop
  endfacet
  facet normal -0.20907191591919283 -0.7257046774995529 0.6554705600018568
    outer loop
      vertex 75.71585210522151 -3.6386470018071044 0
      vertex 75.42570036005945 -4.909884858386889 -1.5
      vertex 76.0625110977541 -3.7385177370890177 0
    endloop
  endfacet
  facet normal 0.5631244170947954 0.5032387463644853 0.6554705600018572
    outer loop
      vertex 73.50429378631947 -7.967785902996289 -1.5
      vertex 72.48484017794448 -8.780773026875485 0
      vertex 73.64724812178484 -8.127751878215154 -1.5
    endloop
  endfacet
  facet normal -0.36531452909662565 0.6609868681008463 0.6554705600018548
    outer loop
      vertex 76.71155259528815 -9.49892035114575 0
      vertex 76.01781995297675 -8.394851175679934 -1.5
      vertex 76.39580839674915 -9.673426001364918 0
    endloop
  endfacet
  facet normal 0.6159284715476956 0.43702455641275784 0.6554705600018598
    outer loop
      vertex 73.468997848969 -7.9180409346069505 -1.5
      vertex 72.27607964885425 -8.48655259528816 0
      vertex 73.50429378631947 -7.967785902996289 -1.5
    endloop
  endfacet
  facet normal -0.209071915919192 0.7257046774995533 0.6554705600018568
    outer loop
      vertex 76.0625110977541 -9.811482262910983 0
      vertex 75.63185028525008 -8.580724371286667 -1.5
      vertex 75.71585210522151 -9.911352998192896 0
    endloop
  endfacet
  facet normal -0.12650417157270538 0.7445502263417532 0.6554705600018567
    outer loop
      vertex 75.71585210522151 -9.911352998192896 0
      vertex 75.42570036005945 -8.640115141613112 -1.5
      vertex 75.36019085711868 -9.971782274768136 0
    endloop
  endfacet
  facet normal 0.6159284715475811 0.43702455641294785 0.6554705600018408
    outer loop
      vertex 73.45228572576796 -7.899480241430526 -1.4966711032797928
      vertex 72.27607964885425 -8.48655259528816 0
      vertex 73.468997848969 -7.9180409346069505 -1.5
    endloop
  endfacet
  facet normal 0.6159284715476429 0.4370245564128473 0.6554705600018499
    outer loop
      vertex 73.4368128161972 -7.872680375913056 -1.5
      vertex 72.27607964885425 -8.48655259528816 0
      vertex 73.45228572576796 -7.899480241430526 -1.4966711032797928
    endloop
  endfacet
  facet normal -0.04234556386928011 0.7540326240895986 0.6554705600018561
    outer loop
      vertex 75.36019085711868 -9.971782274768136 0
      vertex 75.21419700584397 -8.67605100686876 -1.5
      vertex 75 -9.992010159421888 0
    endloop
  endfacet
  facet normal -0.20907191591927984 0.7257046774995368 0.655470560001847
    outer loop
      vertex 75.60392972423621 -8.588768146345172 -1.5
      vertex 75.71585210522151 -9.911352998192896 0
      vertex 75.63185028525008 -8.580724371286667 -1.5
    endloop
  endfacet
  facet normal -0.2090719159190984 0.7257046774995727 0.655470560001865
    outer loop
      vertex 75.59117424788326 -8.594447250312278 -1.4977809217955436
      vertex 75.71585210522151 -9.911352998192896 0
      vertex 75.60392972423621 -8.588768146345172 -1.5
    endloop
  endfacet
  facet normal -0.20907191591923951 0.725704677499544 0.6554705600018517
    outer loop
      vertex 75.56464055725361 -8.600087160360934 -1.5
      vertex 75.71585210522151 -9.911352998192896 0
      vertex 75.59117424788326 -8.594447250312278 -1.4977809217955436
    endloop
  endfacet
  facet normal -0.20907191591917218 0.7257046774995584 0.6554705600018573
    outer loop
      vertex 75.42570036005945 -8.640115141613112 -1.5
      vertex 75.71585210522151 -9.911352998192896 0
      vertex 75.56464055725361 -8.600087160360934 -1.5
    endloop
  endfacet
  facet normal 0.725704677499548 -0.2090719159192101 0.6554705600018567
    outer loop
      vertex 71.8636470018071 -6.059147894778491 0
      vertex 73.13488485838688 -6.349299639940547 -1.5
      vertex 71.96351773708902 -5.712488902245898 0
    endloop
  endfacet
  facet normal 0.6159284715476759 0.4370245564127945 0.6554705600018539
    outer loop
      vertex 73.38014882432006 -7.792819952976745 -1.5
      vertex 72.27607964885425 -8.48655259528816 0
      vertex 73.4368128161972 -7.872680375913056 -1.5
    endloop
  endfacet
  facet normal 0.6609868681008714 0.3653145290965757 0.6554705600018574
    outer loop
      vertex 73.2763744307144 -7.605054326495627 -1.5
      vertex 72.10157399863509 -8.170808396749141 0
      vertex 73.38014882432006 -7.792819952976745 -1.5
    endloop
  endfacet
  facet normal 0.6977329712740843 0.2890104596168039 0.6554705600018368
    outer loop
      vertex 73.26133200036934 -7.568738687145551 -1.5
      vertex 71.96351773708902 -7.837511097754103 0
      vertex 73.2763744307144 -7.605054326495627 -1.5
    endloop
  endfacet
  facet normal 0.7445502263417522 -0.1265041715726991 0.655470560001859
    outer loop
      vertex 71.80321772523186 -6.41480914288131 0
      vertex 73.09894899313124 -6.560802994156031 -1.5
      vertex 71.8636470018071 -6.059147894778491 0
    endloop
  endfacet
  facet normal 0.7540326240895994 -0.04234556386927539 0.6554705600018556
    outer loop
      vertex 71.78298984057811 -6.775 0
      vertex 73.08691994730245 -6.775 -1.5
      vertex 71.80321772523186 -6.41480914288131 0
    endloop
  endfacet
  facet normal 0.7540326240895966 0.04234556386927524 0.6554705600018587
    outer loop
      vertex 71.80321772523186 -7.13519085711869 0
      vertex 73.09894899313124 -6.98919700584397 -1.5
      vertex 71.78298984057811 -6.775 0
    endloop
  endfacet
  facet normal 0.7445502263417538 0.1265041715726994 0.6554705600018572
    outer loop
      vertex 71.8636470018071 -7.49085210522151 0
      vertex 73.13488485838688 -7.200700360059454 -1.5
      vertex 71.80321772523186 -7.13519085711869 0
    endloop
  endfacet
  facet normal 0.7257046774995569 -0.2090719159191878 0.6554705600018541
    outer loop
      vertex 73.19427562871333 -6.143149714749914 -1.5
      vertex 71.96351773708902 -5.712488902245898 0
      vertex 73.13488485838688 -6.349299639940547 -1.5
    endloop
  endfacet
  facet normal 0.7445502263418355 -0.12650417157227992 0.6554705600018454
    outer loop
      vertex 73.13488485838688 -6.349299639940547 -1.5
      vertex 71.8636470018071 -6.059147894778491 0
      vertex 73.13168260452095 -6.368146756292948 -1.5
    endloop
  endfacet
  facet normal 0.6977329712741275 0.28901045961666993 0.6554705600018501
    outer loop
      vertex 73.25231440775148 -7.553119758569475 -1.4972876921207616
      vertex 71.96351773708902 -7.837511097754103 0
      vertex 73.26133200036934 -7.568738687145551 -1.5
    endloop
  endfacet
  facet normal 0.6977329712741782 0.2890104596165147 0.6554705600018644
    outer loop
      vertex 73.24304275107444 -7.524584533452183 -1.5
      vertex 71.96351773708902 -7.837511097754103 0
      vertex 73.25231440775148 -7.553119758569475 -1.4972876921207616
    endloop
  endfacet
  facet normal 0.7445502263415757 -0.1265041715735697 0.6554705600018914
    outer loop
      vertex 73.13168260452095 -6.368146756292948 -1.5
      vertex 71.8636470018071 -6.059147894778491 0
      vertex 73.12872533644219 -6.377248291573926 -1.4983974071442319
    endloop
  endfacet
  facet normal 0.7445502263417961 -0.12650417157249416 0.6554705600018487
    outer loop
      vertex 71.8636470018071 -6.059147894778491 0
      vertex 73.12643705104954 -6.39901987277495 -1.5
      vertex 73.12872533644219 -6.377248291573926 -1.4983974071442319
    endloop
  endfacet
  facet normal 0.7445502263417532 -0.12650417157269533 0.6554705600018587
    outer loop
      vertex 73.12643705104954 -6.39901987277495 -1.5
      vertex 71.8636470018071 -6.059147894778491 0
      vertex 73.09894899313124 -6.560802994156031 -1.5
    endloop
  endfacet
  facet normal 0.7540326240895934 -0.0423455638693141 0.6554705600018598
    outer loop
      vertex 73.09894899313124 -6.560802994156031 -1.5
      vertex 71.80321772523186 -6.41480914288131 0
      vertex 73.08691994730245 -6.775 -1.5
    endloop
  endfacet
  facet normal -0.1265041715727156 0.7445502263417524 0.6554705600018556
    outer loop
      vertex 75.21419700584397 -8.67605100686876 -1.5
      vertex 75.36019085711868 -9.971782274768136 0
      vertex 75.42570036005945 -8.640115141613112 -1.5
    endloop
  endfacet
  facet normal -0.0423455638692077 0.7540326240895957 0.655470560001864
    outer loop
      vertex 75.20476739443687 -8.676580562486574 -1.5
      vertex 75 -9.992010159421888 0
      vertex 75.21419700584397 -8.67605100686876 -1.5
    endloop
  endfacet
  facet normal -0.042345563869272386 0.7540326240895979 0.6554705600018572
    outer loop
      vertex 75.18661462769802 -8.6776 -1.5
      vertex 75 -9.992010159421888 0
      vertex 75.19997131801648 -8.6776 -1.4991371136745473
    endloop
  endfacet
  facet normal 0.7540326240895981 0.04234556386931437 0.6554705600018544
    outer loop
      vertex 73.08691994730245 -6.775 -1.5
      vertex 71.78298984057811 -6.775 0
      vertex 73.09894899313124 -6.98919700584397 -1.5
    endloop
  endfacet
  facet normal 0.7445502263417528 0.12650417157269525 0.6554705600018592
    outer loop
      vertex 73.09894899313124 -6.98919700584397 -1.5
      vertex 71.80321772523186 -7.13519085711869 0
      vertex 73.12643705104954 -7.150980127225051 -1.5
    endloop
  endfacet
  facet normal 0.744550226341677 0.1265041715736247 0.6554705600017658
    outer loop
      vertex 73.13168260452095 -7.181853243707053 -1.5
      vertex 73.12872533644219 -7.172751708426075 -1.4983974071442319
      vertex 71.80321772523186 -7.13519085711869 0
    endloop
  endfacet
  facet normal 0.7445502263417713 0.12650417157249125 0.6554705600018776
    outer loop
      vertex 73.12643705104954 -7.150980127225051 -1.5
      vertex 71.80321772523186 -7.13519085711869 0
      vertex 73.12872533644219 -7.172751708426075 -1.4983974071442319
    endloop
  endfacet
  facet normal 0.7445502263417854 0.12650417157227137 0.655470560001904
    outer loop
      vertex 73.13168260452095 -7.181853243707053 -1.5
      vertex 71.80321772523186 -7.13519085711869 0
      vertex 73.13488485838688 -7.200700360059454 -1.5
    endloop
  endfacet
  facet normal 0.7257046774995541 0.20907191591918703 0.6554705600018573
    outer loop
      vertex 73.13488485838688 -7.200700360059454 -1.5
      vertex 71.8636470018071 -7.49085210522151 0
      vertex 73.19427562871333 -7.406850285250087 -1.5
    endloop
  endfacet
  facet normal 0.6977329712741321 0.28901045961665095 0.6554705600018534
    outer loop
      vertex 73.19427562871333 -7.406850285250087 -1.5
      vertex 71.96351773708902 -7.837511097754103 0
      vertex 73.24304275107444 -7.524584533452183 -1.5
    endloop
  endfacet
  facet normal 0.5032387463645126 0.5631244170947722 0.6554705600018559
    outer loop
      vertex 72.99422697312451 -9.290159822055525 0
      vertex 73.80721409700371 -8.270706213680539 -1.5
      vertex 72.72523030112677 -9.049769698873233 0
    endloop
  endfacet
  facet normal 0.7257046774995496 0.20907191591921054 0.6554705600018548
    outer loop
      vertex 71.96351773708902 -7.837511097754103 0
      vertex 73.19427562871333 -7.406850285250087 -1.5
      vertex 71.8636470018071 -7.49085210522151 0
    endloop
  endfacet
  facet normal 0.6977329712741371 0.2890104596166321 0.6554705600018564
    outer loop
      vertex 72.10157399863509 -8.170808396749141 0
      vertex 73.2763744307144 -7.605054326495627 -1.5
      vertex 71.96351773708902 -7.837511097754103 0
    endloop
  endfacet
  facet normal 0.6609868681008585 0.36531452909660517 0.6554705600018539
    outer loop
      vertex 72.27607964885425 -8.48655259528816 0
      vertex 73.38014882432006 -7.792819952976745 -1.5
      vertex 72.10157399863509 -8.170808396749141 0
    endloop
  endfacet
  facet normal 0.04234556386927237 -0.7540326240895983 0.655470560001857
    outer loop
      vertex 74.81338537230198 -4.872400000000001 -1.5
      vertex 75 -3.557989840578114 0
      vertex 74.80002868198352 -4.872400000000001 -1.4991371136745473
    endloop
  endfacet
  facet normal -0.9510565162952415 0.3090169943746765 0
    outer loop
      vertex 136.8712746635578 6.377248291573926 -1.4983974071442319
      vertex 136.8712746635578 6.377248291573926 -1.5
      vertex 136.86831739547907 6.368146756292949 -1.5
    endloop
  endfacet
  facet normal -0.7431448254776627 -0.6691306063585601 0
    outer loop
      vertex 136.28010041567455 8.196695541886204 -1.496547778611676
      vertex 136.28010041567455 8.196695541886204 -1.5
      vertex 136.29862174038664 8.176125526869733 -1.5
    endloop
  endfacet
  facet normal -0.7431448254775256 -0.6691306063587124 0
    outer loop
      vertex 136.54771427423202 7.899480241430526 -1.5
      vertex 136.54771427423202 7.899480241430526 -1.4966711032797928
      vertex 136.531002151031 7.9180409346069505 -1.5
    endloop
  endfacet
  facet normal -0.8660254037841917 -0.5000000000004279 0
    outer loop
      vertex 136.54771427423202 7.899480241430526 -1.4966711032797928
      vertex 136.54771427423202 7.899480241430526 -1.5
      vertex 136.5631871838028 7.872680375913055 -1.5
    endloop
  endfacet
  facet normal -0.8660254037844145 -0.5000000000000419 0
    outer loop
      vertex 136.7476855922485 7.553119758569475 -1.5
      vertex 136.7476855922485 7.553119758569475 -1.4972876921207616
      vertex 136.73866799963065 7.568738687145551 -1.5
    endloop
  endfacet
  facet normal -0.9510565162949227 -0.3090169943756577 0
    outer loop
      vertex 136.7476855922485 7.553119758569475 -1.4972876921207616
      vertex 136.7476855922485 7.553119758569475 -1.5
      vertex 136.75695724892557 7.524584533452183 -1.5
    endloop
  endfacet
  facet normal -0.5877852522923048 -0.8090169943750696 0
    outer loop
      vertex 136.28010041567455 8.196695541886204 -1.5
      vertex 136.28010041567455 8.196695541886204 -1.496547778611676
      vertex 136.25605459791834 8.214165851106754 -1.5
    endloop
  endfacet
  facet normal -0.40673664307581137 -0.9135454576425958 0
    outer loop
      vertex 135.95654002634876 8.431775925109347 -1.4969177457160256
      vertex 135.92809441878933 8.444440725565837 -1.5
      vertex 135.95654002634876 8.431775925109347 -1.5
    endloop
  endfacet
  facet normal -0.5877852522925272 -0.809016994374908 0
    outer loop
      vertex 135.95654002634876 8.431775925109347 -1.4969177457160256
      vertex 135.95654002634876 8.431775925109347 -1.5
      vertex 135.97412023371157 8.41900315680911 -1.5
    endloop
  endfacet
  facet normal 0.9510565162952503 -0.3090169943746492 0
    outer loop
      vertex 133.1287253364422 7.172751708426075 -1.4983974071442319
      vertex 133.1287253364422 7.172751708426075 -1.5
      vertex 133.13168260452093 7.181853243707053 -1.5
    endloop
  endfacet
  facet normal 0.9945218953682365 -0.10452846326800426 0
    outer loop
      vertex 133.1287253364422 7.172751708426075 -1.4983974071442319
      vertex 133.12643705104952 7.150980127225051 -1.5
      vertex 133.1287253364422 7.172751708426075 -1.5
    endloop
  endfacet
  facet normal 0.9945218953682365 0.10452846326800426 0
    outer loop
      vertex 133.1287253364422 6.377248291573926 -1.4983974071442319
      vertex 133.1287253364422 6.377248291573926 -1.5
      vertex 133.12643705104952 6.39901987277495 -1.5
    endloop
  endfacet
  facet normal 0.9510565162952503 0.3090169943746492 0
    outer loop
      vertex 133.1287253364422 6.377248291573926 -1.4983974071442319
      vertex 133.13168260452093 6.368146756292948 -1.5
      vertex 133.1287253364422 6.377248291573926 -1.5
    endloop
  endfacet
  facet normal 0.9510565162949227 0.3090169943756577 0
    outer loop
      vertex 133.2523144077515 5.996880241430525 -1.4972876921207616
      vertex 133.2523144077515 5.996880241430525 -1.5
      vertex 133.24304275107443 6.025415466547818 -1.5
    endloop
  endfacet
  facet normal -0.8660254037844145 0.5000000000000419 0
    outer loop
      vertex 136.7476855922485 5.996880241430525 -1.4972876921207616
      vertex 136.7476855922485 5.996880241430525 -1.5
      vertex 136.73866799963065 5.98126131285445 -1.5
    endloop
  endfacet
  facet normal -0.8660254037841917 0.5000000000004279 0
    outer loop
      vertex 136.54771427423202 5.650519758569475 -1.5
      vertex 136.54771427423202 5.650519758569475 -1.4966711032797928
      vertex 136.5631871838028 5.6773196240869455 -1.5
    endloop
  endfacet
  facet normal -0.7431448254775256 0.6691306063587124 0
    outer loop
      vertex 136.54771427423202 5.650519758569475 -1.4966711032797928
      vertex 136.54771427423202 5.650519758569475 -1.5
      vertex 136.531002151031 5.63195906539305 -1.5
    endloop
  endfacet
  facet normal -0.20791169081734512 -0.9781476007338936 0
    outer loop
      vertex 135.19997131801648 8.6776 -1.4991371136745473
      vertex 135.19997131801648 8.6776 -1.5
      vertex 135.20476739443689 8.676580562486574 -1.5
    endloop
  endfacet
  facet normal 0 -1 0
    outer loop
      vertex 135.19997131801648 8.6776 -1.4991371136745473
      vertex 135.18661462769802 8.6776 -1.5
      vertex 135.19997131801648 8.6776 -1.5
    endloop
  endfacet
  facet normal 0 -1 0
    outer loop
      vertex 134.80002868198352 8.6776 -1.4991371136745473
      vertex 134.80002868198352 8.6776 -1.5
      vertex 134.81338537230198 8.6776 -1.5
    endloop
  endfacet
  facet normal 0.20791169081734512 -0.9781476007338936 0
    outer loop
      vertex 134.80002868198352 8.6776 -1.4991371136745473
      vertex 134.79523260556311 8.676580562486574 -1.5
      vertex 134.80002868198352 8.6776 -1.5
    endloop
  endfacet
  facet normal -0.406736643076037 -0.9135454576424956 0
    outer loop
      vertex 135.59117424788326 8.594447250312278 -1.4977809217955436
      vertex 135.59117424788326 8.594447250312278 -1.5
      vertex 135.6039297242362 8.588768146345172 -1.5
    endloop
  endfacet
  facet normal -0.2079116908177012 -0.978147600733818 0
    outer loop
      vertex 135.59117424788326 8.594447250312278 -1.4977809217955436
      vertex 135.5646405572536 8.600087160360934 -1.5
      vertex 135.59117424788326 8.594447250312278 -1.5
    endloop
  endfacet
  facet normal 0.2079116908177012 -0.978147600733818 0
    outer loop
      vertex 134.40882575211674 8.594447250312278 -1.4977809217955436
      vertex 134.40882575211674 8.594447250312278 -1.5
      vertex 134.4353594427464 8.600087160360934 -1.5
    endloop
  endfacet
  facet normal 0.406736643076037 -0.9135454576424956 0
    outer loop
      vertex 134.40882575211674 8.594447250312278 -1.4977809217955436
      vertex 134.3960702757638 8.588768146345172 -1.5
      vertex 134.40882575211674 8.594447250312278 -1.5
    endloop
  endfacet
  facet normal 0.40673664307581137 -0.9135454576425958 0
    outer loop
      vertex 134.04345997365124 8.431775925109347 -1.4969177457160256
      vertex 134.04345997365124 8.431775925109347 -1.5
      vertex 134.07190558121067 8.444440725565837 -1.5
    endloop
  endfacet
  facet normal 0.5877852522924738 -0.809016994374947 0
    outer loop
      vertex 134.04345997365124 8.431775925109347 -1.4969177457160256
      vertex 134.02587976628843 8.419003156809111 -1.5
      vertex 134.04345997365124 8.431775925109347 -1.5
    endloop
  endfacet
  facet normal 0.5877852522923048 -0.8090169943750696 0
    outer loop
      vertex 133.71989958432545 8.196695541886204 -1.496547778611676
      vertex 133.71989958432545 8.196695541886204 -1.5
      vertex 133.74394540208166 8.214165851106754 -1.5
    endloop
  endfacet
  facet normal -0.20791169081734512 0.9781476007338936 0
    outer loop
      vertex 135.19997131801648 4.872400000000001 -1.5
      vertex 135.19997131801648 4.872400000000001 -1.4991371136745473
      vertex 135.20476739443689 4.8734194375134265 -1.5
    endloop
  endfacet
  facet normal -0.7431448254776627 0.6691306063585601 0
    outer loop
      vertex 136.28010041567455 5.353304458113798 -1.496547778611676
      vertex 136.29862174038664 5.373874473130269 -1.5
      vertex 136.28010041567455 5.353304458113798 -1.5
    endloop
  endfacet
  facet normal -0.5877852522923245 0.8090169943750555 9.948398001335234e-17
    outer loop
      vertex 136.25605459791834 5.335834148893246 -1.5
      vertex 136.28010041567455 5.353304458113798 -1.496547778611676
      vertex 136.28010041567455 5.353304458113798 -1.5
    endloop
  endfacet
  facet normal -0.5877852522925272 0.809016994374908 0
    outer loop
      vertex 135.95654002634876 5.1182240748906525 -1.5
      vertex 135.95654002634876 5.1182240748906525 -1.4969177457160256
      vertex 135.97412023371157 5.13099684319089 -1.5
    endloop
  endfacet
  facet normal -0.40673664307581137 0.9135454576425958 0
    outer loop
      vertex 135.95654002634876 5.1182240748906525 -1.4969177457160256
      vertex 135.95654002634876 5.1182240748906525 -1.5
      vertex 135.92809441878933 5.105559274434163 -1.5
    endloop
  endfacet
  facet normal 0.7431448254776627 0.6691306063585601 0
    outer loop
      vertex 133.71989958432545 5.353304458113798 -1.496547778611676
      vertex 133.71989958432545 5.353304458113798 -1.5
      vertex 133.70137825961336 5.373874473130269 -1.5
    endloop
  endfacet
  facet normal 0.5877852522923245 0.8090169943750555 0
    outer loop
      vertex 133.71989958432545 5.353304458113798 -1.496547778611676
      vertex 133.74394540208166 5.335834148893246 -1.5
      vertex 133.71989958432545 5.353304458113798 -1.5
    endloop
  endfacet
  facet normal 0.8660254037844145 0.5000000000000419 0
    outer loop
      vertex 133.2523144077515 5.996880241430525 -1.4972876921207616
      vertex 133.26133200036935 5.98126131285445 -1.5
      vertex 133.2523144077515 5.996880241430525 -1.5
    endloop
  endfacet
  facet normal 0.7431448254775256 0.6691306063587124 0
    outer loop
      vertex 133.45228572576798 5.650519758569475 -1.5
      vertex 133.45228572576798 5.650519758569475 -1.4966711032797928
      vertex 133.468997848969 5.63195906539305 -1.5
    endloop
  endfacet
  facet normal 0.8660254037841845 0.5000000000004403 0
    outer loop
      vertex 133.45228572576798 5.650519758569475 -1.4966711032797928
      vertex 133.45228572576798 5.650519758569475 -1.5
      vertex 133.4368128161972 5.677319624086945 -1.5
    endloop
  endfacet
  facet normal -0.406736643076037 0.9135454576424956 0
    outer loop
      vertex 135.59117424788326 4.955552749687723 -1.5
      vertex 135.59117424788326 4.955552749687723 -1.4977809217955436
      vertex 135.6039297242362 4.961231853654829 -1.5
    endloop
  endfacet
  facet normal -0.20791169081773253 0.9781476007338112 0
    outer loop
      vertex 135.59117424788326 4.955552749687723 -1.4977809217955436
      vertex 135.59117424788326 4.955552749687723 -1.5
      vertex 135.5646405572536 4.949912839639067 -1.5
    endloop
  endfacet
  facet normal 0.5877852522925272 0.809016994374908 0
    outer loop
      vertex 134.04345997365124 5.1182240748906525 -1.4969177457160256
      vertex 134.04345997365124 5.1182240748906525 -1.5
      vertex 134.02587976628843 5.13099684319089 -1.5
    endloop
  endfacet
  facet normal 0.7431448254776627 -0.6691306063585601 0
    outer loop
      vertex 133.71989958432545 8.196695541886204 -1.496547778611676
      vertex 133.70137825961336 8.176125526869733 -1.5
      vertex 133.71989958432545 8.196695541886204 -1.5
    endloop
  endfacet
  facet normal 0.7431448254775256 -0.6691306063587124 0
    outer loop
      vertex 133.45228572576798 7.899480241430526 -1.4966711032797928
      vertex 133.45228572576798 7.899480241430526 -1.5
      vertex 133.468997848969 7.9180409346069505 -1.5
    endloop
  endfacet
  facet normal 0.8660254037841845 -0.5000000000004403 0
    outer loop
      vertex 133.45228572576798 7.899480241430526 -1.4966711032797928
      vertex 133.4368128161972 7.872680375913056 -1.5
      vertex 133.45228572576798 7.899480241430526 -1.5
    endloop
  endfacet
  facet normal 0.8660254037844145 -0.5000000000000419 0
    outer loop
      vertex 133.2523144077515 7.553119758569475 -1.4972876921207616
      vertex 133.2523144077515 7.553119758569475 -1.5
      vertex 133.26133200036935 7.568738687145551 -1.5
    endloop
  endfacet
  facet normal 0.9510565162949227 -0.3090169943756577 0
    outer loop
      vertex 133.2523144077515 7.553119758569475 -1.4972876921207616
      vertex 133.24304275107443 7.524584533452183 -1.5
      vertex 133.2523144077515 7.553119758569475 -1.5
    endloop
  endfacet
  facet normal -0.9510565162952415 -0.3090169943746765 0
    outer loop
      vertex 136.8712746635578 7.172751708426075 -1.5
      vertex 136.8712746635578 7.172751708426075 -1.4983974071442319
      vertex 136.86831739547907 7.181853243707052 -1.5
    endloop
  endfacet
  facet normal 0.40673664307581137 0.9135454576425958 0
    outer loop
      vertex 134.04345997365124 5.1182240748906525 -1.5
      vertex 134.04345997365124 5.1182240748906525 -1.4969177457160256
      vertex 134.07190558121067 5.105559274434163 -1.5
    endloop
  endfacet
  facet normal 0.406736643076037 0.9135454576424956 0
    outer loop
      vertex 134.40882575211674 4.955552749687723 -1.4977809217955436
      vertex 134.40882575211674 4.955552749687723 -1.5
      vertex 134.3960702757638 4.961231853654829 -1.5
    endloop
  endfacet
  facet normal 0.20791169081773253 0.9781476007338112 0
    outer loop
      vertex 134.40882575211674 4.955552749687723 -1.4977809217955436
      vertex 134.4353594427464 4.949912839639067 -1.5
      vertex 134.40882575211674 4.955552749687723 -1.5
    endloop
  endfacet
  facet normal -0.9945218953682359 0.10452846326800845 0
    outer loop
      vertex 136.8712746635578 6.377248291573926 -1.5
      vertex 136.8712746635578 6.377248291573926 -1.4983974071442319
      vertex 136.87356294895048 6.399019872774949 -1.5
    endloop
  endfacet
  facet normal -0.9945218953682359 -0.10452846326800845 0
    outer loop
      vertex 136.8712746635578 7.172751708426075 -1.4983974071442319
      vertex 136.8712746635578 7.172751708426075 -1.5
      vertex 136.87356294895048 7.1509801272250515 -1.5
    endloop
  endfacet
  facet normal 0 1 0
    outer loop
      vertex 135.19997131801648 4.872400000000001 -1.4991371136745473
      vertex 135.19997131801648 4.872400000000001 -1.5
      vertex 135.18661462769802 4.872400000000001 -1.5
    endloop
  endfacet
  facet normal 0 1 0
    outer loop
      vertex 134.80002868198352 4.872400000000001 -1.5
      vertex 134.80002868198352 4.872400000000001 -1.4991371136745473
      vertex 134.81338537230198 4.872400000000001 -1.5
    endloop
  endfacet
  facet normal 0.20791169081734512 0.9781476007338936 0
    outer loop
      vertex 134.80002868198352 4.872400000000001 -1.4991371136745473
      vertex 134.80002868198352 4.872400000000001 -1.5
      vertex 134.79523260556311 4.8734194375134265 -1.5
    endloop
  endfacet
  facet normal -0.9510565162949227 0.3090169943756577 0
    outer loop
      vertex 136.7476855922485 5.996880241430525 -1.5
      vertex 136.7476855922485 5.996880241430525 -1.4972876921207616
      vertex 136.75695724892557 6.025415466547818 -1.5
    endloop
  endfacet
  facet normal -0.8660254037844145 0.5000000000000419 0
    outer loop
      vertex 136.7476855922485 -7.553119758569475 -1.4972876921207616
      vertex 136.7476855922485 -7.553119758569475 -1.5
      vertex 136.73866799963065 -7.568738687145551 -1.5
    endloop
  endfacet
  facet normal -0.7431448254775256 0.6691306063587124 0
    outer loop
      vertex 136.54771427423202 -7.899480241430526 -1.4966711032797928
      vertex 136.54771427423202 -7.899480241430526 -1.5
      vertex 136.531002151031 -7.9180409346069505 -1.5
    endloop
  endfacet
  facet normal -0.7431448254776627 0.6691306063585601 0
    outer loop
      vertex 136.28010041567455 -8.196695541886204 -1.5
      vertex 136.28010041567455 -8.196695541886204 -1.496547778611676
      vertex 136.29862174038664 -8.176125526869733 -1.5
    endloop
  endfacet
  facet normal -0.5877852522923048 0.8090169943750696 0
    outer loop
      vertex 136.28010041567455 -8.196695541886204 -1.496547778611676
      vertex 136.28010041567455 -8.196695541886204 -1.5
      vertex 136.25605459791834 -8.214165851106754 -1.5
    endloop
  endfacet
  facet normal -0.5877852522925272 -0.809016994374908 0
    outer loop
      vertex 135.95654002634876 -5.1182240748906525 -1.4969177457160256
      vertex 135.95654002634876 -5.1182240748906525 -1.5
      vertex 135.97412023371157 -5.13099684319089 -1.5
    endloop
  endfacet
  facet normal -0.5877852522923245 -0.8090169943750555 0
    outer loop
      vertex 136.28010041567455 -5.353304458113798 -1.5
      vertex 136.28010041567455 -5.353304458113798 -1.496547778611676
      vertex 136.25605459791834 -5.335834148893246 -1.5
    endloop
  endfacet
  facet normal -0.7431448254776627 -0.6691306063585601 0
    outer loop
      vertex 136.28010041567455 -5.353304458113798 -1.496547778611676
      vertex 136.28010041567455 -5.353304458113798 -1.5
      vertex 136.29862174038664 -5.373874473130269 -1.5
    endloop
  endfacet
  facet normal -0.7431448254775256 -0.6691306063587124 0
    outer loop
      vertex 136.54771427423202 -5.650519758569475 -1.5
      vertex 136.54771427423202 -5.650519758569475 -1.4966711032797928
      vertex 136.531002151031 -5.63195906539305 -1.5
    endloop
  endfacet
  facet normal -0.8660254037841917 -0.5000000000004279 0
    outer loop
      vertex 136.54771427423202 -5.650519758569475 -1.4966711032797928
      vertex 136.54771427423202 -5.650519758569475 -1.5
      vertex 136.5631871838028 -5.6773196240869455 -1.5
    endloop
  endfacet
  facet normal -0.8660254037844145 -0.5000000000000419 0
    outer loop
      vertex 136.7476855922485 -5.996880241430525 -1.5
      vertex 136.7476855922485 -5.996880241430525 -1.4972876921207616
      vertex 136.73866799963065 -5.98126131285445 -1.5
    endloop
  endfacet
  facet normal -0.9510565162949227 0.3090169943756577 0
    outer loop
      vertex 136.7476855922485 -7.553119758569475 -1.5
      vertex 136.7476855922485 -7.553119758569475 -1.4972876921207616
      vertex 136.75695724892557 -7.524584533452183 -1.5
    endloop
  endfacet
  facet normal -0.40673664307581137 -0.9135454576425958 0
    outer loop
      vertex 135.95654002634876 -5.1182240748906525 -1.5
      vertex 135.95654002634876 -5.1182240748906525 -1.4969177457160256
      vertex 135.92809441878933 -5.105559274434163 -1.5
    endloop
  endfacet
  facet normal -0.20791169081734512 -0.9781476007338936 0
    outer loop
      vertex 135.19997131801648 -4.872400000000001 -1.4991371136745473
      vertex 135.19997131801648 -4.872400000000001 -1.5
      vertex 135.20476739443689 -4.8734194375134265 -1.5
    endloop
  endfacet
  facet normal 0 -1 0
    outer loop
      vertex 135.19997131801648 -4.872400000000001 -1.4991371136745473
      vertex 135.18661462769802 -4.872400000000001 -1.5
      vertex 135.19997131801648 -4.872400000000001 -1.5
    endloop
  endfacet
  facet normal -0.5877852522925272 0.809016994374908 0
    outer loop
      vertex 135.95654002634876 -8.431775925109347 -1.5
      vertex 135.95654002634876 -8.431775925109347 -1.4969177457160256
      vertex 135.97412023371157 -8.41900315680911 -1.5
    endloop
  endfacet
  facet normal 0 -1 0
    outer loop
      vertex 134.80002868198352 -4.872400000000001 -1.4991371136745473
      vertex 134.80002868198352 -4.872400000000001 -1.5
      vertex 134.81338537230198 -4.872400000000001 -1.5
    endloop
  endfacet
  facet normal 0.20791169081734512 -0.9781476007338936 0
    outer loop
      vertex 134.80002868198352 -4.872400000000001 -1.4991371136745473
      vertex 134.79523260556311 -4.8734194375134265 -1.5
      vertex 134.80002868198352 -4.872400000000001 -1.5
    endloop
  endfacet
  facet normal -0.20791169081773253 -0.9781476007338112 0
    outer loop
      vertex 135.59117424788326 -4.955552749687723 -1.5
      vertex 135.59117424788326 -4.955552749687723 -1.4977809217955436
      vertex 135.5646405572536 -4.949912839639067 -1.5
    endloop
  endfacet
  facet normal -0.406736643076037 -0.9135454576424956 0
    outer loop
      vertex 135.59117424788326 -4.955552749687723 -1.4977809217955436
      vertex 135.59117424788326 -4.955552749687723 -1.5
      vertex 135.6039297242362 -4.961231853654829 -1.5
    endloop
  endfacet
  facet normal 0.20791169081773253 -0.9781476007338112 0
    outer loop
      vertex 134.40882575211674 -4.955552749687723 -1.4977809217955436
      vertex 134.40882575211674 -4.955552749687723 -1.5
      vertex 134.4353594427464 -4.949912839639067 -1.5
    endloop
  endfacet
  facet normal 0.406736643076037 -0.9135454576424956 0
    outer loop
      vertex 134.40882575211674 -4.955552749687723 -1.4977809217955436
      vertex 134.3960702757638 -4.961231853654829 -1.5
      vertex 134.40882575211674 -4.955552749687723 -1.5
    endloop
  endfacet
  facet normal 0.40673664307581137 -0.9135454576425958 0
    outer loop
      vertex 134.04345997365124 -5.1182240748906525 -1.4969177457160256
      vertex 134.04345997365124 -5.1182240748906525 -1.5
      vertex 134.07190558121067 -5.105559274434163 -1.5
    endloop
  endfacet
  facet normal 0.5877852522925272 -0.809016994374908 0
    outer loop
      vertex 134.04345997365124 -5.1182240748906525 -1.4969177457160256
      vertex 134.02587976628843 -5.13099684319089 -1.5
      vertex 134.04345997365124 -5.1182240748906525 -1.5
    endloop
  endfacet
  facet normal 0.5877852522923245 -0.8090169943750555 0
    outer loop
      vertex 133.71989958432545 -5.353304458113798 -1.496547778611676
      vertex 133.71989958432545 -5.353304458113798 -1.5
      vertex 133.74394540208166 -5.335834148893246 -1.5
    endloop
  endfacet
  facet normal 0.7431448254776627 -0.6691306063585601 0
    outer loop
      vertex 133.71989958432545 -5.353304458113798 -1.496547778611676
      vertex 133.70137825961336 -5.373874473130269 -1.5
      vertex 133.71989958432545 -5.353304458113798 -1.5
    endloop
  endfacet
  facet normal 0.7431448254776627 0.6691306063585601 0
    outer loop
      vertex 133.71989958432545 -8.196695541886204 -1.496547778611676
      vertex 133.71989958432545 -8.196695541886204 -1.5
      vertex 133.70137825961336 -8.176125526869733 -1.5
    endloop
  endfacet
  facet normal 0.5877852522923048 0.8090169943750696 0
    outer loop
      vertex 133.71989958432545 -8.196695541886204 -1.496547778611676
      vertex 133.74394540208166 -8.214165851106754 -1.5
      vertex 133.71989958432545 -8.196695541886204 -1.5
    endloop
  endfacet
  facet normal 0.9510565162949227 0.3090169943756577 0
    outer loop
      vertex 133.2523144077515 -7.553119758569475 -1.4972876921207616
      vertex 133.2523144077515 -7.553119758569475 -1.5
      vertex 133.24304275107443 -7.524584533452183 -1.5
    endloop
  endfacet
  facet normal 0.8660254037844145 0.5000000000000419 0
    outer loop
      vertex 133.2523144077515 -7.553119758569475 -1.5
      vertex 133.2523144077515 -7.553119758569475 -1.4972876921207616
      vertex 133.26133200036935 -7.568738687145551 -1.5
    endloop
  endfacet
  facet normal 0.7431448254775256 0.6691306063587124 0
    outer loop
      vertex 133.45228572576798 -7.899480241430526 -1.4966711032797928
      vertex 133.468997848969 -7.9180409346069505 -1.5
      vertex 133.45228572576798 -7.899480241430526 -1.5
    endloop
  endfacet
  facet normal 0.8660254037841845 0.5000000000004403 0
    outer loop
      vertex 133.45228572576798 -7.899480241430526 -1.4966711032797928
      vertex 133.45228572576798 -7.899480241430526 -1.5
      vertex 133.4368128161972 -7.872680375913056 -1.5
    endloop
  endfacet
  facet normal 0.7431448254775256 -0.6691306063587124 0
    outer loop
      vertex 133.45228572576798 -5.650519758569475 -1.4966711032797928
      vertex 133.45228572576798 -5.650519758569475 -1.5
      vertex 133.468997848969 -5.63195906539305 -1.5
    endloop
  endfacet
  facet normal 0.8660254037841845 -0.5000000000004403 0
    outer loop
      vertex 133.45228572576798 -5.650519758569475 -1.4966711032797928
      vertex 133.4368128161972 -5.677319624086945 -1.5
      vertex 133.45228572576798 -5.650519758569475 -1.5
    endloop
  endfacet
  facet normal 0.8660254037844145 -0.5000000000000419 0
    outer loop
      vertex 133.2523144077515 -5.996880241430525 -1.4972876921207616
      vertex 133.2523144077515 -5.996880241430525 -1.5
      vertex 133.26133200036935 -5.98126131285445 -1.5
    endloop
  endfacet
  facet normal -0.9510565162949227 -0.3090169943756577 0
    outer loop
      vertex 136.7476855922485 -5.996880241430525 -1.4972876921207616
      vertex 136.7476855922485 -5.996880241430525 -1.5
      vertex 136.75695724892557 -6.025415466547818 -1.5
    endloop
  endfacet
  facet normal -0.9510565162952415 -0.3090169943746765 0
    outer loop
      vertex 136.8712746635578 -6.377248291573926 -1.5
      vertex 136.8712746635578 -6.377248291573926 -1.4983974071442319
      vertex 136.86831739547907 -6.368146756292949 -1.5
    endloop
  endfacet
  facet normal -0.9945218953682359 -0.10452846326800845 0
    outer loop
      vertex 136.8712746635578 -6.377248291573926 -1.4983974071442319
      vertex 136.8712746635578 -6.377248291573926 -1.5
      vertex 136.87356294895048 -6.399019872774949 -1.5
    endloop
  endfacet
  facet normal -0.40673664307581137 0.9135454576425958 0
    outer loop
      vertex 135.95654002634876 -8.431775925109347 -1.4969177457160256
      vertex 135.95654002634876 -8.431775925109347 -1.5
      vertex 135.92809441878933 -8.444440725565837 -1.5
    endloop
  endfacet
  facet normal -0.9945218953682359 0.10452846326800845 0
    outer loop
      vertex 136.8712746635578 -7.172751708426075 -1.5
      vertex 136.8712746635578 -7.172751708426075 -1.4983974071442319
      vertex 136.87356294895048 -7.1509801272250515 -1.5
    endloop
  endfacet
  facet normal -0.9510565162952415 0.3090169943746765 0
    outer loop
      vertex 136.8712746635578 -7.172751708426075 -1.4983974071442319
      vertex 136.8712746635578 -7.172751708426075 -1.5
      vertex 136.86831739547907 -7.181853243707052 -1.5
    endloop
  endfacet
  facet normal 0.9510565162949227 -0.3090169943756577 0
    outer loop
      vertex 133.2523144077515 -5.996880241430525 -1.4972876921207616
      vertex 133.24304275107443 -6.025415466547818 -1.5
      vertex 133.2523144077515 -5.996880241430525 -1.5
    endloop
  endfacet
  facet normal 0.9510565162952503 -0.3090169943746492 0
    outer loop
      vertex 133.1287253364422 -6.377248291573926 -1.4983974071442319
      vertex 133.1287253364422 -6.377248291573926 -1.5
      vertex 133.13168260452093 -6.368146756292948 -1.5
    endloop
  endfacet
  facet normal 0.9945218953682365 -0.10452846326800426 0
    outer loop
      vertex 133.1287253364422 -6.377248291573926 -1.4983974071442319
      vertex 133.12643705104952 -6.39901987277495 -1.5
      vertex 133.1287253364422 -6.377248291573926 -1.5
    endloop
  endfacet
  facet normal 0.9945218953682365 0.10452846326800426 0
    outer loop
      vertex 133.1287253364422 -7.172751708426075 -1.4983974071442319
      vertex 133.1287253364422 -7.172751708426075 -1.5
      vertex 133.12643705104952 -7.150980127225051 -1.5
    endloop
  endfacet
  facet normal 0.9510565162952503 0.3090169943746492 0
    outer loop
      vertex 133.1287253364422 -7.172751708426075 -1.4983974071442319
      vertex 133.13168260452093 -7.181853243707053 -1.5
      vertex 133.1287253364422 -7.172751708426075 -1.5
    endloop
  endfacet
  facet normal -0.406736643076037 0.9135454576424956 0
    outer loop
      vertex 135.59117424788326 -8.594447250312278 -1.5
      vertex 135.59117424788326 -8.594447250312278 -1.4977809217955436
      vertex 135.6039297242362 -8.588768146345172 -1.5
    endloop
  endfacet
  facet normal -0.2079116908177012 0.978147600733818 0
    outer loop
      vertex 135.59117424788326 -8.594447250312278 -1.4977809217955436
      vertex 135.59117424788326 -8.594447250312278 -1.5
      vertex 135.5646405572536 -8.600087160360934 -1.5
    endloop
  endfacet
  facet normal 0.40673664307581137 0.9135454576425958 0
    outer loop
      vertex 134.04345997365124 -8.431775925109347 -1.5
      vertex 134.04345997365124 -8.431775925109347 -1.4969177457160256
      vertex 134.07190558121067 -8.444440725565837 -1.5
    endloop
  endfacet
  facet normal 0.5877852522924738 0.809016994374947 0
    outer loop
      vertex 134.04345997365124 -8.431775925109347 -1.4969177457160256
      vertex 134.04345997365124 -8.431775925109347 -1.5
      vertex 134.02587976628843 -8.419003156809111 -1.5
    endloop
  endfacet
  facet normal 0.2079116908177012 0.978147600733818 0
    outer loop
      vertex 134.40882575211674 -8.594447250312278 -1.5
      vertex 134.40882575211674 -8.594447250312278 -1.4977809217955436
      vertex 134.4353594427464 -8.600087160360934 -1.5
    endloop
  endfacet
  facet normal 0.406736643076037 0.9135454576424956 0
    outer loop
      vertex 134.40882575211674 -8.594447250312278 -1.4977809217955436
      vertex 134.40882575211674 -8.594447250312278 -1.5
      vertex 134.3960702757638 -8.588768146345172 -1.5
    endloop
  endfacet
  facet normal -0.20791169081734512 0.9781476007338936 0
    outer loop
      vertex 135.19997131801648 -8.6776 -1.5
      vertex 135.19997131801648 -8.6776 -1.4991371136745473
      vertex 135.20476739443689 -8.676580562486574 -1.5
    endloop
  endfacet
  facet normal 0 1 0
    outer loop
      vertex 135.19997131801648 -8.6776 -1.4991371136745473
      vertex 135.19997131801648 -8.6776 -1.5
      vertex 135.18661462769802 -8.6776 -1.5
    endloop
  endfacet
  facet normal 0 1 0
    outer loop
      vertex 134.80002868198352 -8.6776 -1.5
      vertex 134.80002868198352 -8.6776 -1.4991371136745473
      vertex 134.81338537230198 -8.6776 -1.5
    endloop
  endfacet
  facet normal 0.20791169081734512 0.9781476007338936 0
    outer loop
      vertex 134.80002868198352 -8.6776 -1.4991371136745473
      vertex 134.80002868198352 -8.6776 -1.5
      vertex 134.79523260556311 -8.676580562486574 -1.5
    endloop
  endfacet
  facet normal -0.8660254037841917 0.5000000000004279 0
    outer loop
      vertex 136.54771427423202 -7.899480241430526 -1.5
      vertex 136.54771427423202 -7.899480241430526 -1.4966711032797928
      vertex 136.5631871838028 -7.872680375913055 -1.5
    endloop
  endfacet
  facet normal 0.5877852522924469 -0.8090169943749664 0
    outer loop
      vertex 13.719899584325454 8.196695541886204 -1.496547778611676
      vertex 13.719899584325454 8.196695541886204 -1.5
      vertex 13.743945402081662 8.214165851106754 -1.5
    endloop
  endfacet
  facet normal 0.40673664307581137 0.9135454576425958 0
    outer loop
      vertex 14.043459973651228 5.1182240748906525 -1.4969177457160256
      vertex 14.071905581210661 5.105559274434163 -1.5
      vertex 14.043459973651228 5.1182240748906525 -1.5
    endloop
  endfacet
  facet normal 0.7431448254774072 -0.6691306063588436 0
    outer loop
      vertex 13.719899584325454 8.196695541886204 -1.496547778611676
      vertex 13.701378259613357 8.176125526869733 -1.5
      vertex 13.719899584325454 8.196695541886204 -1.5
    endloop
  endfacet
  facet normal 0.8660254037844329 -0.5000000000000097 0
    outer loop
      vertex 13.452285725767965 7.899480241430526 -1.4966711032797928
      vertex 13.436812816197207 7.872680375913056 -1.5
      vertex 13.452285725767965 7.899480241430526 -1.5
    endloop
  endfacet
  facet normal 0.8660254037844571 -0.499999999999968 0
    outer loop
      vertex 13.25231440775149 7.553119758569475 -1.4972876921207616
      vertex 13.25231440775149 7.553119758569475 -1.5
      vertex 13.26133200036934 7.568738687145551 -1.5
    endloop
  endfacet
  facet normal 0.587785252292396 -0.8090169943750034 0
    outer loop
      vertex 14.043459973651228 8.431775925109347 -1.4969177457160256
      vertex 14.025879766288412 8.419003156809111 -1.5
      vertex 14.043459973651228 8.431775925109347 -1.5
    endloop
  endfacet
  facet normal 0.40673664307581137 -0.9135454576425958 0
    outer loop
      vertex 14.043459973651228 8.431775925109347 -1.4969177457160256
      vertex 14.043459973651228 8.431775925109347 -1.5
      vertex 14.071905581210661 8.444440725565837 -1.5
    endloop
  endfacet
  facet normal 0.9510565162951489 -0.30901699437496155 0
    outer loop
      vertex 13.25231440775149 7.553119758569475 -1.4972876921207616
      vertex 13.24304275107444 7.524584533452183 -1.5
      vertex 13.25231440775149 7.553119758569475 -1.5
    endloop
  endfacet
  facet normal -0.9510565162951324 -0.30901699437501234 0
    outer loop
      vertex 16.87127466355781 7.172751708426075 -1.5
      vertex 16.87127466355781 7.172751708426075 -1.4983974071442319
      vertex 16.86831739547906 7.181853243707052 -1.5
    endloop
  endfacet
  facet normal -0.9945218953682866 -0.10452846326752692 0
    outer loop
      vertex 16.87127466355781 7.172751708426075 -1.4983974071442319
      vertex 16.87127466355781 7.172751708426075 -1.5
      vertex 16.873562948950465 7.1509801272250515 -1.5
    endloop
  endfacet
  facet normal -0.9945218953682866 0.10452846326752692 0
    outer loop
      vertex 16.87127466355781 6.377248291573926 -1.5
      vertex 16.87127466355781 6.377248291573926 -1.4983974071442319
      vertex 16.873562948950465 6.399019872774949 -1.5
    endloop
  endfacet
  facet normal -0.9510565162951324 0.30901699437501234 0
    outer loop
      vertex 16.87127466355781 6.377248291573926 -1.4983974071442319
      vertex 16.87127466355781 6.377248291573926 -1.5
      vertex 16.86831739547906 6.368146756292949 -1.5
    endloop
  endfacet
  facet normal -0.9510565162951663 0.309016994374908 0
    outer loop
      vertex 16.747685592248512 5.996880241430525 -1.5
      vertex 16.747685592248512 5.996880241430525 -1.4972876921207616
      vertex 16.75695724892556 6.025415466547818 -1.5
    endloop
  endfacet
  facet normal 0.9510565162951959 -0.30901699437481717 0
    outer loop
      vertex 13.128725336442193 7.172751708426075 -1.4983974071442319
      vertex 13.128725336442193 7.172751708426075 -1.5
      vertex 13.13168260452094 7.181853243707053 -1.5
    endloop
  endfacet
  facet normal 0.9945218953682702 -0.10452846326768321 0
    outer loop
      vertex 13.128725336442193 7.172751708426075 -1.4983974071442319
      vertex 13.126437051049534 7.150980127225051 -1.5
      vertex 13.128725336442193 7.172751708426075 -1.5
    endloop
  endfacet
  facet normal 0.9945218953682702 0.10452846326768321 0
    outer loop
      vertex 13.128725336442193 6.377248291573926 -1.4983974071442319
      vertex 13.128725336442193 6.377248291573926 -1.5
      vertex 13.126437051049534 6.39901987277495 -1.5
    endloop
  endfacet
  facet normal 0.9510565162951959 0.30901699437481717 0
    outer loop
      vertex 13.128725336442193 6.377248291573926 -1.4983974071442319
      vertex 13.13168260452094 6.368146756292948 -1.5
      vertex 13.128725336442193 6.377248291573926 -1.5
    endloop
  endfacet
  facet normal -0.7431448254774072 -0.6691306063588436 0
    outer loop
      vertex 16.280100415674546 8.196695541886204 -1.496547778611676
      vertex 16.280100415674546 8.196695541886204 -1.5
      vertex 16.298621740386643 8.176125526869733 -1.5
    endloop
  endfacet
  facet normal -0.5877852522924185 -0.8090169943749871 0
    outer loop
      vertex 16.280100415674546 8.196695541886204 -1.5
      vertex 16.280100415674546 8.196695541886204 -1.496547778611676
      vertex 16.256054597918336 8.214165851106754 -1.5
    endloop
  endfacet
  facet normal -0.9510565162951663 -0.309016994374908 0
    outer loop
      vertex 16.747685592248512 7.553119758569475 -1.4972876921207616
      vertex 16.747685592248512 7.553119758569475 -1.5
      vertex 16.75695724892556 7.524584533452183 -1.5
    endloop
  endfacet
  facet normal -0.8660254037844145 -0.5000000000000419 0
    outer loop
      vertex 16.747685592248512 7.553119758569475 -1.5
      vertex 16.747685592248512 7.553119758569475 -1.4972876921207616
      vertex 16.73866799963066 7.568738687145551 -1.5
    endloop
  endfacet
  facet normal -0.743144825477384 -0.6691306063588695 0
    outer loop
      vertex 16.547714274232035 7.899480241430526 -1.5
      vertex 16.547714274232035 7.899480241430526 -1.4966711032797928
      vertex 16.53100215103101 7.9180409346069505 -1.5
    endloop
  endfacet
  facet normal -0.8660254037844403 -0.4999999999999973 0
    outer loop
      vertex 16.547714274232035 7.899480241430526 -1.4966711032797928
      vertex 16.547714274232035 7.899480241430526 -1.5
      vertex 16.563187183802793 7.872680375913055 -1.5
    endloop
  endfacet
  facet normal 0.9510565162951489 0.30901699437496155 0
    outer loop
      vertex 13.25231440775149 5.996880241430525 -1.4972876921207616
      vertex 13.25231440775149 5.996880241430525 -1.5
      vertex 13.24304275107444 6.025415466547818 -1.5
    endloop
  endfacet
  facet normal -0.8660254037844145 0.5000000000000419 0
    outer loop
      vertex 16.747685592248512 5.996880241430525 -1.4972876921207616
      vertex 16.747685592248512 5.996880241430525 -1.5
      vertex 16.73866799963066 5.98126131285445 -1.5
    endloop
  endfacet
  facet normal 0.40673664307580054 -0.9135454576426006 0
    outer loop
      vertex 14.408825752116739 8.594447250312278 -1.4977809217955436
      vertex 14.396070275763794 8.588768146345172 -1.5
      vertex 14.408825752116739 8.594447250312278 -1.5
    endloop
  endfacet
  facet normal 0.20791169081775446 -0.9781476007338067 0
    outer loop
      vertex 14.408825752116739 8.594447250312278 -1.4977809217955436
      vertex 14.408825752116739 8.594447250312278 -1.5
      vertex 14.435359442746394 8.600087160360934 -1.5
    endloop
  endfacet
  facet normal -0.40673664307581137 -0.9135454576425958 0
    outer loop
      vertex 15.956540026348772 8.431775925109347 -1.4969177457160256
      vertex 15.928094418789339 8.444440725565837 -1.5
      vertex 15.956540026348772 8.431775925109347 -1.5
    endloop
  endfacet
  facet normal -0.5877852522924496 -0.8090169943749647 0
    outer loop
      vertex 15.956540026348772 8.431775925109347 -1.4969177457160256
      vertex 15.956540026348772 8.431775925109347 -1.5
      vertex 15.974120233711588 8.41900315680911 -1.5
    endloop
  endfacet
  facet normal -0.8660254037844403 0.4999999999999973 0
    outer loop
      vertex 16.547714274232035 5.650519758569475 -1.5
      vertex 16.547714274232035 5.650519758569475 -1.4966711032797928
      vertex 16.563187183802793 5.6773196240869455 -1.5
    endloop
  endfacet
  facet normal -0.20791169081775446 -0.9781476007338067 0
    outer loop
      vertex 15.591174247883261 8.594447250312278 -1.4977809217955436
      vertex 15.564640557253606 8.600087160360934 -1.5
      vertex 15.591174247883261 8.594447250312278 -1.5
    endloop
  endfacet
  facet normal -0.40673664307580054 -0.9135454576426006 0
    outer loop
      vertex 15.591174247883261 8.594447250312278 -1.4977809217955436
      vertex 15.591174247883261 8.594447250312278 -1.5
      vertex 15.603929724236206 8.588768146345172 -1.5
    endloop
  endfacet
  facet normal 0.20791169081771352 -0.9781476007338155 0
    outer loop
      vertex 14.800028681983523 8.6776 -1.4991371136745473
      vertex 14.795232605563127 8.676580562486574 -1.5
      vertex 14.800028681983523 8.6776 -1.5
    endloop
  endfacet
  facet normal 0 -1 0
    outer loop
      vertex 14.800028681983523 8.6776 -1.4991371136745473
      vertex 14.800028681983523 8.6776 -1.5
      vertex 14.813385372301978 8.6776 -1.5
    endloop
  endfacet
  facet normal -0.743144825477384 0.6691306063588695 0
    outer loop
      vertex 16.547714274232035 5.650519758569475 -1.4966711032797928
      vertex 16.547714274232035 5.650519758569475 -1.5
      vertex 16.53100215103101 5.63195906539305 -1.5
    endloop
  endfacet
  facet normal 0 -1 0
    outer loop
      vertex 15.199971318016477 8.6776 -1.4991371136745473
      vertex 15.186614627698022 8.6776 -1.5
      vertex 15.199971318016477 8.6776 -1.5
    endloop
  endfacet
  facet normal -0.20791169081771352 -0.9781476007338155 0
    outer loop
      vertex 15.199971318016477 8.6776 -1.4991371136745473
      vertex 15.199971318016477 8.6776 -1.5
      vertex 15.204767394436873 8.676580562486574 -1.5
    endloop
  endfacet
  facet normal -0.7431448254774072 0.6691306063588436 0
    outer loop
      vertex 16.280100415674546 5.353304458113798 -1.496547778611676
      vertex 16.298621740386643 5.373874473130269 -1.5
      vertex 16.280100415674546 5.353304458113798 -1.5
    endloop
  endfacet
  facet normal -0.587785252292438 0.8090169943749729 1.6902708831346717e-16
    outer loop
      vertex 16.256054597918336 5.335834148893246 -1.5
      vertex 16.280100415674546 5.353304458113798 -1.496547778611676
      vertex 16.280100415674546 5.353304458113798 -1.5
    endloop
  endfacet
  facet normal -0.5877852522924496 0.8090169943749647 0
    outer loop
      vertex 15.956540026348772 5.1182240748906525 -1.5
      vertex 15.956540026348772 5.1182240748906525 -1.4969177457160256
      vertex 15.974120233711588 5.13099684319089 -1.5
    endloop
  endfacet
  facet normal -0.40673664307581137 0.9135454576425958 0
    outer loop
      vertex 15.956540026348772 5.1182240748906525 -1.4969177457160256
      vertex 15.956540026348772 5.1182240748906525 -1.5
      vertex 15.928094418789339 5.105559274434163 -1.5
    endloop
  endfacet
  facet normal -0.40673664307580054 0.9135454576426006 0
    outer loop
      vertex 15.591174247883261 4.955552749687723 -1.5
      vertex 15.591174247883261 4.955552749687723 -1.4977809217955436
      vertex 15.603929724236206 4.961231853654829 -1.5
    endloop
  endfacet
  facet normal -0.2079116908177858 0.9781476007337999 0
    outer loop
      vertex 15.591174247883261 4.955552749687723 -1.4977809217955436
      vertex 15.591174247883261 4.955552749687723 -1.5
      vertex 15.564640557253606 4.949912839639067 -1.5
    endloop
  endfacet
  facet normal 0.40673664307580054 0.9135454576426006 0
    outer loop
      vertex 14.408825752116739 4.955552749687723 -1.4977809217955436
      vertex 14.408825752116739 4.955552749687723 -1.5
      vertex 14.396070275763794 4.961231853654829 -1.5
    endloop
  endfacet
  facet normal 0.2079116908177858 0.9781476007337999 0
    outer loop
      vertex 14.408825752116739 4.955552749687723 -1.4977809217955436
      vertex 14.435359442746394 4.949912839639067 -1.5
      vertex 14.408825752116739 4.955552749687723 -1.5
    endloop
  endfacet
  facet normal -0.20791169081771352 0.9781476007338155 0
    outer loop
      vertex 15.199971318016477 4.872400000000001 -1.5
      vertex 15.199971318016477 4.872400000000001 -1.4991371136745473
      vertex 15.204767394436873 4.8734194375134265 -1.5
    endloop
  endfacet
  facet normal 0 1 0
    outer loop
      vertex 15.199971318016477 4.872400000000001 -1.4991371136745473
      vertex 15.199971318016477 4.872400000000001 -1.5
      vertex 15.186614627698022 4.872400000000001 -1.5
    endloop
  endfacet
  facet normal 0 1 0
    outer loop
      vertex 14.800028681983523 4.872400000000001 -1.5
      vertex 14.800028681983523 4.872400000000001 -1.4991371136745473
      vertex 14.813385372301978 4.872400000000001 -1.5
    endloop
  endfacet
  facet normal 0.20791169081771352 0.9781476007338155 0
    outer loop
      vertex 14.800028681983523 4.872400000000001 -1.4991371136745473
      vertex 14.800028681983523 4.872400000000001 -1.5
      vertex 14.795232605563127 4.8734194375134265 -1.5
    endloop
  endfacet
  facet normal 0.8660254037844571 0.499999999999968 0
    outer loop
      vertex 13.25231440775149 5.996880241430525 -1.4972876921207616
      vertex 13.26133200036934 5.98126131285445 -1.5
      vertex 13.25231440775149 5.996880241430525 -1.5
    endloop
  endfacet
  facet normal 0.8660254037844329 0.5000000000000097 0
    outer loop
      vertex 13.452285725767965 5.650519758569475 -1.4966711032797928
      vertex 13.452285725767965 5.650519758569475 -1.5
      vertex 13.436812816197207 5.677319624086945 -1.5
    endloop
  endfacet
  facet normal 0.743144825477384 0.6691306063588695 0
    outer loop
      vertex 13.452285725767965 5.650519758569475 -1.5
      vertex 13.452285725767965 5.650519758569475 -1.4966711032797928
      vertex 13.46899784896899 5.63195906539305 -1.5
    endloop
  endfacet
  facet normal 0.7431448254774072 0.6691306063588436 0
    outer loop
      vertex 13.719899584325454 5.353304458113798 -1.496547778611676
      vertex 13.719899584325454 5.353304458113798 -1.5
      vertex 13.701378259613357 5.373874473130269 -1.5
    endloop
  endfacet
  facet normal 0.5877852522924665 0.8090169943749522 0
    outer loop
      vertex 13.719899584325454 5.353304458113798 -1.496547778611676
      vertex 13.743945402081662 5.335834148893246 -1.5
      vertex 13.719899584325454 5.353304458113798 -1.5
    endloop
  endfacet
  facet normal 0.5877852522924496 0.8090169943749647 0
    outer loop
      vertex 14.043459973651228 5.1182240748906525 -1.4969177457160256
      vertex 14.043459973651228 5.1182240748906525 -1.5
      vertex 14.025879766288412 5.13099684319089 -1.5
    endloop
  endfacet
  facet normal 0.743144825477384 -0.6691306063588695 0
    outer loop
      vertex 13.452285725767965 7.899480241430526 -1.4966711032797928
      vertex 13.452285725767965 7.899480241430526 -1.5
      vertex 13.46899784896899 7.9180409346069505 -1.5
    endloop
  endfacet
  facet normal 0.40673664307581137 0.9135454576425958 0
    outer loop
      vertex 14.043459973651228 -8.431775925109347 -1.5
      vertex 14.043459973651228 -8.431775925109347 -1.4969177457160256
      vertex 14.071905581210661 -8.444440725565837 -1.5
    endloop
  endfacet
  facet normal 0.5877852522924469 0.8090169943749664 0
    outer loop
      vertex 13.719899584325454 -8.196695541886204 -1.496547778611676
      vertex 13.743945402081662 -8.214165851106754 -1.5
      vertex 13.719899584325454 -8.196695541886204 -1.5
    endloop
  endfacet
  facet normal 0.587785252292396 0.8090169943750034 0
    outer loop
      vertex 14.043459973651228 -8.431775925109347 -1.4969177457160256
      vertex 14.043459973651228 -8.431775925109347 -1.5
      vertex 14.025879766288412 -8.419003156809111 -1.5
    endloop
  endfacet
  facet normal 0.8660254037844571 -0.499999999999968 0
    outer loop
      vertex 13.25231440775149 -5.996880241430525 -1.4972876921207616
      vertex 13.25231440775149 -5.996880241430525 -1.5
      vertex 13.26133200036934 -5.98126131285445 -1.5
    endloop
  endfacet
  facet normal 0.8660254037844329 -0.5000000000000097 0
    outer loop
      vertex 13.452285725767965 -5.650519758569475 -1.4966711032797928
      vertex 13.436812816197207 -5.677319624086945 -1.5
      vertex 13.452285725767965 -5.650519758569475 -1.5
    endloop
  endfacet
  facet normal 0.743144825477384 -0.6691306063588695 0
    outer loop
      vertex 13.452285725767965 -5.650519758569475 -1.4966711032797928
      vertex 13.452285725767965 -5.650519758569475 -1.5
      vertex 13.46899784896899 -5.63195906539305 -1.5
    endloop
  endfacet
  facet normal 0.7431448254774072 -0.6691306063588436 0
    outer loop
      vertex 13.719899584325454 -5.353304458113798 -1.496547778611676
      vertex 13.701378259613357 -5.373874473130269 -1.5
      vertex 13.719899584325454 -5.353304458113798 -1.5
    endloop
  endfacet
  facet normal 0.5877852522924665 -0.8090169943749522 0
    outer loop
      vertex 13.719899584325454 -5.353304458113798 -1.496547778611676
      vertex 13.719899584325454 -5.353304458113798 -1.5
      vertex 13.743945402081662 -5.335834148893246 -1.5
    endloop
  endfacet
  facet normal 0.5877852522924496 -0.8090169943749647 0
    outer loop
      vertex 14.043459973651228 -5.1182240748906525 -1.4969177457160256
      vertex 14.025879766288412 -5.13099684319089 -1.5
      vertex 14.043459973651228 -5.1182240748906525 -1.5
    endloop
  endfacet
  facet normal -0.20791169081771352 -0.9781476007338155 0
    outer loop
      vertex 15.199971318016477 -4.872400000000001 -1.4991371136745473
      vertex 15.199971318016477 -4.872400000000001 -1.5
      vertex 15.204767394436873 -4.8734194375134265 -1.5
    endloop
  endfacet
  facet normal -0.9510565162951663 -0.309016994374908 0
    outer loop
      vertex 16.747685592248512 -5.996880241430525 -1.4972876921207616
      vertex 16.747685592248512 -5.996880241430525 -1.5
      vertex 16.75695724892556 -6.025415466547818 -1.5
    endloop
  endfacet
  facet normal -0.9510565162951324 -0.30901699437501234 0
    outer loop
      vertex 16.87127466355781 -6.377248291573926 -1.5
      vertex 16.87127466355781 -6.377248291573926 -1.4983974071442319
      vertex 16.86831739547906 -6.368146756292949 -1.5
    endloop
  endfacet
  facet normal -0.9945218953682866 -0.10452846326752692 0
    outer loop
      vertex 16.87127466355781 -6.377248291573926 -1.4983974071442319
      vertex 16.87127466355781 -6.377248291573926 -1.5
      vertex 16.873562948950465 -6.399019872774949 -1.5
    endloop
  endfacet
  facet normal -0.9945218953682866 0.10452846326752692 0
    outer loop
      vertex 16.87127466355781 -7.172751708426075 -1.5
      vertex 16.87127466355781 -7.172751708426075 -1.4983974071442319
      vertex 16.873562948950465 -7.1509801272250515 -1.5
    endloop
  endfacet
  facet normal -0.9510565162951324 0.30901699437501234 0
    outer loop
      vertex 16.87127466355781 -7.172751708426075 -1.4983974071442319
      vertex 16.87127466355781 -7.172751708426075 -1.5
      vertex 16.86831739547906 -7.181853243707052 -1.5
    endloop
  endfacet
  facet normal 0.9510565162951489 -0.30901699437496155 0
    outer loop
      vertex 13.25231440775149 -5.996880241430525 -1.4972876921207616
      vertex 13.24304275107444 -6.025415466547818 -1.5
      vertex 13.25231440775149 -5.996880241430525 -1.5
    endloop
  endfacet
  facet normal 0.9510565162951959 -0.30901699437481717 0
    outer loop
      vertex 13.128725336442193 -6.377248291573926 -1.4983974071442319
      vertex 13.128725336442193 -6.377248291573926 -1.5
      vertex 13.13168260452094 -6.368146756292948 -1.5
    endloop
  endfacet
  facet normal 0.9945218953682702 -0.10452846326768321 0
    outer loop
      vertex 13.128725336442193 -6.377248291573926 -1.4983974071442319
      vertex 13.126437051049534 -6.39901987277495 -1.5
      vertex 13.128725336442193 -6.377248291573926 -1.5
    endloop
  endfacet
  facet normal 0.9945218953682702 0.10452846326768321 0
    outer loop
      vertex 13.128725336442193 -7.172751708426075 -1.4983974071442319
      vertex 13.128725336442193 -7.172751708426075 -1.5
      vertex 13.126437051049534 -7.150980127225051 -1.5
    endloop
  endfacet
  facet normal 0.9510565162951959 0.30901699437481717 0
    outer loop
      vertex 13.128725336442193 -7.172751708426075 -1.4983974071442319
      vertex 13.13168260452094 -7.181853243707053 -1.5
      vertex 13.128725336442193 -7.172751708426075 -1.5
    endloop
  endfacet
  facet normal -0.9510565162951663 0.309016994374908 0
    outer loop
      vertex 16.747685592248512 -7.553119758569475 -1.5
      vertex 16.747685592248512 -7.553119758569475 -1.4972876921207616
      vertex 16.75695724892556 -7.524584533452183 -1.5
    endloop
  endfacet
  facet normal -0.8660254037844145 0.5000000000000419 0
    outer loop
      vertex 16.747685592248512 -7.553119758569475 -1.4972876921207616
      vertex 16.747685592248512 -7.553119758569475 -1.5
      vertex 16.73866799963066 -7.568738687145551 -1.5
    endloop
  endfacet
  facet normal -0.8660254037844403 0.4999999999999973 0
    outer loop
      vertex 16.547714274232035 -7.899480241430526 -1.5
      vertex 16.547714274232035 -7.899480241430526 -1.4966711032797928
      vertex 16.563187183802793 -7.872680375913055 -1.5
    endloop
  endfacet
  facet normal -0.743144825477384 0.6691306063588695 0
    outer loop
      vertex 16.547714274232035 -7.899480241430526 -1.4966711032797928
      vertex 16.547714274232035 -7.899480241430526 -1.5
      vertex 16.53100215103101 -7.9180409346069505 -1.5
    endloop
  endfacet
  facet normal -0.7431448254774072 0.6691306063588436 0
    outer loop
      vertex 16.280100415674546 -8.196695541886204 -1.5
      vertex 16.280100415674546 -8.196695541886204 -1.496547778611676
      vertex 16.298621740386643 -8.176125526869733 -1.5
    endloop
  endfacet
  facet normal -0.5877852522924185 0.8090169943749871 0
    outer loop
      vertex 16.280100415674546 -8.196695541886204 -1.496547778611676
      vertex 16.280100415674546 -8.196695541886204 -1.5
      vertex 16.256054597918336 -8.214165851106754 -1.5
    endloop
  endfacet
  facet normal -0.5877852522924496 0.8090169943749647 0
    outer loop
      vertex 15.956540026348772 -8.431775925109347 -1.5
      vertex 15.956540026348772 -8.431775925109347 -1.4969177457160256
      vertex 15.974120233711588 -8.41900315680911 -1.5
    endloop
  endfacet
  facet normal -0.40673664307581137 0.9135454576425958 0
    outer loop
      vertex 15.956540026348772 -8.431775925109347 -1.4969177457160256
      vertex 15.956540026348772 -8.431775925109347 -1.5
      vertex 15.928094418789339 -8.444440725565837 -1.5
    endloop
  endfacet
  facet normal -0.40673664307580054 0.9135454576426006 0
    outer loop
      vertex 15.591174247883261 -8.594447250312278 -1.5
      vertex 15.591174247883261 -8.594447250312278 -1.4977809217955436
      vertex 15.603929724236206 -8.588768146345172 -1.5
    endloop
  endfacet
  facet normal -0.20791169081775446 0.9781476007338067 0
    outer loop
      vertex 15.591174247883261 -8.594447250312278 -1.4977809217955436
      vertex 15.591174247883261 -8.594447250312278 -1.5
      vertex 15.564640557253606 -8.600087160360934 -1.5
    endloop
  endfacet
  facet normal 0.20791169081775446 0.9781476007338067 0
    outer loop
      vertex 14.408825752116739 -8.594447250312278 -1.5
      vertex 14.408825752116739 -8.594447250312278 -1.4977809217955436
      vertex 14.435359442746394 -8.600087160360934 -1.5
    endloop
  endfacet
  facet normal 0.40673664307580054 0.9135454576426006 0
    outer loop
      vertex 14.408825752116739 -8.594447250312278 -1.4977809217955436
      vertex 14.408825752116739 -8.594447250312278 -1.5
      vertex 14.396070275763794 -8.588768146345172 -1.5
    endloop
  endfacet
  facet normal -0.20791169081771352 0.9781476007338155 0
    outer loop
      vertex 15.199971318016477 -8.6776 -1.5
      vertex 15.199971318016477 -8.6776 -1.4991371136745473
      vertex 15.204767394436873 -8.676580562486574 -1.5
    endloop
  endfacet
  facet normal 0 1 0
    outer loop
      vertex 15.199971318016477 -8.6776 -1.4991371136745473
      vertex 15.199971318016477 -8.6776 -1.5
      vertex 15.186614627698022 -8.6776 -1.5
    endloop
  endfacet
  facet normal 0 -1 0
    outer loop
      vertex 15.199971318016477 -4.872400000000001 -1.4991371136745473
      vertex 15.186614627698022 -4.872400000000001 -1.5
      vertex 15.199971318016477 -4.872400000000001 -1.5
    endloop
  endfacet
  facet normal 0 1 0
    outer loop
      vertex 14.800028681983523 -8.6776 -1.5
      vertex 14.800028681983523 -8.6776 -1.4991371136745473
      vertex 14.813385372301978 -8.6776 -1.5
    endloop
  endfacet
  facet normal 0.20791169081771352 0.9781476007338155 0
    outer loop
      vertex 14.800028681983523 -8.6776 -1.4991371136745473
      vertex 14.800028681983523 -8.6776 -1.5
      vertex 14.795232605563127 -8.676580562486574 -1.5
    endloop
  endfacet
  facet normal 0.9510565162951489 0.30901699437496155 0
    outer loop
      vertex 13.25231440775149 -7.553119758569475 -1.4972876921207616
      vertex 13.25231440775149 -7.553119758569475 -1.5
      vertex 13.24304275107444 -7.524584533452183 -1.5
    endloop
  endfacet
  facet normal 0 -1 0
    outer loop
      vertex 14.800028681983523 -4.872400000000001 -1.4991371136745473
      vertex 14.800028681983523 -4.872400000000001 -1.5
      vertex 14.813385372301978 -4.872400000000001 -1.5
    endloop
  endfacet
  facet normal 0.8660254037844571 0.499999999999968 0
    outer loop
      vertex 13.25231440775149 -7.553119758569475 -1.5
      vertex 13.25231440775149 -7.553119758569475 -1.4972876921207616
      vertex 13.26133200036934 -7.568738687145551 -1.5
    endloop
  endfacet
  facet normal 0.20791169081771352 -0.9781476007338155 0
    outer loop
      vertex 14.800028681983523 -4.872400000000001 -1.4991371136745473
      vertex 14.795232605563127 -4.8734194375134265 -1.5
      vertex 14.800028681983523 -4.872400000000001 -1.5
    endloop
  endfacet
  facet normal -0.2079116908177858 -0.9781476007337999 0
    outer loop
      vertex 15.591174247883261 -4.955552749687723 -1.5
      vertex 15.591174247883261 -4.955552749687723 -1.4977809217955436
      vertex 15.564640557253606 -4.949912839639067 -1.5
    endloop
  endfacet
  facet normal 0.40673664307581137 -0.9135454576425958 0
    outer loop
      vertex 14.043459973651228 -5.1182240748906525 -1.4969177457160256
      vertex 14.043459973651228 -5.1182240748906525 -1.5
      vertex 14.071905581210661 -5.105559274434163 -1.5
    endloop
  endfacet
  facet normal -0.7431448254774072 -0.6691306063588436 0
    outer loop
      vertex 16.280100415674546 -5.353304458113798 -1.496547778611676
      vertex 16.280100415674546 -5.353304458113798 -1.5
      vertex 16.298621740386643 -5.373874473130269 -1.5
    endloop
  endfacet
  facet normal -0.587785252292438 -0.8090169943749729 0
    outer loop
      vertex 16.280100415674546 -5.353304458113798 -1.5
      vertex 16.280100415674546 -5.353304458113798 -1.496547778611676
      vertex 16.256054597918336 -5.335834148893246 -1.5
    endloop
  endfacet
  facet normal -0.8660254037844145 -0.5000000000000419 0
    outer loop
      vertex 16.747685592248512 -5.996880241430525 -1.5
      vertex 16.747685592248512 -5.996880241430525 -1.4972876921207616
      vertex 16.73866799963066 -5.98126131285445 -1.5
    endloop
  endfacet
  facet normal 0.8660254037844329 0.5000000000000097 0
    outer loop
      vertex 13.452285725767965 -7.899480241430526 -1.4966711032797928
      vertex 13.452285725767965 -7.899480241430526 -1.5
      vertex 13.436812816197207 -7.872680375913056 -1.5
    endloop
  endfacet
  facet normal -0.743144825477384 -0.6691306063588695 0
    outer loop
      vertex 16.547714274232035 -5.650519758569475 -1.5
      vertex 16.547714274232035 -5.650519758569475 -1.4966711032797928
      vertex 16.53100215103101 -5.63195906539305 -1.5
    endloop
  endfacet
  facet normal -0.8660254037844403 -0.4999999999999973 0
    outer loop
      vertex 16.547714274232035 -5.650519758569475 -1.4966711032797928
      vertex 16.547714274232035 -5.650519758569475 -1.5
      vertex 16.563187183802793 -5.6773196240869455 -1.5
    endloop
  endfacet
  facet normal 0.40673664307580054 -0.9135454576426006 0
    outer loop
      vertex 14.408825752116739 -4.955552749687723 -1.4977809217955436
      vertex 14.396070275763794 -4.961231853654829 -1.5
      vertex 14.408825752116739 -4.955552749687723 -1.5
    endloop
  endfacet
  facet normal 0.2079116908177858 -0.9781476007337999 0
    outer loop
      vertex 14.408825752116739 -4.955552749687723 -1.4977809217955436
      vertex 14.408825752116739 -4.955552749687723 -1.5
      vertex 14.435359442746394 -4.949912839639067 -1.5
    endloop
  endfacet
  facet normal -0.5877852522924496 -0.8090169943749647 0
    outer loop
      vertex 15.956540026348772 -5.1182240748906525 -1.4969177457160256
      vertex 15.956540026348772 -5.1182240748906525 -1.5
      vertex 15.974120233711588 -5.13099684319089 -1.5
    endloop
  endfacet
  facet normal -0.40673664307581137 -0.9135454576425958 0
    outer loop
      vertex 15.956540026348772 -5.1182240748906525 -1.5
      vertex 15.956540026348772 -5.1182240748906525 -1.4969177457160256
      vertex 15.928094418789339 -5.105559274434163 -1.5
    endloop
  endfacet
  facet normal 0.743144825477384 0.6691306063588695 0
    outer loop
      vertex 13.452285725767965 -7.899480241430526 -1.5
      vertex 13.452285725767965 -7.899480241430526 -1.4966711032797928
      vertex 13.46899784896899 -7.9180409346069505 -1.5
    endloop
  endfacet
  facet normal 0.7431448254774072 0.6691306063588436 0
    outer loop
      vertex 13.719899584325454 -8.196695541886204 -1.496547778611676
      vertex 13.719899584325454 -8.196695541886204 -1.5
      vertex 13.701378259613357 -8.176125526869733 -1.5
    endloop
  endfacet
  facet normal -0.40673664307580054 -0.9135454576426006 0
    outer loop
      vertex 15.591174247883261 -4.955552749687723 -1.4977809217955436
      vertex 15.591174247883261 -4.955552749687723 -1.5
      vertex 15.603929724236206 -4.961231853654829 -1.5
    endloop
  endfacet
  facet normal 0.8660254037844145 0.5000000000000419 0
    outer loop
      vertex 73.25231440775148 5.996880241430525 -1.4972876921207616
      vertex 73.26133200036934 5.98126131285445 -1.5
      vertex 73.25231440775148 5.996880241430525 -1.5
    endloop
  endfacet
  facet normal 0.8660254037843833 0.5000000000000958 0
    outer loop
      vertex 73.45228572576796 5.650519758569475 -1.4966711032797928
      vertex 73.45228572576796 5.650519758569475 -1.5
      vertex 73.4368128161972 5.677319624086945 -1.5
    endloop
  endfacet
  facet normal -0.8660254037844145 -0.5000000000000419 0
    outer loop
      vertex 76.74768559224852 7.553119758569475 -1.5
      vertex 76.74768559224852 7.553119758569475 -1.4972876921207616
      vertex 76.73866799963066 7.568738687145551 -1.5
    endloop
  endfacet
  facet normal -0.9510565162952012 -0.3090169943748009 0
    outer loop
      vertex 76.74768559224852 7.553119758569475 -1.4972876921207616
      vertex 76.74768559224852 7.553119758569475 -1.5
      vertex 76.75695724892556 7.524584533452183 -1.5
    endloop
  endfacet
  facet normal -0.7431448254772427 -0.6691306063590267 0
    outer loop
      vertex 76.54771427423204 7.899480241430526 -1.5
      vertex 76.54771427423204 7.899480241430526 -1.4966711032797928
      vertex 76.531002151031 7.9180409346069505 -1.5
    endloop
  endfacet
  facet normal 0.9510565162952012 0.3090169943748009 0
    outer loop
      vertex 73.25231440775148 5.996880241430525 -1.4972876921207616
      vertex 73.25231440775148 5.996880241430525 -1.5
      vertex 73.24304275107444 6.025415466547818 -1.5
    endloop
  endfacet
  facet normal 0.9510565162948139 0.3090169943759924 0
    outer loop
      vertex 73.12872533644219 6.377248291573926 -1.4983974071442319
      vertex 73.13168260452095 6.368146756292948 -1.5
      vertex 73.12872533644219 6.377248291573926 -1.5
    endloop
  endfacet
  facet normal 0.9945218953683039 0.10452846326736219 0
    outer loop
      vertex 73.12872533644219 6.377248291573926 -1.4983974071442319
      vertex 73.12872533644219 6.377248291573926 -1.5
      vertex 73.12643705104954 6.39901987277495 -1.5
    endloop
  endfacet
  facet normal -0.7431448254774072 -0.6691306063588436 0
    outer loop
      vertex 76.28010041567454 8.196695541886204 -1.496547778611676
      vertex 76.28010041567454 8.196695541886204 -1.5
      vertex 76.29862174038664 8.176125526869733 -1.5
    endloop
  endfacet
  facet normal -0.5877852522925321 -0.8090169943749045 0
    outer loop
      vertex 76.28010041567454 8.196695541886204 -1.5
      vertex 76.28010041567454 8.196695541886204 -1.496547778611676
      vertex 76.25605459791834 8.214165851106754 -1.5
    endloop
  endfacet
  facet normal -0.40673664307581137 -0.9135454576425958 0
    outer loop
      vertex 75.95654002634878 8.431775925109347 -1.5
      vertex 75.95654002634878 8.431775925109347 -1.4969177457160256
      vertex 75.92809441878934 8.444440725565837 -1.5
    endloop
  endfacet
  facet normal -0.5877852522925272 -0.809016994374908 0
    outer loop
      vertex 75.95654002634878 8.431775925109347 -1.4969177457160256
      vertex 75.95654002634878 8.431775925109347 -1.5
      vertex 75.97412023371159 8.41900315680911 -1.5
    endloop
  endfacet
  facet normal -0.20791169081780772 -0.9781476007337954 0
    outer loop
      vertex 75.59117424788326 8.594447250312278 -1.4977809217955436
      vertex 75.56464055725361 8.600087160360934 -1.5
      vertex 75.59117424788326 8.594447250312278 -1.5
    endloop
  endfacet
  facet normal -0.40673664307565877 -0.9135454576426638 0
    outer loop
      vertex 75.59117424788326 8.594447250312278 -1.4977809217955436
      vertex 75.59117424788326 8.594447250312278 -1.5
      vertex 75.60392972423621 8.588768146345172 -1.5
    endloop
  endfacet
  facet normal 0.9945218953683039 -0.10452846326736219 0
    outer loop
      vertex 73.12872533644219 7.172751708426075 -1.4983974071442319
      vertex 73.12643705104954 7.150980127225051 -1.5
      vertex 73.12872533644219 7.172751708426075 -1.5
    endloop
  endfacet
  facet normal 0.9510565162948139 -0.3090169943759924 0
    outer loop
      vertex 73.12872533644219 7.172751708426075 -1.4983974071442319
      vertex 73.12872533644219 7.172751708426075 -1.5
      vertex 73.13168260452095 7.181853243707053 -1.5
    endloop
  endfacet
  facet normal 0 -1 0
    outer loop
      vertex 75.19997131801648 8.6776 -1.4991371136745473
      vertex 75.18661462769802 8.6776 -1.5
      vertex 75.19997131801648 8.6776 -1.5
    endloop
  endfacet
  facet normal -0.20791169081793454 -0.9781476007337684 0
    outer loop
      vertex 75.19997131801648 8.6776 -1.4991371136745473
      vertex 75.19997131801648 8.6776 -1.5
      vertex 75.20476739443687 8.676580562486574 -1.5
    endloop
  endfacet
  facet normal 0.20791169081793454 0.9781476007337684 0
    outer loop
      vertex 74.80002868198352 4.872400000000001 -1.4991371136745473
      vertex 74.80002868198352 4.872400000000001 -1.5
      vertex 74.79523260556313 4.8734194375134265 -1.5
    endloop
  endfacet
  facet normal 0 1 0
    outer loop
      vertex 74.80002868198352 4.872400000000001 -1.5
      vertex 74.80002868198352 4.872400000000001 -1.4991371136745473
      vertex 74.81338537230198 4.872400000000001 -1.5
    endloop
  endfacet
  facet normal 0.40673664307565877 0.9135454576426638 0
    outer loop
      vertex 74.40882575211674 4.955552749687723 -1.4977809217955436
      vertex 74.40882575211674 4.955552749687723 -1.5
      vertex 74.39607027576379 4.961231853654829 -1.5
    endloop
  endfacet
  facet normal -0.9510565162948051 -0.3090169943760197 0
    outer loop
      vertex 76.87127466355781 7.172751708426075 -1.5
      vertex 76.87127466355781 7.172751708426075 -1.4983974071442319
      vertex 76.86831739547905 7.181853243707052 -1.5
    endloop
  endfacet
  facet normal -0.9945218953683035 -0.10452846326736641 0
    outer loop
      vertex 76.87127466355781 7.172751708426075 -1.4983974071442319
      vertex 76.87127466355781 7.172751708426075 -1.5
      vertex 76.87356294895046 7.1509801272250515 -1.5
    endloop
  endfacet
  facet normal -0.9945218953683035 0.10452846326736641 0
    outer loop
      vertex 76.87127466355781 6.377248291573926 -1.5
      vertex 76.87127466355781 6.377248291573926 -1.4983974071442319
      vertex 76.87356294895046 6.399019872774949 -1.5
    endloop
  endfacet
  facet normal -0.9510565162948051 0.3090169943760197 0
    outer loop
      vertex 76.87127466355781 6.377248291573926 -1.4983974071442319
      vertex 76.87127466355781 6.377248291573926 -1.5
      vertex 76.86831739547905 6.368146756292949 -1.5
    endloop
  endfacet
  facet normal -0.9510565162952012 0.3090169943748009 0
    outer loop
      vertex 76.74768559224852 5.996880241430525 -1.5
      vertex 76.74768559224852 5.996880241430525 -1.4972876921207616
      vertex 76.75695724892556 6.025415466547818 -1.5
    endloop
  endfacet
  facet normal -0.8660254037844145 0.5000000000000419 0
    outer loop
      vertex 76.74768559224852 5.996880241430525 -1.4972876921207616
      vertex 76.74768559224852 5.996880241430525 -1.5
      vertex 76.73866799963066 5.98126131285445 -1.5
    endloop
  endfacet
  facet normal -0.8660254037843904 0.5000000000000834 0
    outer loop
      vertex 76.54771427423204 5.650519758569475 -1.5
      vertex 76.54771427423204 5.650519758569475 -1.4966711032797928
      vertex 76.5631871838028 5.6773196240869455 -1.5
    endloop
  endfacet
  facet normal 0.20791169081783908 0.9781476007337887 0
    outer loop
      vertex 74.40882575211674 4.955552749687723 -1.4977809217955436
      vertex 74.43535944274639 4.949912839639067 -1.5
      vertex 74.40882575211674 4.955552749687723 -1.5
    endloop
  endfacet
  facet normal 0.40673664307581137 0.9135454576425958 0
    outer loop
      vertex 74.04345997365122 5.1182240748906525 -1.4969177457160256
      vertex 74.07190558121066 5.105559274434163 -1.5
      vertex 74.04345997365122 5.1182240748906525 -1.5
    endloop
  endfacet
  facet normal -0.7431448254772427 0.6691306063590267 0
    outer loop
      vertex 76.54771427423204 5.650519758569475 -1.4966711032797928
      vertex 76.54771427423204 5.650519758569475 -1.5
      vertex 76.531002151031 5.63195906539305 -1.5
    endloop
  endfacet
  facet normal 0.5877852522925272 0.809016994374908 0
    outer loop
      vertex 74.04345997365122 5.1182240748906525 -1.4969177457160256
      vertex 74.04345997365122 5.1182240748906525 -1.5
      vertex 74.02587976628841 5.13099684319089 -1.5
    endloop
  endfacet
  facet normal 0.9510565162952012 -0.3090169943748009 0
    outer loop
      vertex 73.25231440775148 7.553119758569475 -1.4972876921207616
      vertex 73.24304275107444 7.524584533452183 -1.5
      vertex 73.25231440775148 7.553119758569475 -1.5
    endloop
  endfacet
  facet normal -0.7431448254774072 0.6691306063588436 0
    outer loop
      vertex 76.28010041567454 5.353304458113798 -1.496547778611676
      vertex 76.29862174038664 5.373874473130269 -1.5
      vertex 76.28010041567454 5.353304458113798 -1.5
    endloop
  endfacet
  facet normal 0.8660254037844145 -0.5000000000000419 0
    outer loop
      vertex 73.25231440775148 7.553119758569475 -1.4972876921207616
      vertex 73.25231440775148 7.553119758569475 -1.5
      vertex 73.26133200036934 7.568738687145551 -1.5
    endloop
  endfacet
  facet normal 0.8660254037843833 -0.5000000000000958 0
    outer loop
      vertex 73.45228572576796 7.899480241430526 -1.4966711032797928
      vertex 73.4368128161972 7.872680375913056 -1.5
      vertex 73.45228572576796 7.899480241430526 -1.5
    endloop
  endfacet
  facet normal -0.5877852522925517 0.8090169943748904 2.3857019661360893e-16
    outer loop
      vertex 76.25605459791834 5.335834148893246 -1.5
      vertex 76.28010041567454 5.353304458113798 -1.496547778611676
      vertex 76.28010041567454 5.353304458113798 -1.5
    endloop
  endfacet
  facet normal -0.5877852522925272 0.809016994374908 0
    outer loop
      vertex 75.95654002634878 5.1182240748906525 -1.5
      vertex 75.95654002634878 5.1182240748906525 -1.4969177457160256
      vertex 75.97412023371159 5.13099684319089 -1.5
    endloop
  endfacet
  facet normal -0.40673664307581137 0.9135454576425958 0
    outer loop
      vertex 75.95654002634878 5.1182240748906525 -1.4969177457160256
      vertex 75.95654002634878 5.1182240748906525 -1.5
      vertex 75.92809441878934 5.105559274434163 -1.5
    endloop
  endfacet
  facet normal -0.40673664307565877 0.9135454576426638 0
    outer loop
      vertex 75.59117424788326 4.955552749687723 -1.5
      vertex 75.59117424788326 4.955552749687723 -1.4977809217955436
      vertex 75.60392972423621 4.961231853654829 -1.5
    endloop
  endfacet
  facet normal -0.20791169081783908 0.9781476007337887 0
    outer loop
      vertex 75.59117424788326 4.955552749687723 -1.4977809217955436
      vertex 75.59117424788326 4.955552749687723 -1.5
      vertex 75.56464055725361 4.949912839639067 -1.5
    endloop
  endfacet
  facet normal -0.20791169081793454 0.9781476007337684 0
    outer loop
      vertex 75.19997131801648 4.872400000000001 -1.5
      vertex 75.19997131801648 4.872400000000001 -1.4991371136745473
      vertex 75.20476739443687 4.8734194375134265 -1.5
    endloop
  endfacet
  facet normal 0 1 0
    outer loop
      vertex 75.19997131801648 4.872400000000001 -1.4991371136745473
      vertex 75.19997131801648 4.872400000000001 -1.5
      vertex 75.18661462769802 4.872400000000001 -1.5
    endloop
  endfacet
  facet normal 0.7431448254772427 -0.6691306063590267 0
    outer loop
      vertex 73.45228572576796 7.899480241430526 -1.4966711032797928
      vertex 73.45228572576796 7.899480241430526 -1.5
      vertex 73.468997848969 7.9180409346069505 -1.5
    endloop
  endfacet
  facet normal 0.5877852522925517 0.8090169943748904 0
    outer loop
      vertex 73.71989958432546 5.353304458113798 -1.496547778611676
      vertex 73.74394540208166 5.335834148893246 -1.5
      vertex 73.71989958432546 5.353304458113798 -1.5
    endloop
  endfacet
  facet normal 0 -1 0
    outer loop
      vertex 74.80002868198352 8.6776 -1.4991371136745473
      vertex 74.80002868198352 8.6776 -1.5
      vertex 74.81338537230198 8.6776 -1.5
    endloop
  endfacet
  facet normal 0.20791169081793454 -0.9781476007337684 0
    outer loop
      vertex 74.80002868198352 8.6776 -1.4991371136745473
      vertex 74.79523260556313 8.676580562486574 -1.5
      vertex 74.80002868198352 8.6776 -1.5
    endloop
  endfacet
  facet normal 0.7431448254774072 0.6691306063588436 0
    outer loop
      vertex 73.71989958432546 5.353304458113798 -1.496547778611676
      vertex 73.71989958432546 5.353304458113798 -1.5
      vertex 73.70137825961336 5.373874473130269 -1.5
    endloop
  endfacet
  facet normal 0.20791169081780772 -0.9781476007337954 0
    outer loop
      vertex 74.40882575211674 8.594447250312278 -1.4977809217955436
      vertex 74.40882575211674 8.594447250312278 -1.5
      vertex 74.43535944274639 8.600087160360934 -1.5
    endloop
  endfacet
  facet normal 0.40673664307565877 -0.9135454576426638 0
    outer loop
      vertex 74.40882575211674 8.594447250312278 -1.4977809217955436
      vertex 74.39607027576379 8.588768146345172 -1.5
      vertex 74.40882575211674 8.594447250312278 -1.5
    endloop
  endfacet
  facet normal 0.40673664307581137 -0.9135454576425958 0
    outer loop
      vertex 74.04345997365122 8.431775925109347 -1.4969177457160256
      vertex 74.04345997365122 8.431775925109347 -1.5
      vertex 74.07190558121066 8.444440725565837 -1.5
    endloop
  endfacet
  facet normal 0.5877852522924738 -0.809016994374947 0
    outer loop
      vertex 74.04345997365122 8.431775925109347 -1.4969177457160256
      vertex 74.02587976628841 8.419003156809111 -1.5
      vertex 74.04345997365122 8.431775925109347 -1.5
    endloop
  endfacet
  facet normal 0.7431448254774072 -0.6691306063588436 0
    outer loop
      vertex 73.71989958432546 8.196695541886204 -1.496547778611676
      vertex 73.70137825961336 8.176125526869733 -1.5
      vertex 73.71989958432546 8.196695541886204 -1.5
    endloop
  endfacet
  facet normal 0.5877852522925321 -0.8090169943749045 0
    outer loop
      vertex 73.71989958432546 8.196695541886204 -1.496547778611676
      vertex 73.71989958432546 8.196695541886204 -1.5
      vertex 73.74394540208166 8.214165851106754 -1.5
    endloop
  endfacet
  facet normal 0.7431448254772427 0.6691306063590267 0
    outer loop
      vertex 73.45228572576796 5.650519758569475 -1.5
      vertex 73.45228572576796 5.650519758569475 -1.4966711032797928
      vertex 73.468997848969 5.63195906539305 -1.5
    endloop
  endfacet
  facet normal -0.8660254037843904 -0.5000000000000834 0
    outer loop
      vertex 76.54771427423204 7.899480241430526 -1.4966711032797928
      vertex 76.54771427423204 7.899480241430526 -1.5
      vertex 76.5631871838028 7.872680375913055 -1.5
    endloop
  endfacet
  facet normal -0.5877852522925321 0.8090169943749045 0
    outer loop
      vertex 76.28010041567454 -8.196695541886204 -1.496547778611676
      vertex 76.28010041567454 -8.196695541886204 -1.5
      vertex 76.25605459791834 -8.214165851106754 -1.5
    endloop
  endfacet
  facet normal -0.8660254037843904 -0.5000000000000834 0
    outer loop
      vertex 76.54771427423204 -5.650519758569475 -1.4966711032797928
      vertex 76.54771427423204 -5.650519758569475 -1.5
      vertex 76.5631871838028 -5.6773196240869455 -1.5
    endloop
  endfacet
  facet normal 0.7431448254774072 0.6691306063588436 0
    outer loop
      vertex 73.71989958432546 -8.196695541886204 -1.496547778611676
      vertex 73.71989958432546 -8.196695541886204 -1.5
      vertex 73.70137825961336 -8.176125526869733 -1.5
    endloop
  endfacet
  facet normal 0.5877852522925321 0.8090169943749045 0
    outer loop
      vertex 73.71989958432546 -8.196695541886204 -1.496547778611676
      vertex 73.74394540208166 -8.214165851106754 -1.5
      vertex 73.71989958432546 -8.196695541886204 -1.5
    endloop
  endfacet
  facet normal -0.9945218953683035 -0.10452846326736641 0
    outer loop
      vertex 76.87127466355781 -6.377248291573926 -1.4983974071442319
      vertex 76.87127466355781 -6.377248291573926 -1.5
      vertex 76.87356294895046 -6.399019872774949 -1.5
    endloop
  endfacet
  facet normal 0.40673664307581137 0.9135454576425958 0
    outer loop
      vertex 74.04345997365122 -8.431775925109347 -1.5
      vertex 74.04345997365122 -8.431775925109347 -1.4969177457160256
      vertex 74.07190558121066 -8.444440725565837 -1.5
    endloop
  endfacet
  facet normal -0.9510565162948051 -0.3090169943760197 0
    outer loop
      vertex 76.87127466355781 -6.377248291573926 -1.5
      vertex 76.87127466355781 -6.377248291573926 -1.4983974071442319
      vertex 76.86831739547905 -6.368146756292949 -1.5
    endloop
  endfacet
  facet normal -0.9510565162952012 -0.3090169943748009 0
    outer loop
      vertex 76.74768559224852 -5.996880241430525 -1.4972876921207616
      vertex 76.74768559224852 -5.996880241430525 -1.5
      vertex 76.75695724892556 -6.025415466547818 -1.5
    endloop
  endfacet
  facet normal 0.5877852522924738 0.809016994374947 0
    outer loop
      vertex 74.04345997365122 -8.431775925109347 -1.4969177457160256
      vertex 74.04345997365122 -8.431775925109347 -1.5
      vertex 74.02587976628841 -8.419003156809111 -1.5
    endloop
  endfacet
  facet normal 0.20791169081780772 0.9781476007337954 0
    outer loop
      vertex 74.40882575211674 -8.594447250312278 -1.5
      vertex 74.40882575211674 -8.594447250312278 -1.4977809217955436
      vertex 74.43535944274639 -8.600087160360934 -1.5
    endloop
  endfacet
  facet normal -0.9945218953683035 0.10452846326736641 0
    outer loop
      vertex 76.87127466355781 -7.172751708426075 -1.5
      vertex 76.87127466355781 -7.172751708426075 -1.4983974071442319
      vertex 76.87356294895046 -7.1509801272250515 -1.5
    endloop
  endfacet
  facet normal -0.9510565162948051 0.3090169943760197 0
    outer loop
      vertex 76.87127466355781 -7.172751708426075 -1.4983974071442319
      vertex 76.87127466355781 -7.172751708426075 -1.5
      vertex 76.86831739547905 -7.181853243707052 -1.5
    endloop
  endfacet
  facet normal -0.8660254037844145 -0.5000000000000419 0
    outer loop
      vertex 76.74768559224852 -5.996880241430525 -1.5
      vertex 76.74768559224852 -5.996880241430525 -1.4972876921207616
      vertex 76.73866799963066 -5.98126131285445 -1.5
    endloop
  endfacet
  facet normal -0.9510565162952012 0.3090169943748009 0
    outer loop
      vertex 76.74768559224852 -7.553119758569475 -1.5
      vertex 76.74768559224852 -7.553119758569475 -1.4972876921207616
      vertex 76.75695724892556 -7.524584533452183 -1.5
    endloop
  endfacet
  facet normal -0.8660254037844145 0.5000000000000419 0
    outer loop
      vertex 76.74768559224852 -7.553119758569475 -1.4972876921207616
      vertex 76.74768559224852 -7.553119758569475 -1.5
      vertex 76.73866799963066 -7.568738687145551 -1.5
    endloop
  endfacet
  facet normal -0.8660254037843904 0.5000000000000834 0
    outer loop
      vertex 76.54771427423204 -7.899480241430526 -1.5
      vertex 76.54771427423204 -7.899480241430526 -1.4966711032797928
      vertex 76.5631871838028 -7.872680375913055 -1.5
    endloop
  endfacet
  facet normal 0.40673664307565877 0.9135454576426638 0
    outer loop
      vertex 74.40882575211674 -8.594447250312278 -1.4977809217955436
      vertex 74.40882575211674 -8.594447250312278 -1.5
      vertex 74.39607027576379 -8.588768146345172 -1.5
    endloop
  endfacet
  facet normal 0 1 0
    outer loop
      vertex 74.80002868198352 -8.6776 -1.5
      vertex 74.80002868198352 -8.6776 -1.4991371136745473
      vertex 74.81338537230198 -8.6776 -1.5
    endloop
  endfacet
  facet normal -0.7431448254772427 0.6691306063590267 0
    outer loop
      vertex 76.54771427423204 -7.899480241430526 -1.4966711032797928
      vertex 76.54771427423204 -7.899480241430526 -1.5
      vertex 76.531002151031 -7.9180409346069505 -1.5
    endloop
  endfacet
  facet normal -0.7431448254774072 0.6691306063588436 0
    outer loop
      vertex 76.28010041567454 -8.196695541886204 -1.5
      vertex 76.28010041567454 -8.196695541886204 -1.496547778611676
      vertex 76.29862174038664 -8.176125526869733 -1.5
    endloop
  endfacet
  facet normal 0.8660254037844145 0.5000000000000419 0
    outer loop
      vertex 73.25231440775148 -7.553119758569475 -1.5
      vertex 73.25231440775148 -7.553119758569475 -1.4972876921207616
      vertex 73.26133200036934 -7.568738687145551 -1.5
    endloop
  endfacet
  facet normal 0 -1 0
    outer loop
      vertex 74.80002868198352 -4.872400000000001 -1.4991371136745473
      vertex 74.80002868198352 -4.872400000000001 -1.5
      vertex 74.81338537230198 -4.872400000000001 -1.5
    endloop
  endfacet
  facet normal 0.20791169081793454 -0.9781476007337684 0
    outer loop
      vertex 74.80002868198352 -4.872400000000001 -1.4991371136745473
      vertex 74.79523260556313 -4.8734194375134265 -1.5
      vertex 74.80002868198352 -4.872400000000001 -1.5
    endloop
  endfacet
  facet normal 0.20791169081783908 -0.9781476007337887 0
    outer loop
      vertex 74.40882575211674 -4.955552749687723 -1.4977809217955436
      vertex 74.40882575211674 -4.955552749687723 -1.5
      vertex 74.43535944274639 -4.949912839639067 -1.5
    endloop
  endfacet
  facet normal 0.40673664307565877 -0.9135454576426638 0
    outer loop
      vertex 74.40882575211674 -4.955552749687723 -1.4977809217955436
      vertex 74.39607027576379 -4.961231853654829 -1.5
      vertex 74.40882575211674 -4.955552749687723 -1.5
    endloop
  endfacet
  facet normal 0.40673664307581137 -0.9135454576425958 0
    outer loop
      vertex 74.04345997365122 -5.1182240748906525 -1.4969177457160256
      vertex 74.04345997365122 -5.1182240748906525 -1.5
      vertex 74.07190558121066 -5.105559274434163 -1.5
    endloop
  endfacet
  facet normal -0.5877852522925272 0.809016994374908 0
    outer loop
      vertex 75.95654002634878 -8.431775925109347 -1.5
      vertex 75.95654002634878 -8.431775925109347 -1.4969177457160256
      vertex 75.97412023371159 -8.41900315680911 -1.5
    endloop
  endfacet
  facet normal -0.40673664307581137 0.9135454576425958 0
    outer loop
      vertex 75.95654002634878 -8.431775925109347 -1.4969177457160256
      vertex 75.95654002634878 -8.431775925109347 -1.5
      vertex 75.92809441878934 -8.444440725565837 -1.5
    endloop
  endfacet
  facet normal 0.5877852522925272 -0.809016994374908 0
    outer loop
      vertex 74.04345997365122 -5.1182240748906525 -1.4969177457160256
      vertex 74.02587976628841 -5.13099684319089 -1.5
      vertex 74.04345997365122 -5.1182240748906525 -1.5
    endloop
  endfacet
  facet normal -0.40673664307565877 0.9135454576426638 0
    outer loop
      vertex 75.59117424788326 -8.594447250312278 -1.5
      vertex 75.59117424788326 -8.594447250312278 -1.4977809217955436
      vertex 75.60392972423621 -8.588768146345172 -1.5
    endloop
  endfacet
  facet normal 0.5877852522925517 -0.8090169943748904 0
    outer loop
      vertex 73.71989958432546 -5.353304458113798 -1.496547778611676
      vertex 73.71989958432546 -5.353304458113798 -1.5
      vertex 73.74394540208166 -5.335834148893246 -1.5
    endloop
  endfacet
  facet normal -0.20791169081780772 0.9781476007337954 0
    outer loop
      vertex 75.59117424788326 -8.594447250312278 -1.4977809217955436
      vertex 75.59117424788326 -8.594447250312278 -1.5
      vertex 75.56464055725361 -8.600087160360934 -1.5
    endloop
  endfacet
  facet normal -0.20791169081793454 0.9781476007337684 0
    outer loop
      vertex 75.19997131801648 -8.6776 -1.5
      vertex 75.19997131801648 -8.6776 -1.4991371136745473
      vertex 75.20476739443687 -8.676580562486574 -1.5
    endloop
  endfacet
  facet normal 0 1 0
    outer loop
      vertex 75.19997131801648 -8.6776 -1.4991371136745473
      vertex 75.19997131801648 -8.6776 -1.5
      vertex 75.18661462769802 -8.6776 -1.5
    endloop
  endfacet
  facet normal 0.7431448254774072 -0.6691306063588436 0
    outer loop
      vertex 73.71989958432546 -5.353304458113798 -1.496547778611676
      vertex 73.70137825961336 -5.373874473130269 -1.5
      vertex 73.71989958432546 -5.353304458113798 -1.5
    endloop
  endfacet
  facet normal 0.7431448254772427 -0.6691306063590267 0
    outer loop
      vertex 73.45228572576796 -5.650519758569475 -1.4966711032797928
      vertex 73.45228572576796 -5.650519758569475 -1.5
      vertex 73.468997848969 -5.63195906539305 -1.5
    endloop
  endfacet
  facet normal -0.20791169081793454 -0.9781476007337684 0
    outer loop
      vertex 75.19997131801648 -4.872400000000001 -1.4991371136745473
      vertex 75.19997131801648 -4.872400000000001 -1.5
      vertex 75.20476739443687 -4.8734194375134265 -1.5
    endloop
  endfacet
  facet normal 0 -1 0
    outer loop
      vertex 75.19997131801648 -4.872400000000001 -1.4991371136745473
      vertex 75.18661462769802 -4.872400000000001 -1.5
      vertex 75.19997131801648 -4.872400000000001 -1.5
    endloop
  endfacet
  facet normal -0.40673664307565877 -0.9135454576426638 0
    outer loop
      vertex 75.59117424788326 -4.955552749687723 -1.4977809217955436
      vertex 75.59117424788326 -4.955552749687723 -1.5
      vertex 75.60392972423621 -4.961231853654829 -1.5
    endloop
  endfacet
  facet normal -0.20791169081783908 -0.9781476007337887 0
    outer loop
      vertex 75.59117424788326 -4.955552749687723 -1.5
      vertex 75.59117424788326 -4.955552749687723 -1.4977809217955436
      vertex 75.56464055725361 -4.949912839639067 -1.5
    endloop
  endfacet
  facet normal -0.40673664307581137 -0.9135454576425958 0
    outer loop
      vertex 75.95654002634878 -5.1182240748906525 -1.5
      vertex 75.95654002634878 -5.1182240748906525 -1.4969177457160256
      vertex 75.92809441878934 -5.105559274434163 -1.5
    endloop
  endfacet
  facet normal -0.5877852522925272 -0.809016994374908 0
    outer loop
      vertex 75.95654002634878 -5.1182240748906525 -1.4969177457160256
      vertex 75.95654002634878 -5.1182240748906525 -1.5
      vertex 75.97412023371159 -5.13099684319089 -1.5
    endloop
  endfacet
  facet normal 0.8660254037843833 -0.5000000000000958 0
    outer loop
      vertex 73.45228572576796 -5.650519758569475 -1.4966711032797928
      vertex 73.4368128161972 -5.677319624086945 -1.5
      vertex 73.45228572576796 -5.650519758569475 -1.5
    endloop
  endfacet
  facet normal 0.8660254037844145 -0.5000000000000419 0
    outer loop
      vertex 73.25231440775148 -5.996880241430525 -1.4972876921207616
      vertex 73.25231440775148 -5.996880241430525 -1.5
      vertex 73.26133200036934 -5.98126131285445 -1.5
    endloop
  endfacet
  facet normal 0.20791169081793454 0.9781476007337684 0
    outer loop
      vertex 74.80002868198352 -8.6776 -1.4991371136745473
      vertex 74.80002868198352 -8.6776 -1.5
      vertex 74.79523260556313 -8.676580562486574 -1.5
    endloop
  endfacet
  facet normal 0.8660254037843833 0.5000000000000958 0
    outer loop
      vertex 73.45228572576796 -7.899480241430526 -1.4966711032797928
      vertex 73.45228572576796 -7.899480241430526 -1.5
      vertex 73.4368128161972 -7.872680375913056 -1.5
    endloop
  endfacet
  facet normal 0.9510565162952012 -0.3090169943748009 0
    outer loop
      vertex 73.25231440775148 -5.996880241430525 -1.4972876921207616
      vertex 73.24304275107444 -6.025415466547818 -1.5
      vertex 73.25231440775148 -5.996880241430525 -1.5
    endloop
  endfacet
  facet normal 0.9510565162948139 -0.3090169943759924 0
    outer loop
      vertex 73.12872533644219 -6.377248291573926 -1.4983974071442319
      vertex 73.12872533644219 -6.377248291573926 -1.5
      vertex 73.13168260452095 -6.368146756292948 -1.5
    endloop
  endfacet
  facet normal 0.9945218953683039 -0.10452846326736219 0
    outer loop
      vertex 73.12872533644219 -6.377248291573926 -1.4983974071442319
      vertex 73.12643705104954 -6.39901987277495 -1.5
      vertex 73.12872533644219 -6.377248291573926 -1.5
    endloop
  endfacet
  facet normal 0.9945218953683039 0.10452846326736219 0
    outer loop
      vertex 73.12872533644219 -7.172751708426075 -1.4983974071442319
      vertex 73.12872533644219 -7.172751708426075 -1.5
      vertex 73.12643705104954 -7.150980127225051 -1.5
    endloop
  endfacet
  facet normal 0.9510565162948139 0.3090169943759924 0
    outer loop
      vertex 73.12872533644219 -7.172751708426075 -1.4983974071442319
      vertex 73.13168260452095 -7.181853243707053 -1.5
      vertex 73.12872533644219 -7.172751708426075 -1.5
    endloop
  endfacet
  facet normal 0.9510565162952012 0.3090169943748009 0
    outer loop
      vertex 73.25231440775148 -7.553119758569475 -1.4972876921207616
      vertex 73.25231440775148 -7.553119758569475 -1.5
      vertex 73.24304275107444 -7.524584533452183 -1.5
    endloop
  endfacet
  facet normal -0.5877852522925517 -0.8090169943748904 0
    outer loop
      vertex 76.28010041567454 -5.353304458113798 -1.5
      vertex 76.28010041567454 -5.353304458113798 -1.496547778611676
      vertex 76.25605459791834 -5.335834148893246 -1.5
    endloop
  endfacet
  facet normal -0.7431448254774072 -0.6691306063588436 0
    outer loop
      vertex 76.28010041567454 -5.353304458113798 -1.496547778611676
      vertex 76.28010041567454 -5.353304458113798 -1.5
      vertex 76.29862174038664 -5.373874473130269 -1.5
    endloop
  endfacet
  facet normal -0.7431448254772427 -0.6691306063590267 0
    outer loop
      vertex 76.54771427423204 -5.650519758569475 -1.5
      vertex 76.54771427423204 -5.650519758569475 -1.4966711032797928
      vertex 76.531002151031 -5.63195906539305 -1.5
    endloop
  endfacet
  facet normal 0.7431448254772427 0.6691306063590267 0
    outer loop
      vertex 73.45228572576796 -7.899480241430526 -1.4966711032797928
      vertex 73.468997848969 -7.9180409346069505 -1.5
      vertex 73.45228572576796 -7.899480241430526 -1.5
    endloop
  endfacet
  facet normal 0 0 -1
    outer loop
      vertex 0 -12 -1.5
      vertex 14.025879766288412 -8.419003156809111 -1.5
      vertex 14.043459973651228 -8.431775925109347 -1.5
    endloop
  endfacet
  facet normal 1 0 0
    outer loop
      vertex 150 1.1499999985098839 10
      vertex 150 0.4750000014901161 8
      vertex 150 1.5499999970197678 10
    endloop
  endfacet
  facet normal 0 0 -1
    outer loop
      vertex 76.61985117567993 -5.757180047023255 -1.5
      vertex 76.5631871838028 -5.6773196240869455 -1.5
      vertex 150 -12 -1.5
    endloop
  endfacet
  facet normal 0 0 -1
    outer loop
      vertex 76.5631871838028 -5.6773196240869455 -1.5
      vertex 76.54771427423204 -5.650519758569475 -1.5
      vertex 150 -12 -1.5
    endloop
  endfacet
  facet normal 0 0 -1
    outer loop
      vertex 76.54771427423204 -5.650519758569475 -1.5
      vertex 76.49570621368053 -5.582214097003712 -1.5
      vertex 150 -12 -1.5
    endloop
  endfacet
  facet normal 0 0 -1
    outer loop
      vertex 76.49570621368053 -5.582214097003712 -1.5
      vertex 76.35275187821516 -5.422248121784848 -1.5
      vertex 150 -12 -1.5
    endloop
  endfacet
  facet normal 0 0 -1
    outer loop
      vertex 76.35275187821516 -5.422248121784848 -1.5
      vertex 76.28010041567454 -5.353304458113798 -1.5
      vertex 150 -12 -1.5
    endloop
  endfacet
  facet normal 0 0 -1
    outer loop
      vertex 76.28010041567454 -5.353304458113798 -1.5
      vertex 76.25605459791834 -5.335834148893246 -1.5
      vertex 150 -12 -1.5
    endloop
  endfacet
  facet normal 0 0 -1
    outer loop
      vertex 76.25605459791834 -5.335834148893246 -1.5
      vertex 76.19278590299629 -5.279293786319461 -1.5
      vertex 150 -12 -1.5
    endloop
  endfacet
  facet normal 0 0 -1
    outer loop
      vertex 76.19278590299629 -5.279293786319461 -1.5
      vertex 76.01781995297675 -5.155148824320067 -1.5
      vertex 150 -12 -1.5
    endloop
  endfacet
  facet normal 0 0 -1
    outer loop
      vertex 75.95654002634878 -5.1182240748906525 -1.5
      vertex 75.92809441878934 -5.105559274434163 -1.5
      vertex 150 -12 -1.5
    endloop
  endfacet
  facet normal 0 0 -1
    outer loop
      vertex 76.01781995297675 -5.155148824320067 -1.5
      vertex 75.95654002634878 -5.1182240748906525 -1.5
      vertex 150 -12 -1.5
    endloop
  endfacet
  facet normal 0 0 -1
    outer loop
      vertex 75.83005432649563 -5.051374430714391 -1.5
      vertex 75.63185028525008 -4.969275628713333 -1.5
      vertex 150 -12 -1.5
    endloop
  endfacet
  facet normal 0 0 -1
    outer loop
      vertex 75.92809441878934 -5.105559274434163 -1.5
      vertex 75.83005432649563 -5.051374430714391 -1.5
      vertex 150 -12 -1.5
    endloop
  endfacet
  facet normal 0 0 -1
    outer loop
      vertex 75.56464055725361 -4.949912839639067 -1.5
      vertex 75.42570036005945 -4.909884858386889 -1.5
      vertex 150 -12 -1.5
    endloop
  endfacet
  facet normal 0 0 -1
    outer loop
      vertex 75.59117424788326 -4.955552749687723 -1.5
      vertex 75.56464055725361 -4.949912839639067 -1.5
      vertex 150 -12 -1.5
    endloop
  endfacet
  facet normal 0 0 -1
    outer loop
      vertex 75.63185028525008 -4.969275628713333 -1.5
      vertex 75.59117424788326 -4.955552749687723 -1.5
      vertex 150 -12 -1.5
    endloop
  endfacet
  facet normal 0 0 -1
    outer loop
      vertex 75.42570036005945 -4.909884858386889 -1.5
      vertex 75.21419700584397 -4.873948993131241 -1.5
      vertex 150 -12 -1.5
    endloop
  endfacet
  facet normal 0 0 1
    outer loop
      vertex 150 -1.5499999970197678 0
      vertex 76.0625110977541 -9.811482262910983 0
      vertex 75.71585210522151 -9.911352998192896 0
    endloop
  endfacet
  facet normal 0 0 1
    outer loop
      vertex 150 -1.5499999970197678 0
      vertex 76.39580839674915 -9.673426001364918 0
      vertex 76.0625110977541 -9.811482262910983 0
    endloop
  endfacet
  facet normal 0 0 1
    outer loop
      vertex 150 -1.5499999970197678 0
      vertex 76.71155259528815 -9.49892035114575 0
      vertex 76.39580839674915 -9.673426001364918 0
    endloop
  endfacet
  facet normal 0 0 1
    outer loop
      vertex 150 -1.5499999970197678 0
      vertex 77.00577302687549 -9.290159822055527 0
      vertex 76.71155259528815 -9.49892035114575 0
    endloop
  endfacet
  facet normal 0 0 1
    outer loop
      vertex 150 -1.5499999970197678 0
      vertex 77.27476969887323 -9.049769698873233 0
      vertex 77.00577302687549 -9.290159822055527 0
    endloop
  endfacet
  facet normal 0 0 1
    outer loop
      vertex 150 -1.5499999970197678 0
      vertex 77.51515982205552 -8.780773026875485 0
      vertex 77.27476969887323 -9.049769698873233 0
    endloop
  endfacet
  facet normal 0 0 1
    outer loop
      vertex 150 -1.5499999970197678 0
      vertex 77.72392035114575 -8.486552595288162 0
      vertex 77.51515982205552 -8.780773026875485 0
    endloop
  endfacet
  facet normal 0 0 1
    outer loop
      vertex 150 -1.5499999970197678 0
      vertex 77.89842600136491 -8.170808396749141 0
      vertex 77.72392035114575 -8.486552595288162 0
    endloop
  endfacet
  facet normal 0 0 -1
    outer loop
      vertex 76.74768559224852 -5.996880241430525 -1.5
      vertex 76.7236255692856 -5.944945673504374 -1.5
      vertex 150 -12 -1.5
    endloop
  endfacet
  facet normal 0 0 -1
    outer loop
      vertex 76.74768559224852 -5.996880241430525 -1.5
      vertex 76.73866799963066 -5.98126131285445 -1.5
      vertex 76.7236255692856 -5.944945673504374 -1.5
    endloop
  endfacet
  facet normal 0 0 -1
    outer loop
      vertex 76.75695724892556 -6.025415466547818 -1.5
      vertex 76.74768559224852 -5.996880241430525 -1.5
      vertex 150 -12 -1.5
    endloop
  endfacet
  facet normal 0 0 -1
    outer loop
      vertex 76.80572437128667 -6.143149714749914 -1.5
      vertex 76.75695724892556 -6.025415466547818 -1.5
      vertex 150 -12 -1.5
    endloop
  endfacet
  facet normal 0 0 -1
    outer loop
      vertex 76.54771427423204 -5.650519758569475 -1.5
      vertex 76.531002151031 -5.63195906539305 -1.5
      vertex 76.49570621368053 -5.582214097003712 -1.5
    endloop
  endfacet
  facet normal 0 0 -1
    outer loop
      vertex 76.35275187821516 -5.422248121784848 -1.5
      vertex 76.29862174038664 -5.373874473130269 -1.5
      vertex 76.28010041567454 -5.353304458113798 -1.5
    endloop
  endfacet
  facet normal 0 0 -1
    outer loop
      vertex 76.86511514161312 -6.349299639940548 -1.5
      vertex 76.80572437128667 -6.143149714749914 -1.5
      vertex 150 -12 -1.5
    endloop
  endfacet
  facet normal 0 0 -1
    outer loop
      vertex 76.87127466355781 -6.377248291573926 -1.5
      vertex 76.86511514161312 -6.349299639940548 -1.5
      vertex 150 -12 -1.5
    endloop
  endfacet
  facet normal 0 0 -1
    outer loop
      vertex 76.87356294895046 -6.399019872774949 -1.5
      vertex 76.87127466355781 -6.377248291573926 -1.5
      vertex 150 -12 -1.5
    endloop
  endfacet
  facet normal 0 0 -1
    outer loop
      vertex 76.90105100686876 -6.56080299415603 -1.5
      vertex 76.87356294895046 -6.399019872774949 -1.5
      vertex 150 -12 -1.5
    endloop
  endfacet
  facet normal 0 0 -1
    outer loop
      vertex 76.91308005269755 -6.775 -1.5
      vertex 76.90105100686876 -6.56080299415603 -1.5
      vertex 150 -12 -1.5
    endloop
  endfacet
  facet normal 0 0 -1
    outer loop
      vertex 76.90105100686876 -6.9891970058439705 -1.5
      vertex 76.91308005269755 -6.775 -1.5
      vertex 150 -12 -1.5
    endloop
  endfacet
  facet normal 0 0 -1
    outer loop
      vertex 76.87356294895046 -7.1509801272250515 -1.5
      vertex 76.90105100686876 -6.9891970058439705 -1.5
      vertex 150 -12 -1.5
    endloop
  endfacet
  facet normal 0 0 -1
    outer loop
      vertex 76.87127466355781 -7.172751708426075 -1.5
      vertex 76.87356294895046 -7.1509801272250515 -1.5
      vertex 150 -12 -1.5
    endloop
  endfacet
  facet normal 0 0 -1
    outer loop
      vertex 76.86511514161312 -7.200700360059453 -1.5
      vertex 76.87127466355781 -7.172751708426075 -1.5
      vertex 150 -12 -1.5
    endloop
  endfacet
  facet normal 0 0 -1
    outer loop
      vertex 76.80572437128667 -7.406850285250087 -1.5
      vertex 76.86511514161312 -7.200700360059453 -1.5
      vertex 150 -12 -1.5
    endloop
  endfacet
  facet normal 0 0 -1
    outer loop
      vertex 76.75695724892556 -7.524584533452183 -1.5
      vertex 76.80572437128667 -7.406850285250087 -1.5
      vertex 150 -12 -1.5
    endloop
  endfacet
  facet normal 0 0 1
    outer loop
      vertex 75.71585210522151 -9.911352998192896 0
      vertex 75.36019085711868 -9.971782274768136 0
      vertex 131.8032177252319 -7.13519085711869 0
    endloop
  endfacet
  facet normal 0 0 -1
    outer loop
      vertex 76.01781995297675 -5.155148824320067 -1.5
      vertex 75.97412023371159 -5.13099684319089 -1.5
      vertex 75.95654002634878 -5.1182240748906525 -1.5
    endloop
  endfacet
  facet normal 0 0 1
    outer loop
      vertex 75.36019085711868 -9.971782274768136 0
      vertex 75 -9.992010159421888 0
      vertex 132.10157399863508 -8.170808396749141 0
    endloop
  endfacet
  facet normal 0 0 1
    outer loop
      vertex 0 -12 0
      vertex 150 -12 0
      vertex 135 -9.992010159421888 0
    endloop
  endfacet
  facet normal 0 0 -1
    outer loop
      vertex 76.74768559224852 -7.553119758569475 -1.5
      vertex 76.75695724892556 -7.524584533452183 -1.5
      vertex 150 -12 -1.5
    endloop
  endfacet
  facet normal 0 0 -1
    outer loop
      vertex 75.63185028525008 -4.969275628713333 -1.5
      vertex 75.60392972423621 -4.961231853654829 -1.5
      vertex 75.59117424788326 -4.955552749687723 -1.5
    endloop
  endfacet
  facet normal 0 0 -1
    outer loop
      vertex 76.7236255692856 -7.605054326495627 -1.5
      vertex 76.74768559224852 -7.553119758569475 -1.5
      vertex 150 -12 -1.5
    endloop
  endfacet
  facet normal 0 0 -1
    outer loop
      vertex 75.21419700584397 -4.873948993131241 -1.5
      vertex 75.20476739443687 -4.8734194375134265 -1.5
      vertex 75.19997131801648 -4.872400000000001 -1.5
    endloop
  endfacet
  facet normal 0 0 -1
    outer loop
      vertex 76.61985117567993 -7.792819952976746 -1.5
      vertex 76.7236255692856 -7.605054326495627 -1.5
      vertex 150 -12 -1.5
    endloop
  endfacet
  facet normal 0 0 -1
    outer loop
      vertex 76.5631871838028 -7.872680375913055 -1.5
      vertex 76.61985117567993 -7.792819952976746 -1.5
      vertex 150 -12 -1.5
    endloop
  endfacet
  facet normal 0 0 -1
    outer loop
      vertex 76.54771427423204 -7.899480241430526 -1.5
      vertex 76.5631871838028 -7.872680375913055 -1.5
      vertex 150 -12 -1.5
    endloop
  endfacet
  facet normal 0 0 -1
    outer loop
      vertex 76.49570621368053 -7.9677859029962885 -1.5
      vertex 76.54771427423204 -7.899480241430526 -1.5
      vertex 150 -12 -1.5
    endloop
  endfacet
  facet normal 0 0 -1
    outer loop
      vertex 76.35275187821516 -8.127751878215154 -1.5
      vertex 76.49570621368053 -7.9677859029962885 -1.5
      vertex 150 -12 -1.5
    endloop
  endfacet
  facet normal 0 0 -1
    outer loop
      vertex 76.28010041567454 -8.196695541886204 -1.5
      vertex 76.35275187821516 -8.127751878215154 -1.5
      vertex 150 -12 -1.5
    endloop
  endfacet
  facet normal 0 0 -1
    outer loop
      vertex 76.25605459791834 -8.214165851106754 -1.5
      vertex 76.28010041567454 -8.196695541886204 -1.5
      vertex 150 -12 -1.5
    endloop
  endfacet
  facet normal 0 0 -1
    outer loop
      vertex 76.19278590299629 -8.27070621368054 -1.5
      vertex 76.25605459791834 -8.214165851106754 -1.5
      vertex 150 -12 -1.5
    endloop
  endfacet
  facet normal 0 0 -1
    outer loop
      vertex 76.01781995297675 -8.394851175679934 -1.5
      vertex 76.19278590299629 -8.27070621368054 -1.5
      vertex 150 -12 -1.5
    endloop
  endfacet
  facet normal 0 0 -1
    outer loop
      vertex 75.95654002634878 -8.431775925109347 -1.5
      vertex 76.01781995297675 -8.394851175679934 -1.5
      vertex 150 -12 -1.5
    endloop
  endfacet
  facet normal 0 0 -1
    outer loop
      vertex 75.92809441878934 -8.444440725565837 -1.5
      vertex 75.95654002634878 -8.431775925109347 -1.5
      vertex 150 -12 -1.5
    endloop
  endfacet
  facet normal 0 0 -1
    outer loop
      vertex 75.83005432649563 -8.49862556928561 -1.5
      vertex 75.92809441878934 -8.444440725565837 -1.5
      vertex 150 -12 -1.5
    endloop
  endfacet
  facet normal 0 0 -1
    outer loop
      vertex 75.63185028525008 -8.580724371286667 -1.5
      vertex 75.83005432649563 -8.49862556928561 -1.5
      vertex 150 -12 -1.5
    endloop
  endfacet
  facet normal 0 0 -1
    outer loop
      vertex 75.59117424788326 -8.594447250312278 -1.5
      vertex 75.63185028525008 -8.580724371286667 -1.5
      vertex 150 -12 -1.5
    endloop
  endfacet
  facet normal 0 0 -1
    outer loop
      vertex 75.56464055725361 -8.600087160360934 -1.5
      vertex 75.59117424788326 -8.594447250312278 -1.5
      vertex 150 -12 -1.5
    endloop
  endfacet
  facet normal 0 0 -1
    outer loop
      vertex 75.42570036005945 -8.640115141613112 -1.5
      vertex 75.56464055725361 -8.600087160360934 -1.5
      vertex 150 -12 -1.5
    endloop
  endfacet
  facet normal 0 0 -1
    outer loop
      vertex 75.21419700584397 -8.67605100686876 -1.5
      vertex 75.42570036005945 -8.640115141613112 -1.5
      vertex 150 -12 -1.5
    endloop
  endfacet
  facet normal 0 0 -1
    outer loop
      vertex 75 -8.688080052697547 -1.5
      vertex 75.19997131801648 -8.6776 -1.5
      vertex 150 -12 -1.5
    endloop
  endfacet
  facet normal 0 0 -1
    outer loop
      vertex 75.19997131801648 -8.6776 -1.5
      vertex 75.21419700584397 -8.67605100686876 -1.5
      vertex 150 -12 -1.5
    endloop
  endfacet
  facet normal 0 -1 0
    outer loop
      vertex 150 -12 0
      vertex 0 -12 -1.5
      vertex 150 -12 -1.5
    endloop
  endfacet
  facet normal 0 0 -1
    outer loop
      vertex 76.87127466355781 -6.377248291573926 -1.5
      vertex 76.86831739547905 -6.368146756292949 -1.5
      vertex 76.86511514161312 -6.349299639940548 -1.5
    endloop
  endfacet
  facet normal 0 0 -1
    outer loop
      vertex 76.86511514161312 -7.200700360059453 -1.5
      vertex 76.86831739547905 -7.181853243707052 -1.5
      vertex 76.87127466355781 -7.172751708426075 -1.5
    endloop
  endfacet
  facet normal 0 0 -1
    outer loop
      vertex 76.7236255692856 -7.605054326495627 -1.5
      vertex 76.73866799963066 -7.568738687145551 -1.5
      vertex 76.74768559224852 -7.553119758569475 -1.5
    endloop
  endfacet
  facet normal 0 0 -1
    outer loop
      vertex 76.49570621368053 -7.9677859029962885 -1.5
      vertex 76.531002151031 -7.9180409346069505 -1.5
      vertex 76.54771427423204 -7.899480241430526 -1.5
    endloop
  endfacet
  facet normal 0 0 -1
    outer loop
      vertex 76.28010041567454 -8.196695541886204 -1.5
      vertex 76.29862174038664 -8.176125526869733 -1.5
      vertex 76.35275187821516 -8.127751878215154 -1.5
    endloop
  endfacet
  facet normal 0 0 -1
    outer loop
      vertex 75.95654002634878 -8.431775925109347 -1.5
      vertex 75.97412023371159 -8.41900315680911 -1.5
      vertex 76.01781995297675 -8.394851175679934 -1.5
    endloop
  endfacet
  facet normal 0 0 -1
    outer loop
      vertex 75.59117424788326 -8.594447250312278 -1.5
      vertex 75.60392972423621 -8.588768146345172 -1.5
      vertex 75.63185028525008 -8.580724371286667 -1.5
    endloop
  endfacet
  facet normal 0 0 -1
    outer loop
      vertex 75.19997131801648 -8.6776 -1.5
      vertex 75.20476739443687 -8.676580562486574 -1.5
      vertex 75.21419700584397 -8.67605100686876 -1.5
    endloop
  endfacet
  facet normal 0 0 -1
    outer loop
      vertex 75 -8.688080052697547 -1.5
      vertex 75.18661462769802 -8.6776 -1.5
      vertex 75.19997131801648 -8.6776 -1.5
    endloop
  endfacet
  facet normal 0 0 1
    outer loop
      vertex 0 -12 0
      vertex 133.9374889022459 -9.811482262910983 0
      vertex 133.60419160325088 -9.673426001364918 0
    endloop
  endfacet
  facet normal 0 0 1
    outer loop
      vertex 0 -12 0
      vertex 132.48484017794448 -8.780773026875485 0
      vertex 132.27607964885425 -8.48655259528816 0
    endloop
  endfacet
  facet normal 0 0 1
    outer loop
      vertex 0 -12 0
      vertex 132.9942269731245 -9.290159822055525 0
      vertex 132.72523030112677 -9.049769698873233 0
    endloop
  endfacet
  facet normal 0 0 1
    outer loop
      vertex 0 -12 0
      vertex 132.72523030112677 -9.049769698873233 0
      vertex 132.48484017794448 -8.780773026875485 0
    endloop
  endfacet
  facet normal 0 0 -1
    outer loop
      vertex 75.21419700584397 -4.873948993131241 -1.5
      vertex 15.631850285250087 8.580724371286667 -1.5
      vertex 150 -12 -1.5
    endloop
  endfacet
  facet normal 0 0 -1
    outer loop
      vertex 0 12 -1.5
      vertex 134.3681497147499 -8.580724371286667 -1.5
      vertex 134.40882575211674 -8.594447250312278 -1.5
    endloop
  endfacet
  facet normal 0 0 -1
    outer loop
      vertex 0 12 -1.5
      vertex 134.16994567350437 -8.49862556928561 -1.5
      vertex 134.3681497147499 -8.580724371286667 -1.5
    endloop
  endfacet
  facet normal 0 0 -1
    outer loop
      vertex 0 12 -1.5
      vertex 134.40882575211674 -8.594447250312278 -1.5
      vertex 134.57429963994053 -8.640115141613112 -1.5
    endloop
  endfacet
  facet normal 0 0 -1
    outer loop
      vertex 0 12 -1.5
      vertex 133.98218004702326 -8.394851175679934 -1.5
      vertex 134.02587976628843 -8.419003156809111 -1.5
    endloop
  endfacet
  facet normal 0 0 -1
    outer loop
      vertex 0 12 -1.5
      vertex 134.07190558121067 -8.444440725565837 -1.5
      vertex 134.16994567350437 -8.49862556928561 -1.5
    endloop
  endfacet
  facet normal 0 0 -1
    outer loop
      vertex 0 12 -1.5
      vertex 134.04345997365124 -8.431775925109347 -1.5
      vertex 134.07190558121067 -8.444440725565837 -1.5
    endloop
  endfacet
  facet normal 0 0 -1
    outer loop
      vertex 0 12 -1.5
      vertex 134.02587976628843 -8.419003156809111 -1.5
      vertex 134.04345997365124 -8.431775925109347 -1.5
    endloop
  endfacet
  facet normal 0 0 -1
    outer loop
      vertex 0 12 -1.5
      vertex 133.8072140970037 -8.270706213680539 -1.5
      vertex 133.98218004702326 -8.394851175679934 -1.5
    endloop
  endfacet
  facet normal 0 0 -1
    outer loop
      vertex 0 12 -1.5
      vertex 133.50429378631947 -7.967785902996289 -1.5
      vertex 133.64724812178486 -8.127751878215154 -1.5
    endloop
  endfacet
  facet normal 0 0 -1
    outer loop
      vertex 0 12 -1.5
      vertex 133.468997848969 -7.9180409346069505 -1.5
      vertex 133.50429378631947 -7.967785902996289 -1.5
    endloop
  endfacet
  facet normal 0 0 -1
    outer loop
      vertex 0 12 -1.5
      vertex 133.45228572576798 -7.899480241430526 -1.5
      vertex 133.468997848969 -7.9180409346069505 -1.5
    endloop
  endfacet
  facet normal 0 0 -1
    outer loop
      vertex 0 12 -1.5
      vertex 133.4368128161972 -7.872680375913056 -1.5
      vertex 133.45228572576798 -7.899480241430526 -1.5
    endloop
  endfacet
  facet normal 0 0 -1
    outer loop
      vertex 0 12 -1.5
      vertex 133.38014882432006 -7.792819952976745 -1.5
      vertex 133.4368128161972 -7.872680375913056 -1.5
    endloop
  endfacet
  facet normal 0 0 -1
    outer loop
      vertex 0 12 -1.5
      vertex 133.27637443071438 -7.605054326495627 -1.5
      vertex 133.38014882432006 -7.792819952976745 -1.5
    endloop
  endfacet
  facet normal 0 0 -1
    outer loop
      vertex 0 12 -1.5
      vertex 133.26133200036935 -7.568738687145551 -1.5
      vertex 133.27637443071438 -7.605054326495627 -1.5
    endloop
  endfacet
  facet normal 0 0 -1
    outer loop
      vertex 0 12 -1.5
      vertex 133.2523144077515 -7.553119758569475 -1.5
      vertex 133.26133200036935 -7.568738687145551 -1.5
    endloop
  endfacet
  facet normal 0 0 -1
    outer loop
      vertex 0 12 -1.5
      vertex 133.24304275107443 -7.524584533452183 -1.5
      vertex 133.2523144077515 -7.553119758569475 -1.5
    endloop
  endfacet
  facet normal 0 0 -1
    outer loop
      vertex 0 12 -1.5
      vertex 133.19427562871334 -7.406850285250087 -1.5
      vertex 133.24304275107443 -7.524584533452183 -1.5
    endloop
  endfacet
  facet normal 0 0 -1
    outer loop
      vertex 0 12 -1.5
      vertex 133.1348848583869 -7.200700360059454 -1.5
      vertex 133.19427562871334 -7.406850285250087 -1.5
    endloop
  endfacet
  facet normal 0 0 -1
    outer loop
      vertex 0 12 -1.5
      vertex 133.12643705104952 -7.150980127225051 -1.5
      vertex 133.1287253364422 -7.172751708426075 -1.5
    endloop
  endfacet
  facet normal 0 0 -1
    outer loop
      vertex 0 12 -1.5
      vertex 133.1287253364422 -7.172751708426075 -1.5
      vertex 133.13168260452093 -7.181853243707053 -1.5
    endloop
  endfacet
  facet normal 0 0 -1
    outer loop
      vertex 0 12 -1.5
      vertex 133.13168260452093 -7.181853243707053 -1.5
      vertex 133.1348848583869 -7.200700360059454 -1.5
    endloop
  endfacet
  facet normal 0 0 -1
    outer loop
      vertex 0 12 -1.5
      vertex 133.09894899313124 -6.98919700584397 -1.5
      vertex 133.12643705104952 -7.150980127225051 -1.5
    endloop
  endfacet
  facet normal 0 0 -1
    outer loop
      vertex 0 12 -1.5
      vertex 133.08691994730245 -6.775 -1.5
      vertex 133.09894899313124 -6.98919700584397 -1.5
    endloop
  endfacet
  facet normal 0 0 -1
    outer loop
      vertex 133.09894899313124 -6.560802994156031 -1.5
      vertex 133.08691994730245 -6.775 -1.5
      vertex 0 12 -1.5
    endloop
  endfacet
  facet normal 0 0 -1
    outer loop
      vertex 133.12643705104952 -6.39901987277495 -1.5
      vertex 133.09894899313124 -6.560802994156031 -1.5
      vertex 0 12 -1.5
    endloop
  endfacet
  facet normal 0 0 -1
    outer loop
      vertex 133.1287253364422 -6.377248291573926 -1.5
      vertex 133.12643705104952 -6.39901987277495 -1.5
      vertex 0 12 -1.5
    endloop
  endfacet
  facet normal 0 0 -1
    outer loop
      vertex 133.13168260452093 -6.368146756292948 -1.5
      vertex 133.1287253364422 -6.377248291573926 -1.5
      vertex 0 12 -1.5
    endloop
  endfacet
  facet normal 0 0 -1
    outer loop
      vertex 133.1348848583869 -6.349299639940547 -1.5
      vertex 133.13168260452093 -6.368146756292948 -1.5
      vertex 0 12 -1.5
    endloop
  endfacet
  facet normal 0 0 -1
    outer loop
      vertex 133.19427562871334 -6.143149714749914 -1.5
      vertex 133.1348848583869 -6.349299639940547 -1.5
      vertex 0 12 -1.5
    endloop
  endfacet
  facet normal 0 0 -1
    outer loop
      vertex 133.24304275107443 -6.025415466547818 -1.5
      vertex 133.19427562871334 -6.143149714749914 -1.5
      vertex 0 12 -1.5
    endloop
  endfacet
  facet normal 0 0 -1
    outer loop
      vertex 133.2523144077515 -5.996880241430525 -1.5
      vertex 133.24304275107443 -6.025415466547818 -1.5
      vertex 0 12 -1.5
    endloop
  endfacet
  facet normal 0 0 -1
    outer loop
      vertex 0 12 -1.5
      vertex 133.74394540208166 -8.214165851106754 -1.5
      vertex 133.8072140970037 -8.270706213680539 -1.5
    endloop
  endfacet
  facet normal 0 0 -1
    outer loop
      vertex 0 12 -1.5
      vertex 133.70137825961336 -8.176125526869733 -1.5
      vertex 133.71989958432545 -8.196695541886204 -1.5
    endloop
  endfacet
  facet normal 0 0 -1
    outer loop
      vertex 0 12 -1.5
      vertex 133.71989958432545 -8.196695541886204 -1.5
      vertex 133.74394540208166 -8.214165851106754 -1.5
    endloop
  endfacet
  facet normal 0 0 -1
    outer loop
      vertex 0 12 -1.5
      vertex 133.64724812178486 -8.127751878215154 -1.5
      vertex 133.70137825961336 -8.176125526869733 -1.5
    endloop
  endfacet
  facet normal 0 0 1
    outer loop
      vertex 75 -3.557989840578114 0
      vertex 150 -1.5499999970197678 0
      vertex 15.36019085711869 -3.5782177252318648 0
    endloop
  endfacet
  facet normal 0 0 1
    outer loop
      vertex 150 -1.5499999970197678 0
      vertex 78.03648226291098 -7.837511097754103 0
      vertex 77.89842600136491 -8.170808396749141 0
    endloop
  endfacet
  facet normal 0 0 1
    outer loop
      vertex 150 -1.5499999970197678 0
      vertex 78.1363529981929 -7.490852105221509 0
      vertex 78.03648226291098 -7.837511097754103 0
    endloop
  endfacet
  facet normal 0 0 1
    outer loop
      vertex 150 -1.5499999970197678 0
      vertex 78.19678227476814 -7.135190857118692 0
      vertex 78.1363529981929 -7.490852105221509 0
    endloop
  endfacet
  facet normal 0 0 1
    outer loop
      vertex 150 -1.5499999970197678 0
      vertex 78.21701015942189 -6.775 0
      vertex 78.19678227476814 -7.135190857118692 0
    endloop
  endfacet
  facet normal 0 0 1
    outer loop
      vertex 78.19678227476814 -6.4148091428813085 0
      vertex 78.21701015942189 -6.775 0
      vertex 150 -1.5499999970197678 0
    endloop
  endfacet
  facet normal 0 0 1
    outer loop
      vertex 78.1363529981929 -6.059147894778492 0
      vertex 78.19678227476814 -6.4148091428813085 0
      vertex 150 -1.5499999970197678 0
    endloop
  endfacet
  facet normal 0 0 1
    outer loop
      vertex 78.03648226291098 -5.712488902245898 0
      vertex 78.1363529981929 -6.059147894778492 0
      vertex 150 -1.5499999970197678 0
    endloop
  endfacet
  facet normal 0 0 1
    outer loop
      vertex 77.89842600136491 -5.37919160325086 0
      vertex 78.03648226291098 -5.712488902245898 0
      vertex 150 -1.5499999970197678 0
    endloop
  endfacet
  facet normal 0 0 1
    outer loop
      vertex 77.72392035114575 -5.063447404711839 0
      vertex 77.89842600136491 -5.37919160325086 0
      vertex 150 -1.5499999970197678 0
    endloop
  endfacet
  facet normal 0 0 1
    outer loop
      vertex 77.51515982205552 -4.769226973124516 0
      vertex 77.72392035114575 -5.063447404711839 0
      vertex 150 -1.5499999970197678 0
    endloop
  endfacet
  facet normal 0 0 1
    outer loop
      vertex 77.27476969887323 -4.500230301126768 0
      vertex 77.51515982205552 -4.769226973124516 0
      vertex 150 -1.5499999970197678 0
    endloop
  endfacet
  facet normal 0 0 1
    outer loop
      vertex 77.00577302687549 -4.259840177944473 0
      vertex 77.27476969887323 -4.500230301126768 0
      vertex 150 -1.5499999970197678 0
    endloop
  endfacet
  facet normal 0 0 1
    outer loop
      vertex 76.71155259528815 -4.05107964885425 0
      vertex 77.00577302687549 -4.259840177944473 0
      vertex 150 -1.5499999970197678 0
    endloop
  endfacet
  facet normal 0 0 1
    outer loop
      vertex 76.39580839674915 -3.8765739986350827 0
      vertex 76.71155259528815 -4.05107964885425 0
      vertex 150 -1.5499999970197678 0
    endloop
  endfacet
  facet normal 0 0 1
    outer loop
      vertex 76.0625110977541 -3.7385177370890177 0
      vertex 76.39580839674915 -3.8765739986350827 0
      vertex 150 -1.5499999970197678 0
    endloop
  endfacet
  facet normal 0 0 -1
    outer loop
      vertex 150 -12 -1.5
      vertex 0 12 -1.5
      vertex 134.57429963994053 -8.640115141613112 -1.5
    endloop
  endfacet
  facet normal 0 0 1
    outer loop
      vertex 75 -3.557989840578114 0
      vertex 75.36019085711868 -3.5782177252318648 0
      vertex 150 -1.5499999970197678 0
    endloop
  endfacet
  facet normal 0 0 1
    outer loop
      vertex 75.36019085711868 -3.5782177252318648 0
      vertex 75.71585210522151 -3.6386470018071044 0
      vertex 150 -1.5499999970197678 0
    endloop
  endfacet
  facet normal 0 0 1
    outer loop
      vertex 75.71585210522151 -3.6386470018071044 0
      vertex 76.0625110977541 -3.7385177370890177 0
      vertex 150 -1.5499999970197678 0
    endloop
  endfacet
  facet normal 0 0 1
    outer loop
      vertex 150 0.5499999970197678 0
      vertex 0 -0.5499999970197678 0
      vertex 150 -0.5499999970197678 0
    endloop
  endfacet
  facet normal 0 -1 0
    outer loop
      vertex 150 -1.5499999970197678 10
      vertex 0 -1.5499999970197678 0
      vertex 150 -1.5499999970197678 0
    endloop
  endfacet
  facet normal 0 0 1
    outer loop
      vertex 75 -9.992010159421888 0
      vertex 132.27607964885425 -8.48655259528816 0
      vertex 132.10157399863508 -8.170808396749141 0
    endloop
  endfacet
  facet normal 0 0 1
    outer loop
      vertex 75.36019085711868 -9.971782274768136 0
      vertex 132.10157399863508 -8.170808396749141 0
      vertex 131.963517737089 -7.837511097754103 0
    endloop
  endfacet
  facet normal 0 0 1
    outer loop
      vertex 75.36019085711868 -9.971782274768136 0
      vertex 131.963517737089 -7.837511097754103 0
      vertex 131.8636470018071 -7.49085210522151 0
    endloop
  endfacet
  facet normal 0 0 1
    outer loop
      vertex 75.36019085711868 -9.971782274768136 0
      vertex 131.8636470018071 -7.49085210522151 0
      vertex 131.8032177252319 -7.13519085711869 0
    endloop
  endfacet
  facet normal 0 0 1
    outer loop
      vertex 75.71585210522151 -9.911352998192896 0
      vertex 131.8032177252319 -7.13519085711869 0
      vertex 131.7829898405781 -6.775 0
    endloop
  endfacet
  facet normal 0 0 1
    outer loop
      vertex 75.71585210522151 -9.911352998192896 0
      vertex 131.7829898405781 -6.775 0
      vertex 131.8032177252319 -6.41480914288131 0
    endloop
  endfacet
  facet normal 0 0 1
    outer loop
      vertex 75.71585210522151 -9.911352998192896 0
      vertex 131.8032177252319 -6.41480914288131 0
      vertex 131.8636470018071 -6.059147894778491 0
    endloop
  endfacet
  facet normal 0 0 1
    outer loop
      vertex 75.71585210522151 -9.911352998192896 0
      vertex 131.8636470018071 -6.059147894778491 0
      vertex 131.963517737089 -5.712488902245898 0
    endloop
  endfacet
  facet normal 0 0 1
    outer loop
      vertex 75.71585210522151 -9.911352998192896 0
      vertex 131.963517737089 -5.712488902245898 0
      vertex 132.10157399863508 -5.37919160325086 0
    endloop
  endfacet
  facet normal 0 0 1
    outer loop
      vertex 75.71585210522151 -9.911352998192896 0
      vertex 132.10157399863508 -5.37919160325086 0
      vertex 132.27607964885425 -5.06344740471184 0
    endloop
  endfacet
  facet normal 0 0 1
    outer loop
      vertex 75.71585210522151 -9.911352998192896 0
      vertex 132.27607964885425 -5.06344740471184 0
      vertex 132.48484017794448 -4.769226973124516 0
    endloop
  endfacet
  facet normal 0 0 1
    outer loop
      vertex 75.71585210522151 -9.911352998192896 0
      vertex 132.48484017794448 -4.769226973124516 0
      vertex 132.72523030112677 -4.500230301126768 0
    endloop
  endfacet
  facet normal 0 0 1
    outer loop
      vertex 75.71585210522151 -9.911352998192896 0
      vertex 132.72523030112677 -4.500230301126768 0
      vertex 132.9942269731245 -4.259840177944475 0
    endloop
  endfacet
  facet normal 0 0 1
    outer loop
      vertex 75.71585210522151 -9.911352998192896 0
      vertex 132.9942269731245 -4.259840177944475 0
      vertex 133.28844740471183 -4.051079648854248 0
    endloop
  endfacet
  facet normal 0 0 1
    outer loop
      vertex 0 -12 0
      vertex 133.28844740471183 -9.498920351145753 0
      vertex 132.9942269731245 -9.290159822055525 0
    endloop
  endfacet
  facet normal 0 0 1
    outer loop
      vertex 0 -12 0
      vertex 133.60419160325088 -9.673426001364918 0
      vertex 133.28844740471183 -9.498920351145753 0
    endloop
  endfacet
  facet normal 0 0 1
    outer loop
      vertex 0 -12 0
      vertex 135 -9.992010159421888 0
      vertex 134.6398091428813 -9.971782274768136 0
    endloop
  endfacet
  facet normal 0 0 1
    outer loop
      vertex 0 -12 0
      vertex 134.2841478947785 -9.911352998192896 0
      vertex 133.9374889022459 -9.811482262910983 0
    endloop
  endfacet
  facet normal 0 0 1
    outer loop
      vertex 0 -12 0
      vertex 134.6398091428813 -9.971782274768136 0
      vertex 134.2841478947785 -9.911352998192896 0
    endloop
  endfacet
  facet normal 0 0 -1
    outer loop
      vertex 75 -8.688080052697547 -1.5
      vertex 150 -12 -1.5
      vertex 15.21419700584397 -8.67605100686876 -1.5
    endloop
  endfacet
  facet normal 0 0 -1
    outer loop
      vertex 0 -12 -1.5
      vertex 13.982180047023256 -8.394851175679934 -1.5
      vertex 14.025879766288412 -8.419003156809111 -1.5
    endloop
  endfacet
  facet normal 0 0 -1
    outer loop
      vertex 0 -12 -1.5
      vertex 14.043459973651228 -8.431775925109347 -1.5
      vertex 14.071905581210661 -8.444440725565837 -1.5
    endloop
  endfacet
  facet normal 0 0 1
    outer loop
      vertex 0 1.5499999970197678 10
      vertex 0 1.1499999985098839 10
      vertex 150 1.5499999970197678 10
    endloop
  endfacet
  facet normal 0 -0.9474922794149795 0.3197786428906821
    outer loop
      vertex 0 1.1499999985098839 10
      vertex 0 0.4750000014901161 8
      vertex 150 1.1499999985098839 10
    endloop
  endfacet
  facet normal 0 -0.9999560575893115 -0.009374587481130806
    outer loop
      vertex 0 0.4750000014901161 8
      vertex 0 0.5499999970197678 0
      vertex 150 0.4750000014901161 8
    endloop
  endfacet
  facet normal -1 0 0
    outer loop
      vertex 0 1.5499999970197678 10
      vertex 0 0.4750000014901161 8
      vertex 0 1.1499999985098839 10
    endloop
  endfacet
  facet normal -1 0 0
    outer loop
      vertex 0 1.5499999970197678 10
      vertex 0 1.5499999970197678 0
      vertex 0 0.4750000014901161 8
    endloop
  endfacet
  facet normal 0 0 1
    outer loop
      vertex 150 12 0
      vertex 15 9.992010159421888 0
      vertex 15.36019085711869 9.971782274768136 0
    endloop
  endfacet
  facet normal 0 0 -1
    outer loop
      vertex 74.80002868198352 8.6776 -1.5
      vertex 74.79523260556313 8.676580562486574 -1.5
      vertex 74.78580299415603 8.67605100686876 -1.5
    endloop
  endfacet
  facet normal 0 0 1
    outer loop
      vertex 150 12 0
      vertex 0 12 0
      vertex 15 9.992010159421888 0
    endloop
  endfacet
  facet normal 0 0 -1
    outer loop
      vertex 150 -12 -1.5
      vertex 134.78580299415603 -8.67605100686876 -1.5
      vertex 134.80002868198352 -8.6776 -1.5
    endloop
  endfacet
  facet normal 0 0 -1
    outer loop
      vertex 150 -12 -1.5
      vertex 134.80002868198352 -8.6776 -1.5
      vertex 134.81338537230198 -8.6776 -1.5
    endloop
  endfacet
  facet normal 0 0 -1
    outer loop
      vertex 150 -12 -1.5
      vertex 134.57429963994053 -8.640115141613112 -1.5
      vertex 134.78580299415603 -8.67605100686876 -1.5
    endloop
  endfacet
  facet normal 0 0 -1
    outer loop
      vertex 150 -12 -1.5
      vertex 134.81338537230198 -8.6776 -1.5
      vertex 135 -8.688080052697547 -1.5
    endloop
  endfacet
  facet normal 0 0 -1
    outer loop
      vertex 150 -12 -1.5
      vertex 135 -8.688080052697547 -1.5
      vertex 135.18661462769802 -8.6776 -1.5
    endloop
  endfacet
  facet normal 0 0 -1
    outer loop
      vertex 150 -12 -1.5
      vertex 135.18661462769802 -8.6776 -1.5
      vertex 135.19997131801648 -8.6776 -1.5
    endloop
  endfacet
  facet normal 0 0 -1
    outer loop
      vertex 150 -12 -1.5
      vertex 135.19997131801648 -8.6776 -1.5
      vertex 135.21419700584397 -8.67605100686876 -1.5
    endloop
  endfacet
  facet normal 0 0 -1
    outer loop
      vertex 150 -12 -1.5
      vertex 135.21419700584397 -8.67605100686876 -1.5
      vertex 135.42570036005947 -8.640115141613112 -1.5
    endloop
  endfacet
  facet normal 0 0 -1
    outer loop
      vertex 150 -12 -1.5
      vertex 135.42570036005947 -8.640115141613112 -1.5
      vertex 135.5646405572536 -8.600087160360934 -1.5
    endloop
  endfacet
  facet normal 0 0 -1
    outer loop
      vertex 150 -12 -1.5
      vertex 135.5646405572536 -8.600087160360934 -1.5
      vertex 135.59117424788326 -8.594447250312278 -1.5
    endloop
  endfacet
  facet normal 0 0 -1
    outer loop
      vertex 150 -12 -1.5
      vertex 135.59117424788326 -8.594447250312278 -1.5
      vertex 135.6318502852501 -8.580724371286667 -1.5
    endloop
  endfacet
  facet normal 0 0 -1
    outer loop
      vertex 150 -12 -1.5
      vertex 135.6318502852501 -8.580724371286667 -1.5
      vertex 135.83005432649563 -8.49862556928561 -1.5
    endloop
  endfacet
  facet normal 0 0 -1
    outer loop
      vertex 150 -12 -1.5
      vertex 135.83005432649563 -8.49862556928561 -1.5
      vertex 135.95654002634876 -8.431775925109347 -1.5
    endloop
  endfacet
  facet normal 0 0 1
    outer loop
      vertex 75 9.992010159421888 0
      vertex 15.36019085711869 9.971782274768136 0
      vertex 74.63980914288132 9.971782274768136 0
    endloop
  endfacet
  facet normal 0 0 1
    outer loop
      vertex 15.715852105221508 9.911352998192896 0
      vertex 74.28414789477849 9.911352998192896 0
      vertex 74.63980914288132 9.971782274768136 0
    endloop
  endfacet
  facet normal 0 0 1
    outer loop
      vertex 16.062511097754104 9.811482262910983 0
      vertex 73.9374889022459 9.811482262910983 0
      vertex 74.28414789477849 9.911352998192896 0
    endloop
  endfacet
  facet normal 0 0 1
    outer loop
      vertex 16.39580839674914 9.673426001364918 0
      vertex 73.60419160325085 9.673426001364918 0
      vertex 73.9374889022459 9.811482262910983 0
    endloop
  endfacet
  facet normal 0 0 1
    outer loop
      vertex 16.71155259528816 9.49892035114575 0
      vertex 73.28844740471185 9.498920351145753 0
      vertex 73.60419160325085 9.673426001364918 0
    endloop
  endfacet
  facet normal 0 0 1
    outer loop
      vertex 17.005773026875485 9.290159822055527 0
      vertex 72.99422697312451 9.290159822055525 0
      vertex 73.28844740471185 9.498920351145753 0
    endloop
  endfacet
  facet normal 0 0 1
    outer loop
      vertex 17.274769698873232 9.049769698873233 0
      vertex 72.72523030112677 9.049769698873233 0
      vertex 72.99422697312451 9.290159822055525 0
    endloop
  endfacet
  facet normal 0 1 0
    outer loop
      vertex 0 12 0
      vertex 150 12 -1.5
      vertex 0 12 -1.5
    endloop
  endfacet
  facet normal 0 0 -1
    outer loop
      vertex 74.80002868198352 8.6776 -1.5
      vertex 0 12 -1.5
      vertex 74.81338537230198 8.6776 -1.5
    endloop
  endfacet
  facet normal 0 0 -1
    outer loop
      vertex 0 12 -1.5
      vertex 75 8.688080052697547 -1.5
      vertex 74.81338537230198 8.6776 -1.5
    endloop
  endfacet
  facet normal 0 0 -1
    outer loop
      vertex 74.80002868198352 8.6776 -1.5
      vertex 74.78580299415603 8.67605100686876 -1.5
      vertex 0 12 -1.5
    endloop
  endfacet
  facet normal 0 0 -1
    outer loop
      vertex 74.78580299415603 8.67605100686876 -1.5
      vertex 74.57429963994055 8.640115141613112 -1.5
      vertex 0 12 -1.5
    endloop
  endfacet
  facet normal 0 0 -1
    outer loop
      vertex 150 -12 -1.5
      vertex 135.95654002634876 -8.431775925109347 -1.5
      vertex 136.01781995297674 -8.394851175679934 -1.5
    endloop
  endfacet
  facet normal 0 0 -1
    outer loop
      vertex 150 -12 -1.5
      vertex 136.01781995297674 -8.394851175679934 -1.5
      vertex 136.1927859029963 -8.27070621368054 -1.5
    endloop
  endfacet
  facet normal 0 0 -1
    outer loop
      vertex 150 -12 -1.5
      vertex 136.1927859029963 -8.27070621368054 -1.5
      vertex 136.28010041567455 -8.196695541886204 -1.5
    endloop
  endfacet
  facet normal 0 0 -1
    outer loop
      vertex 150 -12 -1.5
      vertex 136.28010041567455 -8.196695541886204 -1.5
      vertex 136.35275187821514 -8.127751878215154 -1.5
    endloop
  endfacet
  facet normal 0 0 -1
    outer loop
      vertex 150 -12 -1.5
      vertex 136.35275187821514 -8.127751878215154 -1.5
      vertex 136.49570621368053 -7.9677859029962885 -1.5
    endloop
  endfacet
  facet normal 0 0 -1
    outer loop
      vertex 150 -12 -1.5
      vertex 136.49570621368053 -7.9677859029962885 -1.5
      vertex 136.54771427423202 -7.899480241430526 -1.5
    endloop
  endfacet
  facet normal 0 0 -1
    outer loop
      vertex 150 -12 -1.5
      vertex 136.54771427423202 -7.899480241430526 -1.5
      vertex 136.61985117567994 -7.792819952976746 -1.5
    endloop
  endfacet
  facet normal 0 0 -1
    outer loop
      vertex 150 -12 -1.5
      vertex 136.61985117567994 -7.792819952976746 -1.5
      vertex 136.72362556928562 -7.605054326495627 -1.5
    endloop
  endfacet
  facet normal 0 0 -1
    outer loop
      vertex 150 -12 -1.5
      vertex 136.72362556928562 -7.605054326495627 -1.5
      vertex 136.7476855922485 -7.553119758569475 -1.5
    endloop
  endfacet
  facet normal 0 0 1
    outer loop
      vertex 150 -12 0
      vertex 135.3601908571187 -9.971782274768136 0
      vertex 135 -9.992010159421888 0
    endloop
  endfacet
  facet normal 0 0 1
    outer loop
      vertex 150 -12 0
      vertex 135.7158521052215 -9.911352998192896 0
      vertex 135.3601908571187 -9.971782274768136 0
    endloop
  endfacet
  facet normal 0 0 1
    outer loop
      vertex 150 -12 0
      vertex 136.0625110977541 -9.811482262910983 0
      vertex 135.7158521052215 -9.911352998192896 0
    endloop
  endfacet
  facet normal 0 0 1
    outer loop
      vertex 150 -12 0
      vertex 136.39580839674912 -9.673426001364918 0
      vertex 136.0625110977541 -9.811482262910983 0
    endloop
  endfacet
  facet normal 0 0 1
    outer loop
      vertex 150 -12 0
      vertex 136.71155259528817 -9.49892035114575 0
      vertex 136.39580839674912 -9.673426001364918 0
    endloop
  endfacet
  facet normal 0 0 1
    outer loop
      vertex 150 -12 0
      vertex 137.0057730268755 -9.290159822055527 0
      vertex 136.71155259528817 -9.49892035114575 0
    endloop
  endfacet
  facet normal 0 0 1
    outer loop
      vertex 150 -12 0
      vertex 137.27476969887323 -9.049769698873233 0
      vertex 137.0057730268755 -9.290159822055527 0
    endloop
  endfacet
  facet normal 0 0 1
    outer loop
      vertex 150 -12 0
      vertex 137.51515982205552 -8.780773026875485 0
      vertex 137.27476969887323 -9.049769698873233 0
    endloop
  endfacet
  facet normal 0 0 1
    outer loop
      vertex 150 -12 0
      vertex 137.72392035114575 -8.486552595288162 0
      vertex 137.51515982205552 -8.780773026875485 0
    endloop
  endfacet
  facet normal 0 0 1
    outer loop
      vertex 150 -12 0
      vertex 137.89842600136492 -8.170808396749141 0
      vertex 137.72392035114575 -8.486552595288162 0
    endloop
  endfacet
  facet normal 0 0 1
    outer loop
      vertex 150 -12 0
      vertex 138.036482262911 -7.837511097754103 0
      vertex 137.89842600136492 -8.170808396749141 0
    endloop
  endfacet
  facet normal 0 0 1
    outer loop
      vertex 150 -12 0
      vertex 138.1363529981929 -7.490852105221509 0
      vertex 138.036482262911 -7.837511097754103 0
    endloop
  endfacet
  facet normal 0 0 -1
    outer loop
      vertex 134.78580299415603 -8.67605100686876 -1.5
      vertex 134.79523260556311 -8.676580562486574 -1.5
      vertex 134.80002868198352 -8.6776 -1.5
    endloop
  endfacet
  facet normal 0 0 -1
    outer loop
      vertex 74.57429963994055 8.640115141613112 -1.5
      vertex 74.43535944274639 8.600087160360934 -1.5
      vertex 0 12 -1.5
    endloop
  endfacet
  facet normal 0 0 -1
    outer loop
      vertex 74.43535944274639 8.600087160360934 -1.5
      vertex 74.40882575211674 8.594447250312278 -1.5
      vertex 0 12 -1.5
    endloop
  endfacet
  facet normal 0 0 -1
    outer loop
      vertex 74.40882575211674 8.594447250312278 -1.5
      vertex 74.39607027576379 8.588768146345172 -1.5
      vertex 0 12 -1.5
    endloop
  endfacet
  facet normal 0 0 -1
    outer loop
      vertex 74.39607027576379 8.588768146345172 -1.5
      vertex 74.36814971474992 8.580724371286667 -1.5
      vertex 0 12 -1.5
    endloop
  endfacet
  facet normal 0 0 -1
    outer loop
      vertex 135.19997131801648 -8.6776 -1.5
      vertex 135.20476739443689 -8.676580562486574 -1.5
      vertex 135.21419700584397 -8.67605100686876 -1.5
    endloop
  endfacet
  facet normal 0 0 -1
    outer loop
      vertex 134.3681497147499 -8.580724371286667 -1.5
      vertex 134.3960702757638 -8.588768146345172 -1.5
      vertex 134.40882575211674 -8.594447250312278 -1.5
    endloop
  endfacet
  facet normal 0 0 -1
    outer loop
      vertex 74.36814971474992 8.580724371286667 -1.5
      vertex 74.16994567350437 8.49862556928561 -1.5
      vertex 0 12 -1.5
    endloop
  endfacet
  facet normal 0 0 -1
    outer loop
      vertex 74.16994567350437 8.49862556928561 -1.5
      vertex 74.07190558121066 8.444440725565837 -1.5
      vertex 0 12 -1.5
    endloop
  endfacet
  facet normal 0 0 -1
    outer loop
      vertex 134.40882575211674 -8.594447250312278 -1.5
      vertex 134.4353594427464 -8.600087160360934 -1.5
      vertex 134.57429963994053 -8.640115141613112 -1.5
    endloop
  endfacet
  facet normal 0 0 -1
    outer loop
      vertex 74.07190558121066 8.444440725565837 -1.5
      vertex 74.04345997365122 8.431775925109347 -1.5
      vertex 0 12 -1.5
    endloop
  endfacet
  facet normal 0 0 -1
    outer loop
      vertex 74.04345997365122 8.431775925109347 -1.5
      vertex 74.02587976628841 8.419003156809111 -1.5
      vertex 0 12 -1.5
    endloop
  endfacet
  facet normal 0 0 -1
    outer loop
      vertex 135.59117424788326 -8.594447250312278 -1.5
      vertex 135.6039297242362 -8.588768146345172 -1.5
      vertex 135.6318502852501 -8.580724371286667 -1.5
    endloop
  endfacet
  facet normal 0 0 -1
    outer loop
      vertex 74.02587976628841 8.419003156809111 -1.5
      vertex 73.98218004702325 8.394851175679934 -1.5
      vertex 0 12 -1.5
    endloop
  endfacet
  facet normal 0 0 -1
    outer loop
      vertex 73.98218004702325 8.394851175679934 -1.5
      vertex 73.80721409700371 8.270706213680539 -1.5
      vertex 0 12 -1.5
    endloop
  endfacet
  facet normal 0 0 -1
    outer loop
      vertex 135.83005432649563 -8.49862556928561 -1.5
      vertex 135.92809441878933 -8.444440725565837 -1.5
      vertex 135.95654002634876 -8.431775925109347 -1.5
    endloop
  endfacet
  facet normal 0 0 -1
    outer loop
      vertex 73.80721409700371 8.270706213680539 -1.5
      vertex 73.74394540208166 8.214165851106754 -1.5
      vertex 0 12 -1.5
    endloop
  endfacet
  facet normal 0 0 -1
    outer loop
      vertex 73.74394540208166 8.214165851106754 -1.5
      vertex 73.71989958432546 8.196695541886204 -1.5
      vertex 0 12 -1.5
    endloop
  endfacet
  facet normal 0 0 -1
    outer loop
      vertex 73.71989958432546 8.196695541886204 -1.5
      vertex 73.70137825961336 8.176125526869733 -1.5
      vertex 0 12 -1.5
    endloop
  endfacet
  facet normal 0 0 -1
    outer loop
      vertex 73.70137825961336 8.176125526869733 -1.5
      vertex 73.64724812178484 8.127751878215154 -1.5
      vertex 0 12 -1.5
    endloop
  endfacet
  facet normal 0 0 -1
    outer loop
      vertex 73.64724812178484 8.127751878215154 -1.5
      vertex 73.50429378631947 7.967785902996289 -1.5
      vertex 0 12 -1.5
    endloop
  endfacet
  facet normal 0 0 -1
    outer loop
      vertex 73.50429378631947 7.967785902996289 -1.5
      vertex 73.468997848969 7.9180409346069505 -1.5
      vertex 0 12 -1.5
    endloop
  endfacet
  facet normal 0 0 -1
    outer loop
      vertex 73.468997848969 7.9180409346069505 -1.5
      vertex 73.45228572576796 7.899480241430526 -1.5
      vertex 0 12 -1.5
    endloop
  endfacet
  facet normal 0 0 -1
    outer loop
      vertex 73.45228572576796 7.899480241430526 -1.5
      vertex 73.4368128161972 7.872680375913056 -1.5
      vertex 0 12 -1.5
    endloop
  endfacet
  facet normal 0 0 -1
    outer loop
      vertex 73.4368128161972 7.872680375913056 -1.5
      vertex 73.38014882432006 7.792819952976745 -1.5
      vertex 0 12 -1.5
    endloop
  endfacet
  facet normal 0 0 -1
    outer loop
      vertex 73.38014882432006 7.792819952976745 -1.5
      vertex 73.2763744307144 7.605054326495627 -1.5
      vertex 0 12 -1.5
    endloop
  endfacet
  facet normal 0 0 -1
    outer loop
      vertex 73.2763744307144 7.605054326495627 -1.5
      vertex 73.26133200036934 7.568738687145551 -1.5
      vertex 0 12 -1.5
    endloop
  endfacet
  facet normal 0 0 -1
    outer loop
      vertex 73.26133200036934 7.568738687145551 -1.5
      vertex 73.25231440775148 7.553119758569475 -1.5
      vertex 0 12 -1.5
    endloop
  endfacet
  facet normal 0 0 -1
    outer loop
      vertex 73.25231440775148 7.553119758569475 -1.5
      vertex 73.24304275107444 7.524584533452183 -1.5
      vertex 0 12 -1.5
    endloop
  endfacet
  facet normal 0 0 1
    outer loop
      vertex 17.515159822055526 8.780773026875485 0
      vertex 72.48484017794448 8.780773026875485 0
      vertex 72.72523030112677 9.049769698873233 0
    endloop
  endfacet
  facet normal 0 0 1
    outer loop
      vertex 17.72392035114575 8.486552595288162 0
      vertex 72.27607964885425 8.48655259528816 0
      vertex 72.48484017794448 8.780773026875485 0
    endloop
  endfacet
  facet normal 0 0 1
    outer loop
      vertex 17.898426001364918 8.170808396749141 0
      vertex 72.10157399863509 8.170808396749141 0
      vertex 72.27607964885425 8.48655259528816 0
    endloop
  endfacet
  facet normal 0 0 1
    outer loop
      vertex 18.036482262910983 7.837511097754103 0
      vertex 71.96351773708902 7.837511097754103 0
      vertex 72.10157399863509 8.170808396749141 0
    endloop
  endfacet
  facet normal 0 0 1
    outer loop
      vertex 18.136352998192894 7.490852105221509 0
      vertex 71.8636470018071 7.49085210522151 0
      vertex 71.96351773708902 7.837511097754103 0
    endloop
  endfacet
  facet normal 0 0 1
    outer loop
      vertex 18.196782274768136 7.135190857118692 0
      vertex 71.80321772523186 7.13519085711869 0
      vertex 71.8636470018071 7.49085210522151 0
    endloop
  endfacet
  facet normal 0 0 1
    outer loop
      vertex 18.217010159421886 6.775 0
      vertex 71.78298984057811 6.775 0
      vertex 71.80321772523186 7.13519085711869 0
    endloop
  endfacet
  facet normal 0 0 -1
    outer loop
      vertex 73.24304275107444 7.524584533452183 -1.5
      vertex 73.19427562871333 7.406850285250087 -1.5
      vertex 0 12 -1.5
    endloop
  endfacet
  facet normal 0 0 -1
    outer loop
      vertex 73.19427562871333 7.406850285250087 -1.5
      vertex 73.13488485838688 7.200700360059454 -1.5
      vertex 0 12 -1.5
    endloop
  endfacet
  facet normal 0 0 -1
    outer loop
      vertex 73.13488485838688 7.200700360059454 -1.5
      vertex 73.13168260452095 7.181853243707053 -1.5
      vertex 0 12 -1.5
    endloop
  endfacet
  facet normal 0 0 -1
    outer loop
      vertex 73.13168260452095 7.181853243707053 -1.5
      vertex 73.12872533644219 7.172751708426075 -1.5
      vertex 0 12 -1.5
    endloop
  endfacet
  facet normal 0 0 -1
    outer loop
      vertex 73.12872533644219 7.172751708426075 -1.5
      vertex 73.12643705104954 7.150980127225051 -1.5
      vertex 0 12 -1.5
    endloop
  endfacet
  facet normal 0 0 -1
    outer loop
      vertex 73.12643705104954 7.150980127225051 -1.5
      vertex 73.09894899313124 6.98919700584397 -1.5
      vertex 0 12 -1.5
    endloop
  endfacet
  facet normal 0 0 -1
    outer loop
      vertex 73.09894899313124 6.98919700584397 -1.5
      vertex 73.08691994730245 6.775 -1.5
      vertex 0 12 -1.5
    endloop
  endfacet
  facet normal 0 0 -1
    outer loop
      vertex 0 12 -1.5
      vertex 73.08691994730245 6.775 -1.5
      vertex 73.09894899313124 6.560802994156031 -1.5
    endloop
  endfacet
  facet normal 0 0 -1
    outer loop
      vertex 0 12 -1.5
      vertex 73.09894899313124 6.560802994156031 -1.5
      vertex 73.12643705104954 6.39901987277495 -1.5
    endloop
  endfacet
  facet normal 0 0 -1
    outer loop
      vertex 135.95654002634876 -8.431775925109347 -1.5
      vertex 135.97412023371157 -8.41900315680911 -1.5
      vertex 136.01781995297674 -8.394851175679934 -1.5
    endloop
  endfacet
  facet normal 0 0 -1
    outer loop
      vertex 0 12 -1.5
      vertex 73.12643705104954 6.39901987277495 -1.5
      vertex 73.12872533644219 6.377248291573926 -1.5
    endloop
  endfacet
  facet normal 0 0 -1
    outer loop
      vertex 0 12 -1.5
      vertex 73.13168260452095 6.368146756292948 -1.5
      vertex 73.13488485838688 6.349299639940547 -1.5
    endloop
  endfacet
  facet normal 0 0 -1
    outer loop
      vertex 0 12 -1.5
      vertex 73.12872533644219 6.377248291573926 -1.5
      vertex 73.13168260452095 6.368146756292948 -1.5
    endloop
  endfacet
  facet normal 0 0 -1
    outer loop
      vertex 0 12 -1.5
      vertex 73.13488485838688 6.349299639940547 -1.5
      vertex 73.19427562871333 6.143149714749914 -1.5
    endloop
  endfacet
  facet normal 0 0 -1
    outer loop
      vertex 0 12 -1.5
      vertex 73.19427562871333 6.143149714749914 -1.5
      vertex 73.24304275107444 6.025415466547818 -1.5
    endloop
  endfacet
  facet normal 0 0 -1
    outer loop
      vertex 0 12 -1.5
      vertex 73.25231440775148 5.996880241430525 -1.5
      vertex 73.26133200036934 5.98126131285445 -1.5
    endloop
  endfacet
  facet normal 0 0 -1
    outer loop
      vertex 0 12 -1.5
      vertex 73.24304275107444 6.025415466547818 -1.5
      vertex 73.25231440775148 5.996880241430525 -1.5
    endloop
  endfacet
  facet normal 0 0 -1
    outer loop
      vertex 0 12 -1.5
      vertex 73.26133200036934 5.98126131285445 -1.5
      vertex 73.2763744307144 5.944945673504374 -1.5
    endloop
  endfacet
  facet normal 0 0 -1
    outer loop
      vertex 0 12 -1.5
      vertex 73.2763744307144 5.944945673504374 -1.5
      vertex 73.38014882432006 5.7571800470232555 -1.5
    endloop
  endfacet
  facet normal 0 0 -1
    outer loop
      vertex 0 12 -1.5
      vertex 73.38014882432006 5.7571800470232555 -1.5
      vertex 73.4368128161972 5.677319624086945 -1.5
    endloop
  endfacet
  facet normal 0 0 -1
    outer loop
      vertex 0 12 -1.5
      vertex 73.45228572576796 5.650519758569475 -1.5
      vertex 73.468997848969 5.63195906539305 -1.5
    endloop
  endfacet
  facet normal 0 0 -1
    outer loop
      vertex 0 12 -1.5
      vertex 73.4368128161972 5.677319624086945 -1.5
      vertex 73.45228572576796 5.650519758569475 -1.5
    endloop
  endfacet
  facet normal 0 0 -1
    outer loop
      vertex 136.1927859029963 -8.27070621368054 -1.5
      vertex 136.25605459791834 -8.214165851106754 -1.5
      vertex 136.28010041567455 -8.196695541886204 -1.5
    endloop
  endfacet
  facet normal 0 0 -1
    outer loop
      vertex 0 12 -1.5
      vertex 73.468997848969 5.63195906539305 -1.5
      vertex 73.50429378631947 5.582214097003711 -1.5
    endloop
  endfacet
  facet normal 0 0 -1
    outer loop
      vertex 0 12 -1.5
      vertex 73.50429378631947 5.582214097003711 -1.5
      vertex 73.64724812178484 5.422248121784848 -1.5
    endloop
  endfacet
  facet normal 0 0 -1
    outer loop
      vertex 136.28010041567455 -8.196695541886204 -1.5
      vertex 136.29862174038664 -8.176125526869733 -1.5
      vertex 136.35275187821514 -8.127751878215154 -1.5
    endloop
  endfacet
  facet normal 0 0 -1
    outer loop
      vertex 136.49570621368053 -7.9677859029962885 -1.5
      vertex 136.531002151031 -7.9180409346069505 -1.5
      vertex 136.54771427423202 -7.899480241430526 -1.5
    endloop
  endfacet
  facet normal 0 0 -1
    outer loop
      vertex 0 12 -1.5
      vertex 73.64724812178484 5.422248121784848 -1.5
      vertex 73.70137825961336 5.373874473130269 -1.5
    endloop
  endfacet
  facet normal 0 0 -1
    outer loop
      vertex 0 12 -1.5
      vertex 73.70137825961336 5.373874473130269 -1.5
      vertex 73.71989958432546 5.353304458113798 -1.5
    endloop
  endfacet
  facet normal 0 0 -1
    outer loop
      vertex 136.54771427423202 -7.899480241430526 -1.5
      vertex 136.5631871838028 -7.872680375913055 -1.5
      vertex 136.61985117567994 -7.792819952976746 -1.5
    endloop
  endfacet
  facet normal 0 0 -1
    outer loop
      vertex 136.72362556928562 -7.605054326495627 -1.5
      vertex 136.73866799963065 -7.568738687145551 -1.5
      vertex 136.7476855922485 -7.553119758569475 -1.5
    endloop
  endfacet
  facet normal 0 0 -1
    outer loop
      vertex 0 12 -1.5
      vertex 73.71989958432546 5.353304458113798 -1.5
      vertex 73.74394540208166 5.335834148893246 -1.5
    endloop
  endfacet
  facet normal 0 0 -1
    outer loop
      vertex 0 12 -1.5
      vertex 73.74394540208166 5.335834148893246 -1.5
      vertex 73.80721409700371 5.279293786319461 -1.5
    endloop
  endfacet
  facet normal 0 0 -1
    outer loop
      vertex 0 12 -1.5
      vertex 73.80721409700371 5.279293786319461 -1.5
      vertex 73.98218004702325 5.155148824320067 -1.5
    endloop
  endfacet
  facet normal 0 0 -1
    outer loop
      vertex 0 12 -1.5
      vertex 74.04345997365122 5.1182240748906525 -1.5
      vertex 74.07190558121066 5.105559274434163 -1.5
    endloop
  endfacet
  facet normal 0 0 -1
    outer loop
      vertex 0 12 -1.5
      vertex 74.02587976628841 5.13099684319089 -1.5
      vertex 74.04345997365122 5.1182240748906525 -1.5
    endloop
  endfacet
  facet normal 0 0 -1
    outer loop
      vertex 0 12 -1.5
      vertex 73.98218004702325 5.155148824320067 -1.5
      vertex 74.02587976628841 5.13099684319089 -1.5
    endloop
  endfacet
  facet normal 0 0 -1
    outer loop
      vertex 0 12 -1.5
      vertex 74.16994567350437 5.051374430714391 -1.5
      vertex 74.36814971474992 4.969275628713333 -1.5
    endloop
  endfacet
  facet normal 0 0 -1
    outer loop
      vertex 0 12 -1.5
      vertex 74.07190558121066 5.105559274434163 -1.5
      vertex 74.16994567350437 5.051374430714391 -1.5
    endloop
  endfacet
  facet normal 0 0 -1
    outer loop
      vertex 0 12 -1.5
      vertex 74.43535944274639 4.949912839639067 -1.5
      vertex 74.57429963994055 4.909884858386889 -1.5
    endloop
  endfacet
  facet normal 0 0 -1
    outer loop
      vertex 0 12 -1.5
      vertex 74.40882575211674 4.955552749687723 -1.5
      vertex 74.43535944274639 4.949912839639067 -1.5
    endloop
  endfacet
  facet normal 0 0 -1
    outer loop
      vertex 0 12 -1.5
      vertex 74.39607027576379 4.961231853654829 -1.5
      vertex 74.40882575211674 4.955552749687723 -1.5
    endloop
  endfacet
  facet normal 0 0 -1
    outer loop
      vertex 0 12 -1.5
      vertex 74.36814971474992 4.969275628713333 -1.5
      vertex 74.39607027576379 4.961231853654829 -1.5
    endloop
  endfacet
  facet normal 0 0 -1
    outer loop
      vertex 0 12 -1.5
      vertex 74.57429963994055 4.909884858386889 -1.5
      vertex 74.78580299415603 4.873948993131241 -1.5
    endloop
  endfacet
  facet normal 0 1 0
    outer loop
      vertex 0 1.5499999970197678 10
      vertex 150 1.5499999970197678 0
      vertex 0 1.5499999970197678 0
    endloop
  endfacet
  facet normal 0 0 1
    outer loop
      vertex 75 3.557989840578114 0
      vertex 0 1.5499999970197678 0
      vertex 132.27607964885425 5.06344740471184 0
    endloop
  endfacet
  facet normal 0 0 -1
    outer loop
      vertex 74.78580299415603 4.873948993131241 -1.5
      vertex 74.79523260556313 4.8734194375134265 -1.5
      vertex 74.80002868198352 4.872400000000001 -1.5
    endloop
  endfacet
  facet normal 0 0 -1
    outer loop
      vertex 135 -4.861919947302454 -1.5
      vertex 0 12 -1.5
      vertex 74.78580299415603 4.873948993131241 -1.5
    endloop
  endfacet
  facet normal 0 0 -1
    outer loop
      vertex 15.631850285250087 8.580724371286667 -1.5
      vertex 15.591174247883261 8.594447250312278 -1.5
      vertex 150 -12 -1.5
    endloop
  endfacet
  facet normal 0 0 -1
    outer loop
      vertex 15.591174247883261 8.594447250312278 -1.5
      vertex 15.564640557253606 8.600087160360934 -1.5
      vertex 150 -12 -1.5
    endloop
  endfacet
  facet normal 0 0 -1
    outer loop
      vertex 15.425700360059452 8.640115141613112 -1.5
      vertex 15.21419700584397 8.67605100686876 -1.5
      vertex 150 -12 -1.5
    endloop
  endfacet
  facet normal 0 0 -1
    outer loop
      vertex 15.564640557253606 8.600087160360934 -1.5
      vertex 15.425700360059452 8.640115141613112 -1.5
      vertex 150 -12 -1.5
    endloop
  endfacet
  facet normal 0 0 1
    outer loop
      vertex 71.80321772523186 6.41480914288131 0
      vertex 71.78298984057811 6.775 0
      vertex 0 1.5499999970197678 0
    endloop
  endfacet
  facet normal 0 0 1
    outer loop
      vertex 71.8636470018071 6.059147894778491 0
      vertex 71.80321772523186 6.41480914288131 0
      vertex 0 1.5499999970197678 0
    endloop
  endfacet
  facet normal 0 0 1
    outer loop
      vertex 71.96351773708902 5.712488902245898 0
      vertex 71.8636470018071 6.059147894778491 0
      vertex 0 1.5499999970197678 0
    endloop
  endfacet
  facet normal 0 0 1
    outer loop
      vertex 72.10157399863509 5.37919160325086 0
      vertex 71.96351773708902 5.712488902245898 0
      vertex 0 1.5499999970197678 0
    endloop
  endfacet
  facet normal 0 0 1
    outer loop
      vertex 72.27607964885425 5.06344740471184 0
      vertex 72.10157399863509 5.37919160325086 0
      vertex 0 1.5499999970197678 0
    endloop
  endfacet
  facet normal 0 0 1
    outer loop
      vertex 72.48484017794448 4.769226973124516 0
      vertex 72.27607964885425 5.06344740471184 0
      vertex 0 1.5499999970197678 0
    endloop
  endfacet
  facet normal 0 0 1
    outer loop
      vertex 72.72523030112677 4.500230301126768 0
      vertex 72.48484017794448 4.769226973124516 0
      vertex 0 1.5499999970197678 0
    endloop
  endfacet
  facet normal 0 0 1
    outer loop
      vertex 72.99422697312451 4.259840177944475 0
      vertex 72.72523030112677 4.500230301126768 0
      vertex 0 1.5499999970197678 0
    endloop
  endfacet
  facet normal 0 0 1
    outer loop
      vertex 73.28844740471185 4.051079648854248 0
      vertex 72.99422697312451 4.259840177944475 0
      vertex 0 1.5499999970197678 0
    endloop
  endfacet
  facet normal 0 0 1
    outer loop
      vertex 73.60419160325085 3.8765739986350827 0
      vertex 73.28844740471185 4.051079648854248 0
      vertex 0 1.5499999970197678 0
    endloop
  endfacet
  facet normal 0 0 1
    outer loop
      vertex 73.9374889022459 3.7385177370890177 0
      vertex 73.60419160325085 3.8765739986350827 0
      vertex 0 1.5499999970197678 0
    endloop
  endfacet
  facet normal 0 0 1
    outer loop
      vertex 75 3.557989840578114 0
      vertex 74.63980914288132 3.5782177252318648 0
      vertex 0 1.5499999970197678 0
    endloop
  endfacet
  facet normal 0 0 1
    outer loop
      vertex 74.63980914288132 3.5782177252318648 0
      vertex 74.28414789477849 3.6386470018071053 0
      vertex 0 1.5499999970197678 0
    endloop
  endfacet
  facet normal 0 0 1
    outer loop
      vertex 74.28414789477849 3.6386470018071053 0
      vertex 73.9374889022459 3.7385177370890177 0
      vertex 0 1.5499999970197678 0
    endloop
  endfacet
  facet normal 0 0 1
    outer loop
      vertex 0 0.5499999970197678 0
      vertex 0 -0.5499999970197678 0
      vertex 150 0.5499999970197678 0
    endloop
  endfacet
  facet normal 0 0 -1
    outer loop
      vertex 15.21419700584397 8.67605100686876 -1.5
      vertex 0 12 -1.5
      vertex 150 -12 -1.5
    endloop
  endfacet
  facet normal 0 0 1
    outer loop
      vertex 15.36019085711869 9.971782274768136 0
      vertex 15.715852105221508 9.911352998192896 0
      vertex 74.63980914288132 9.971782274768136 0
    endloop
  endfacet
  facet normal 0 0 1
    outer loop
      vertex 15.715852105221508 9.911352998192896 0
      vertex 16.062511097754104 9.811482262910983 0
      vertex 74.28414789477849 9.911352998192896 0
    endloop
  endfacet
  facet normal 0 0 1
    outer loop
      vertex 16.062511097754104 9.811482262910983 0
      vertex 16.39580839674914 9.673426001364918 0
      vertex 73.9374889022459 9.811482262910983 0
    endloop
  endfacet
  facet normal 0 0 -1
    outer loop
      vertex 136.7476855922485 -7.553119758569475 -1.5
      vertex 136.75695724892557 -7.524584533452183 -1.5
      vertex 136.80572437128666 -7.406850285250087 -1.5
    endloop
  endfacet
  facet normal 0 0 -1
    outer loop
      vertex 136.8651151416131 -7.200700360059453 -1.5
      vertex 136.86831739547907 -7.181853243707052 -1.5
      vertex 136.8712746635578 -7.172751708426075 -1.5
    endloop
  endfacet
  facet normal 0 0 1
    outer loop
      vertex 16.39580839674914 9.673426001364918 0
      vertex 16.71155259528816 9.49892035114575 0
      vertex 73.60419160325085 9.673426001364918 0
    endloop
  endfacet
  facet normal 0 0 1
    outer loop
      vertex 16.71155259528816 9.49892035114575 0
      vertex 17.005773026875485 9.290159822055527 0
      vertex 73.28844740471185 9.498920351145753 0
    endloop
  endfacet
  facet normal 0 0 1
    outer loop
      vertex 17.005773026875485 9.290159822055527 0
      vertex 17.274769698873232 9.049769698873233 0
      vertex 72.99422697312451 9.290159822055525 0
    endloop
  endfacet
  facet normal 0 0 1
    outer loop
      vertex 17.274769698873232 9.049769698873233 0
      vertex 17.515159822055526 8.780773026875485 0
      vertex 72.72523030112677 9.049769698873233 0
    endloop
  endfacet
  facet normal 0 0 1
    outer loop
      vertex 17.515159822055526 8.780773026875485 0
      vertex 17.72392035114575 8.486552595288162 0
      vertex 72.48484017794448 8.780773026875485 0
    endloop
  endfacet
  facet normal 0 0 1
    outer loop
      vertex 17.72392035114575 8.486552595288162 0
      vertex 17.898426001364918 8.170808396749141 0
      vertex 72.27607964885425 8.48655259528816 0
    endloop
  endfacet
  facet normal 0 0 1
    outer loop
      vertex 17.898426001364918 8.170808396749141 0
      vertex 18.036482262910983 7.837511097754103 0
      vertex 72.10157399863509 8.170808396749141 0
    endloop
  endfacet
  facet normal 0 0 1
    outer loop
      vertex 18.036482262910983 7.837511097754103 0
      vertex 18.136352998192894 7.490852105221509 0
      vertex 71.96351773708902 7.837511097754103 0
    endloop
  endfacet
  facet normal 0 0 1
    outer loop
      vertex 18.136352998192894 7.490852105221509 0
      vertex 18.196782274768136 7.135190857118692 0
      vertex 71.8636470018071 7.49085210522151 0
    endloop
  endfacet
  facet normal 0 0 -1
    outer loop
      vertex 136.8712746635578 -6.377248291573926 -1.5
      vertex 136.86831739547907 -6.368146756292949 -1.5
      vertex 136.8651151416131 -6.349299639940548 -1.5
    endloop
  endfacet
  facet normal 0 0 1
    outer loop
      vertex 18.196782274768136 7.135190857118692 0
      vertex 18.217010159421886 6.775 0
      vertex 71.80321772523186 7.13519085711869 0
    endloop
  endfacet
  facet normal 0 0 -1
    outer loop
      vertex 136.80572437128666 -6.143149714749914 -1.5
      vertex 136.75695724892557 -6.025415466547818 -1.5
      vertex 136.7476855922485 -5.996880241430525 -1.5
    endloop
  endfacet
  facet normal 0 0 1
    outer loop
      vertex 71.78298984057811 6.775 0
      vertex 18.217010159421886 6.775 0
      vertex 18.196782274768136 6.4148091428813085 0
    endloop
  endfacet
  facet normal 0 0 1
    outer loop
      vertex 71.78298984057811 6.775 0
      vertex 18.196782274768136 6.4148091428813085 0
      vertex 18.136352998192894 6.059147894778492 0
    endloop
  endfacet
  facet normal 0 0 1
    outer loop
      vertex 71.78298984057811 6.775 0
      vertex 18.136352998192894 6.059147894778492 0
      vertex 18.036482262910983 5.712488902245898 0
    endloop
  endfacet
  facet normal 0 0 1
    outer loop
      vertex 0 12 0
      vertex 14.63980914288131 9.971782274768136 0
      vertex 15 9.992010159421888 0
    endloop
  endfacet
  facet normal 0 0 1
    outer loop
      vertex 0 12 0
      vertex 14.284147894778492 9.911352998192896 0
      vertex 14.63980914288131 9.971782274768136 0
    endloop
  endfacet
  facet normal 0 0 1
    outer loop
      vertex 0 12 0
      vertex 13.937488902245898 9.811482262910983 0
      vertex 14.284147894778492 9.911352998192896 0
    endloop
  endfacet
  facet normal 0 0 1
    outer loop
      vertex 0 12 0
      vertex 13.60419160325086 9.673426001364918 0
      vertex 13.937488902245898 9.811482262910983 0
    endloop
  endfacet
  facet normal 0 0 1
    outer loop
      vertex 0 12 0
      vertex 13.28844740471184 9.498920351145753 0
      vertex 13.60419160325086 9.673426001364918 0
    endloop
  endfacet
  facet normal 0 0 1
    outer loop
      vertex 0 12 0
      vertex 12.994226973124515 9.290159822055525 0
      vertex 13.28844740471184 9.498920351145753 0
    endloop
  endfacet
  facet normal 0 0 1
    outer loop
      vertex 0 12 0
      vertex 12.725230301126766 9.049769698873233 0
      vertex 12.994226973124515 9.290159822055525 0
    endloop
  endfacet
  facet normal 0 0 1
    outer loop
      vertex 0 12 0
      vertex 12.484840177944475 8.780773026875485 0
      vertex 12.725230301126766 9.049769698873233 0
    endloop
  endfacet
  facet normal 0 0 1
    outer loop
      vertex 0 12 0
      vertex 12.276079648854248 8.48655259528816 0
      vertex 12.484840177944475 8.780773026875485 0
    endloop
  endfacet
  facet normal 0 0 1
    outer loop
      vertex 0 12 0
      vertex 12.101573998635082 8.170808396749141 0
      vertex 12.276079648854248 8.48655259528816 0
    endloop
  endfacet
  facet normal 0 0 1
    outer loop
      vertex 0 12 0
      vertex 11.963517737089019 7.837511097754103 0
      vertex 12.101573998635082 8.170808396749141 0
    endloop
  endfacet
  facet normal 0 0 1
    outer loop
      vertex 0 12 0
      vertex 11.863647001807104 7.49085210522151 0
      vertex 11.963517737089019 7.837511097754103 0
    endloop
  endfacet
  facet normal 0 0 -1
    outer loop
      vertex 15.21419700584397 8.67605100686876 -1.5
      vertex 15.199971318016477 8.6776 -1.5
      vertex 0 12 -1.5
    endloop
  endfacet
  facet normal 0 0 -1
    outer loop
      vertex 150 -12 -1.5
      vertex 136.7476855922485 -7.553119758569475 -1.5
      vertex 136.80572437128666 -7.406850285250087 -1.5
    endloop
  endfacet
  facet normal 0 0 -1
    outer loop
      vertex 150 -12 -1.5
      vertex 136.80572437128666 -7.406850285250087 -1.5
      vertex 136.8651151416131 -7.200700360059453 -1.5
    endloop
  endfacet
  facet normal 0 0 -1
    outer loop
      vertex 150 -12 -1.5
      vertex 136.8651151416131 -7.200700360059453 -1.5
      vertex 136.8712746635578 -7.172751708426075 -1.5
    endloop
  endfacet
  facet normal 0 0 -1
    outer loop
      vertex 150 -12 -1.5
      vertex 136.8712746635578 -7.172751708426075 -1.5
      vertex 136.87356294895048 -7.1509801272250515 -1.5
    endloop
  endfacet
  facet normal 0 0 -1
    outer loop
      vertex 150 -12 -1.5
      vertex 136.87356294895048 -7.1509801272250515 -1.5
      vertex 136.90105100686876 -6.9891970058439705 -1.5
    endloop
  endfacet
  facet normal 0 0 -1
    outer loop
      vertex 150 -12 -1.5
      vertex 136.90105100686876 -6.9891970058439705 -1.5
      vertex 136.91308005269755 -6.775 -1.5
    endloop
  endfacet
  facet normal 0 0 -1
    outer loop
      vertex 150 -12 -1.5
      vertex 136.91308005269755 -6.775 -1.5
      vertex 136.90105100686876 -6.56080299415603 -1.5
    endloop
  endfacet
  facet normal 1 0 0
    outer loop
      vertex 150 -12 0
      vertex 150 -12 -1.5
      vertex 150 -1.5499999970197678 0
    endloop
  endfacet
  facet normal 0 0 1
    outer loop
      vertex 150 -12 0
      vertex 138.1967822747681 -7.135190857118692 0
      vertex 138.1363529981929 -7.490852105221509 0
    endloop
  endfacet
  facet normal 0 0 1
    outer loop
      vertex 150 -12 0
      vertex 138.2170101594219 -6.775 0
      vertex 138.1967822747681 -7.135190857118692 0
    endloop
  endfacet
  facet normal 0 0 1
    outer loop
      vertex 138.2170101594219 -6.775 0
      vertex 150 -12 0
      vertex 150 -1.5499999970197678 0
    endloop
  endfacet
  facet normal 0 0 1
    outer loop
      vertex 75.71585210522151 -9.911352998192896 0
      vertex 133.28844740471183 -4.051079648854248 0
      vertex 133.60419160325088 -3.8765739986350827 0
    endloop
  endfacet
  facet normal 0 0 1
    outer loop
      vertex 75.71585210522151 -9.911352998192896 0
      vertex 133.60419160325088 -3.8765739986350827 0
      vertex 133.9374889022459 -3.7385177370890177 0
    endloop
  endfacet
  facet normal 0 0 1
    outer loop
      vertex 75.71585210522151 -9.911352998192896 0
      vertex 133.9374889022459 -3.7385177370890177 0
      vertex 134.2841478947785 -3.6386470018071044 0
    endloop
  endfacet
  facet normal 0 0 1
    outer loop
      vertex 134.6398091428813 -3.5782177252318648 0
      vertex 75.71585210522151 -9.911352998192896 0
      vertex 134.2841478947785 -3.6386470018071044 0
    endloop
  endfacet
  facet normal 0 0 1
    outer loop
      vertex 134.6398091428813 -3.5782177252318648 0
      vertex 150 -1.5499999970197678 0
      vertex 75.71585210522151 -9.911352998192896 0
    endloop
  endfacet
  facet normal 0 0 -1
    outer loop
      vertex 15.199971318016477 8.6776 -1.5
      vertex 15.186614627698022 8.6776 -1.5
      vertex 0 12 -1.5
    endloop
  endfacet
  facet normal 0 0 -1
    outer loop
      vertex 15.186614627698022 8.6776 -1.5
      vertex 15 8.688080052697547 -1.5
      vertex 0 12 -1.5
    endloop
  endfacet
  facet normal 0 0 -1
    outer loop
      vertex 15 8.688080052697547 -1.5
      vertex 14.813385372301978 8.6776 -1.5
      vertex 0 12 -1.5
    endloop
  endfacet
  facet normal 0 0 -1
    outer loop
      vertex 14.813385372301978 8.6776 -1.5
      vertex 14.800028681983523 8.6776 -1.5
      vertex 0 12 -1.5
    endloop
  endfacet
  facet normal 0 0 -1
    outer loop
      vertex 14.800028681983523 8.6776 -1.5
      vertex 14.795232605563127 8.676580562486574 -1.5
      vertex 0 12 -1.5
    endloop
  endfacet
  facet normal 0 0 -1
    outer loop
      vertex 14.795232605563127 8.676580562486574 -1.5
      vertex 14.78580299415603 8.67605100686876 -1.5
      vertex 0 12 -1.5
    endloop
  endfacet
  facet normal 0 0 -1
    outer loop
      vertex 14.78580299415603 8.67605100686876 -1.5
      vertex 14.574299639940548 8.640115141613112 -1.5
      vertex 0 12 -1.5
    endloop
  endfacet
  facet normal 0 0 -1
    outer loop
      vertex 14.574299639940548 8.640115141613112 -1.5
      vertex 14.435359442746394 8.600087160360934 -1.5
      vertex 0 12 -1.5
    endloop
  endfacet
  facet normal 0 0 -1
    outer loop
      vertex 14.435359442746394 8.600087160360934 -1.5
      vertex 14.408825752116739 8.594447250312278 -1.5
      vertex 0 12 -1.5
    endloop
  endfacet
  facet normal 0 0 -1
    outer loop
      vertex 14.408825752116739 8.594447250312278 -1.5
      vertex 14.396070275763794 8.588768146345172 -1.5
      vertex 0 12 -1.5
    endloop
  endfacet
  facet normal 0 0 -1
    outer loop
      vertex 14.396070275763794 8.588768146345172 -1.5
      vertex 14.368149714749913 8.580724371286667 -1.5
      vertex 0 12 -1.5
    endloop
  endfacet
  facet normal 0 0 -1
    outer loop
      vertex 14.368149714749913 8.580724371286667 -1.5
      vertex 14.169945673504373 8.49862556928561 -1.5
      vertex 0 12 -1.5
    endloop
  endfacet
  facet normal 0 0 -1
    outer loop
      vertex 14.169945673504373 8.49862556928561 -1.5
      vertex 14.071905581210661 8.444440725565837 -1.5
      vertex 0 12 -1.5
    endloop
  endfacet
  facet normal 0 0 -1
    outer loop
      vertex 14.071905581210661 8.444440725565837 -1.5
      vertex 14.043459973651228 8.431775925109347 -1.5
      vertex 0 12 -1.5
    endloop
  endfacet
  facet normal 0 0 -1
    outer loop
      vertex 14.043459973651228 8.431775925109347 -1.5
      vertex 14.025879766288412 8.419003156809111 -1.5
      vertex 0 12 -1.5
    endloop
  endfacet
  facet normal 0 0 -1
    outer loop
      vertex 14.025879766288412 8.419003156809111 -1.5
      vertex 13.982180047023256 8.394851175679934 -1.5
      vertex 0 12 -1.5
    endloop
  endfacet
  facet normal 0 0 -1
    outer loop
      vertex 13.982180047023256 8.394851175679934 -1.5
      vertex 13.807214097003712 8.270706213680539 -1.5
      vertex 0 12 -1.5
    endloop
  endfacet
  facet normal 0 0 -1
    outer loop
      vertex 13.807214097003712 8.270706213680539 -1.5
      vertex 13.743945402081662 8.214165851106754 -1.5
      vertex 0 12 -1.5
    endloop
  endfacet
  facet normal 0 0 -1
    outer loop
      vertex 135.95654002634876 -5.1182240748906525 -1.5
      vertex 135.92809441878933 -5.105559274434163 -1.5
      vertex 135.83005432649563 -5.051374430714391 -1.5
    endloop
  endfacet
  facet normal 0 0 -1
    outer loop
      vertex 135.6318502852501 -4.969275628713333 -1.5
      vertex 135.6039297242362 -4.961231853654829 -1.5
      vertex 135.59117424788326 -4.955552749687723 -1.5
    endloop
  endfacet
  facet normal 0 0 -1
    outer loop
      vertex 13.743945402081662 8.214165851106754 -1.5
      vertex 13.719899584325454 8.196695541886204 -1.5
      vertex 0 12 -1.5
    endloop
  endfacet
  facet normal 0 0 -1
    outer loop
      vertex 13.719899584325454 8.196695541886204 -1.5
      vertex 13.701378259613357 8.176125526869733 -1.5
      vertex 0 12 -1.5
    endloop
  endfacet
  facet normal 0 0 -1
    outer loop
      vertex 134.80002868198352 -4.872400000000001 -1.5
      vertex 134.79523260556311 -4.8734194375134265 -1.5
      vertex 134.78580299415603 -4.873948993131241 -1.5
    endloop
  endfacet
  facet normal 0 0 -1
    outer loop
      vertex 13.701378259613357 8.176125526869733 -1.5
      vertex 13.647248121784846 8.127751878215154 -1.5
      vertex 0 12 -1.5
    endloop
  endfacet
  facet normal 0 0 -1
    outer loop
      vertex 13.647248121784846 8.127751878215154 -1.5
      vertex 13.504293786319462 7.967785902996289 -1.5
      vertex 0 12 -1.5
    endloop
  endfacet
  facet normal 0 0 -1
    outer loop
      vertex 13.504293786319462 7.967785902996289 -1.5
      vertex 13.46899784896899 7.9180409346069505 -1.5
      vertex 0 12 -1.5
    endloop
  endfacet
  facet normal 0 0 -1
    outer loop
      vertex 13.46899784896899 7.9180409346069505 -1.5
      vertex 13.452285725767965 7.899480241430526 -1.5
      vertex 0 12 -1.5
    endloop
  endfacet
  facet normal 0 0 -1
    outer loop
      vertex 135.21419700584397 -4.873948993131241 -1.5
      vertex 135.20476739443689 -4.8734194375134265 -1.5
      vertex 135.19997131801648 -4.872400000000001 -1.5
    endloop
  endfacet
  facet normal 0 0 -1
    outer loop
      vertex 13.452285725767965 7.899480241430526 -1.5
      vertex 13.436812816197207 7.872680375913056 -1.5
      vertex 0 12 -1.5
    endloop
  endfacet
  facet normal 0 0 -1
    outer loop
      vertex 13.436812816197207 7.872680375913056 -1.5
      vertex 13.380148824320067 7.792819952976745 -1.5
      vertex 0 12 -1.5
    endloop
  endfacet
  facet normal 0 0 -1
    outer loop
      vertex 13.380148824320067 7.792819952976745 -1.5
      vertex 13.276374430714391 7.605054326495627 -1.5
      vertex 0 12 -1.5
    endloop
  endfacet
  facet normal 0 0 -1
    outer loop
      vertex 13.276374430714391 7.605054326495627 -1.5
      vertex 13.26133200036934 7.568738687145551 -1.5
      vertex 0 12 -1.5
    endloop
  endfacet
  facet normal 0 0 -1
    outer loop
      vertex 13.26133200036934 7.568738687145551 -1.5
      vertex 13.25231440775149 7.553119758569475 -1.5
      vertex 0 12 -1.5
    endloop
  endfacet
  facet normal 0 0 -1
    outer loop
      vertex 13.25231440775149 7.553119758569475 -1.5
      vertex 13.24304275107444 7.524584533452183 -1.5
      vertex 0 12 -1.5
    endloop
  endfacet
  facet normal 0 0 1
    outer loop
      vertex 0 12 0
      vertex 11.803217725231864 7.13519085711869 0
      vertex 11.863647001807104 7.49085210522151 0
    endloop
  endfacet
  facet normal 0 0 1
    outer loop
      vertex 0 12 0
      vertex 11.782989840578113 6.775 0
      vertex 11.803217725231864 7.13519085711869 0
    endloop
  endfacet
  facet normal 0 0 1
    outer loop
      vertex 0 12 0
      vertex 11.803217725231864 6.41480914288131 0
      vertex 11.782989840578113 6.775 0
    endloop
  endfacet
  facet normal 0 0 1
    outer loop
      vertex 0 12 0
      vertex 11.863647001807104 6.059147894778491 0
      vertex 11.803217725231864 6.41480914288131 0
    endloop
  endfacet
  facet normal 0 0 1
    outer loop
      vertex 0 12 0
      vertex 0 1.5499999970197678 0
      vertex 11.863647001807104 6.059147894778491 0
    endloop
  endfacet
  facet normal 0 0 -1
    outer loop
      vertex 15.21419700584397 8.67605100686876 -1.5
      vertex 15.204767394436873 8.676580562486574 -1.5
      vertex 15.199971318016477 8.6776 -1.5
    endloop
  endfacet
  facet normal 0 0 -1
    outer loop
      vertex 15.631850285250087 8.580724371286667 -1.5
      vertex 15.603929724236206 8.588768146345172 -1.5
      vertex 15.591174247883261 8.594447250312278 -1.5
    endloop
  endfacet
  facet normal -1 0 0
    outer loop
      vertex 0 12 -1.5
      vertex 0 1.5499999970197678 0
      vertex 0 12 0
    endloop
  endfacet
  facet normal 0 0 -1
    outer loop
      vertex 13.24304275107444 7.524584533452183 -1.5
      vertex 13.194275628713333 7.406850285250087 -1.5
      vertex 0 12 -1.5
    endloop
  endfacet
  facet normal 0 0 -1
    outer loop
      vertex 13.194275628713333 7.406850285250087 -1.5
      vertex 13.134884858386888 7.200700360059454 -1.5
      vertex 0 12 -1.5
    endloop
  endfacet
  facet normal 0 0 -1
    outer loop
      vertex 13.134884858386888 7.200700360059454 -1.5
      vertex 13.13168260452094 7.181853243707053 -1.5
      vertex 0 12 -1.5
    endloop
  endfacet
  facet normal 0 0 -1
    outer loop
      vertex 13.13168260452094 7.181853243707053 -1.5
      vertex 13.128725336442193 7.172751708426075 -1.5
      vertex 0 12 -1.5
    endloop
  endfacet
  facet normal 0 0 -1
    outer loop
      vertex 13.128725336442193 7.172751708426075 -1.5
      vertex 13.126437051049534 7.150980127225051 -1.5
      vertex 0 12 -1.5
    endloop
  endfacet
  facet normal 0 0 -1
    outer loop
      vertex 136.7476855922485 -5.996880241430525 -1.5
      vertex 136.73866799963065 -5.98126131285445 -1.5
      vertex 136.72362556928562 -5.944945673504374 -1.5
    endloop
  endfacet
  facet normal 0 0 -1
    outer loop
      vertex 136.61985117567994 -5.757180047023255 -1.5
      vertex 136.5631871838028 -5.6773196240869455 -1.5
      vertex 136.54771427423202 -5.650519758569475 -1.5
    endloop
  endfacet
  facet normal 0 0 -1
    outer loop
      vertex 13.126437051049534 7.150980127225051 -1.5
      vertex 13.09894899313124 6.98919700584397 -1.5
      vertex 0 12 -1.5
    endloop
  endfacet
  facet normal 0 0 -1
    outer loop
      vertex 13.09894899313124 6.98919700584397 -1.5
      vertex 13.086919947302453 6.775 -1.5
      vertex 0 12 -1.5
    endloop
  endfacet
  facet normal 0 0 -1
    outer loop
      vertex 136.54771427423202 -5.650519758569475 -1.5
      vertex 136.531002151031 -5.63195906539305 -1.5
      vertex 136.49570621368053 -5.582214097003712 -1.5
    endloop
  endfacet
  facet normal 0 0 -1
    outer loop
      vertex 136.35275187821514 -5.422248121784848 -1.5
      vertex 136.29862174038664 -5.373874473130269 -1.5
      vertex 136.28010041567455 -5.353304458113798 -1.5
    endloop
  endfacet
  facet normal 0 0 -1
    outer loop
      vertex 0 12 -1.5
      vertex 13.086919947302453 6.775 -1.5
      vertex 13.09894899313124 6.560802994156031 -1.5
    endloop
  endfacet
  facet normal 0 0 -1
    outer loop
      vertex 0 12 -1.5
      vertex 13.09894899313124 6.560802994156031 -1.5
      vertex 13.126437051049534 6.39901987277495 -1.5
    endloop
  endfacet
  facet normal 0 0 -1
    outer loop
      vertex 136.28010041567455 -5.353304458113798 -1.5
      vertex 136.25605459791834 -5.335834148893246 -1.5
      vertex 136.1927859029963 -5.279293786319461 -1.5
    endloop
  endfacet
  facet normal 0 0 -1
    outer loop
      vertex 0 12 -1.5
      vertex 13.126437051049534 6.39901987277495 -1.5
      vertex 13.128725336442193 6.377248291573926 -1.5
    endloop
  endfacet
  facet normal -1 0 0
    outer loop
      vertex 0 1.5499999970197678 0
      vertex 0 0.5499999970197678 0
      vertex 0 0.4750000014901161 8
    endloop
  endfacet
  facet normal 0 0 1
    outer loop
      vertex 71.78298984057811 6.775 0
      vertex 18.036482262910983 5.712488902245898 0
      vertex 17.898426001364918 5.37919160325086 0
    endloop
  endfacet
  facet normal 0 0 1
    outer loop
      vertex 71.78298984057811 6.775 0
      vertex 17.898426001364918 5.37919160325086 0
      vertex 17.72392035114575 5.063447404711839 0
    endloop
  endfacet
  facet normal 0 0 1
    outer loop
      vertex 71.78298984057811 6.775 0
      vertex 17.72392035114575 5.063447404711839 0
      vertex 17.515159822055526 4.769226973124516 0
    endloop
  endfacet
  facet normal 0 0 1
    outer loop
      vertex 71.78298984057811 6.775 0
      vertex 17.515159822055526 4.769226973124516 0
      vertex 17.274769698873232 4.500230301126768 0
    endloop
  endfacet
  facet normal 0 0 1
    outer loop
      vertex 71.78298984057811 6.775 0
      vertex 17.274769698873232 4.500230301126768 0
      vertex 17.005773026875485 4.259840177944473 0
    endloop
  endfacet
  facet normal 0 0 1
    outer loop
      vertex 71.78298984057811 6.775 0
      vertex 17.005773026875485 4.259840177944473 0
      vertex 16.71155259528816 4.05107964885425 0
    endloop
  endfacet
  facet normal 0 0 1
    outer loop
      vertex 71.78298984057811 6.775 0
      vertex 16.71155259528816 4.05107964885425 0
      vertex 16.39580839674914 3.8765739986350827 0
    endloop
  endfacet
  facet normal 0 0 1
    outer loop
      vertex 71.78298984057811 6.775 0
      vertex 16.39580839674914 3.8765739986350827 0
      vertex 16.062511097754104 3.7385177370890177 0
    endloop
  endfacet
  facet normal 0 0 -1
    outer loop
      vertex 136.01781995297674 -5.155148824320067 -1.5
      vertex 135.97412023371157 -5.13099684319089 -1.5
      vertex 135.95654002634876 -5.1182240748906525 -1.5
    endloop
  endfacet
  facet normal 0 0 1
    outer loop
      vertex 71.78298984057811 6.775 0
      vertex 16.062511097754104 3.7385177370890177 0
      vertex 15.715852105221511 3.6386470018071053 0
    endloop
  endfacet
  facet normal 0 0 1
    outer loop
      vertex 71.78298984057811 6.775 0
      vertex 15.715852105221511 3.6386470018071053 0
      vertex 15.36019085711869 3.5782177252318648 0
    endloop
  endfacet
  facet normal 0 0 1
    outer loop
      vertex 0 1.5499999970197678 0
      vertex 71.78298984057811 6.775 0
      vertex 15.36019085711869 3.5782177252318648 0
    endloop
  endfacet
  facet normal 0 0 -1
    outer loop
      vertex 75 -4.861919947302454 -1.5
      vertex 15.830054326495627 8.49862556928561 -1.5
      vertex 15.631850285250087 8.580724371286667 -1.5
    endloop
  endfacet
  facet normal 0 0 -1
    outer loop
      vertex 75 -4.861919947302454 -1.5
      vertex 15.956540026348772 8.431775925109347 -1.5
      vertex 15.928094418789339 8.444440725565837 -1.5
    endloop
  endfacet
  facet normal 0 0 -1
    outer loop
      vertex 75 -4.861919947302454 -1.5
      vertex 15.928094418789339 8.444440725565837 -1.5
      vertex 15.830054326495627 8.49862556928561 -1.5
    endloop
  endfacet
  facet normal 0 0 -1
    outer loop
      vertex 74.78580299415603 -4.873948993131241 -1.5
      vertex 15.974120233711588 8.41900315680911 -1.5
      vertex 15.956540026348772 8.431775925109347 -1.5
    endloop
  endfacet
  facet normal 0 0 -1
    outer loop
      vertex 74.78580299415603 -4.873948993131241 -1.5
      vertex 16.017819952976744 8.394851175679934 -1.5
      vertex 15.974120233711588 8.41900315680911 -1.5
    endloop
  endfacet
  facet normal 0 0 -1
    outer loop
      vertex 74.57429963994055 -4.909884858386889 -1.5
      vertex 16.192785902996288 8.27070621368054 -1.5
      vertex 16.017819952976744 8.394851175679934 -1.5
    endloop
  endfacet
  facet normal 0 0 -1
    outer loop
      vertex 74.57429963994055 -4.909884858386889 -1.5
      vertex 16.256054597918336 8.214165851106754 -1.5
      vertex 16.192785902996288 8.27070621368054 -1.5
    endloop
  endfacet
  facet normal 0 0 -1
    outer loop
      vertex 74.57429963994055 -4.909884858386889 -1.5
      vertex 16.280100415674546 8.196695541886204 -1.5
      vertex 16.256054597918336 8.214165851106754 -1.5
    endloop
  endfacet
  facet normal 0 0 -1
    outer loop
      vertex 74.36814971474992 -4.969275628713333 -1.5
      vertex 16.298621740386643 8.176125526869733 -1.5
      vertex 16.280100415674546 8.196695541886204 -1.5
    endloop
  endfacet
  facet normal 0 0 -1
    outer loop
      vertex 74.36814971474992 -4.969275628713333 -1.5
      vertex 16.35275187821515 8.127751878215154 -1.5
      vertex 16.298621740386643 8.176125526869733 -1.5
    endloop
  endfacet
  facet normal 0 0 -1
    outer loop
      vertex 74.16994567350437 -5.051374430714391 -1.5
      vertex 16.547714274232035 7.899480241430526 -1.5
      vertex 16.53100215103101 7.9180409346069505 -1.5
    endloop
  endfacet
  facet normal 0 0 -1
    outer loop
      vertex 74.16994567350437 -5.051374430714391 -1.5
      vertex 16.49570621368054 7.9677859029962885 -1.5
      vertex 16.35275187821515 8.127751878215154 -1.5
    endloop
  endfacet
  facet normal 0 0 -1
    outer loop
      vertex 74.16994567350437 -5.051374430714391 -1.5
      vertex 16.53100215103101 7.9180409346069505 -1.5
      vertex 16.49570621368054 7.9677859029962885 -1.5
    endloop
  endfacet
  facet normal 0 0 -1
    outer loop
      vertex 73.98218004702325 -5.155148824320067 -1.5
      vertex 16.72362556928561 7.605054326495627 -1.5
      vertex 16.619851175679933 7.792819952976746 -1.5
    endloop
  endfacet
  facet normal 0 0 -1
    outer loop
      vertex 73.98218004702325 -5.155148824320067 -1.5
      vertex 16.563187183802793 7.872680375913055 -1.5
      vertex 16.547714274232035 7.899480241430526 -1.5
    endloop
  endfacet
  facet normal 0 0 -1
    outer loop
      vertex 73.98218004702325 -5.155148824320067 -1.5
      vertex 16.619851175679933 7.792819952976746 -1.5
      vertex 16.563187183802793 7.872680375913055 -1.5
    endloop
  endfacet
  facet normal 0 0 -1
    outer loop
      vertex 73.98218004702325 -5.155148824320067 -1.5
      vertex 16.73866799963066 7.568738687145551 -1.5
      vertex 16.72362556928561 7.605054326495627 -1.5
    endloop
  endfacet
  facet normal 0 0 -1
    outer loop
      vertex 73.98218004702325 -5.155148824320067 -1.5
      vertex 16.747685592248512 7.553119758569475 -1.5
      vertex 16.73866799963066 7.568738687145551 -1.5
    endloop
  endfacet
  facet normal 0 0 -1
    outer loop
      vertex 73.64724812178484 -5.422248121784848 -1.5
      vertex 16.75695724892556 7.524584533452183 -1.5
      vertex 16.747685592248512 7.553119758569475 -1.5
    endloop
  endfacet
  facet normal 0 0 -1
    outer loop
      vertex 73.64724812178484 -5.422248121784848 -1.5
      vertex 16.865115141613114 7.200700360059453 -1.5
      vertex 16.80572437128667 7.406850285250087 -1.5
    endloop
  endfacet
  facet normal 0 0 -1
    outer loop
      vertex 73.64724812178484 -5.422248121784848 -1.5
      vertex 16.80572437128667 7.406850285250087 -1.5
      vertex 16.75695724892556 7.524584533452183 -1.5
    endloop
  endfacet
  facet normal 0 0 -1
    outer loop
      vertex 73.64724812178484 -5.422248121784848 -1.5
      vertex 16.86831739547906 7.181853243707052 -1.5
      vertex 16.865115141613114 7.200700360059453 -1.5
    endloop
  endfacet
  facet normal 0 0 -1
    outer loop
      vertex 73.64724812178484 -5.422248121784848 -1.5
      vertex 16.87127466355781 7.172751708426075 -1.5
      vertex 16.86831739547906 7.181853243707052 -1.5
    endloop
  endfacet
  facet normal 0 0 -1
    outer loop
      vertex 73.64724812178484 -5.422248121784848 -1.5
      vertex 16.873562948950465 7.1509801272250515 -1.5
      vertex 16.87127466355781 7.172751708426075 -1.5
    endloop
  endfacet
  facet normal 0 0 -1
    outer loop
      vertex 73.64724812178484 -5.422248121784848 -1.5
      vertex 16.90105100686876 6.9891970058439705 -1.5
      vertex 16.873562948950465 7.1509801272250515 -1.5
    endloop
  endfacet
  facet normal 0 0 -1
    outer loop
      vertex 73.64724812178484 -5.422248121784848 -1.5
      vertex 16.913080052697545 6.775 -1.5
      vertex 16.90105100686876 6.9891970058439705 -1.5
    endloop
  endfacet
  facet normal 0 0 -1
    outer loop
      vertex 73.64724812178484 -5.422248121784848 -1.5
      vertex 16.90105100686876 6.56080299415603 -1.5
      vertex 16.913080052697545 6.775 -1.5
    endloop
  endfacet
  facet normal 0 0 -1
    outer loop
      vertex 73.64724812178484 -5.422248121784848 -1.5
      vertex 16.873562948950465 6.399019872774949 -1.5
      vertex 16.90105100686876 6.56080299415603 -1.5
    endloop
  endfacet
  facet normal 0 0 -1
    outer loop
      vertex 73.64724812178484 -5.422248121784848 -1.5
      vertex 16.87127466355781 6.377248291573926 -1.5
      vertex 16.873562948950465 6.399019872774949 -1.5
    endloop
  endfacet
  facet normal 0 0 -1
    outer loop
      vertex 73.64724812178484 -5.422248121784848 -1.5
      vertex 16.86831739547906 6.368146756292949 -1.5
      vertex 16.87127466355781 6.377248291573926 -1.5
    endloop
  endfacet
  facet normal 0 0 -1
    outer loop
      vertex 73.64724812178484 -5.422248121784848 -1.5
      vertex 16.865115141613114 6.349299639940548 -1.5
      vertex 16.86831739547906 6.368146756292949 -1.5
    endloop
  endfacet
  facet normal 0 0 -1
    outer loop
      vertex 73.64724812178484 -5.422248121784848 -1.5
      vertex 16.80572437128667 6.143149714749914 -1.5
      vertex 16.865115141613114 6.349299639940548 -1.5
    endloop
  endfacet
  facet normal 0 0 -1
    outer loop
      vertex 73.64724812178484 -5.422248121784848 -1.5
      vertex 16.75695724892556 6.025415466547818 -1.5
      vertex 16.80572437128667 6.143149714749914 -1.5
    endloop
  endfacet
  facet normal 0 0 -1
    outer loop
      vertex 73.64724812178484 -5.422248121784848 -1.5
      vertex 16.747685592248512 5.996880241430525 -1.5
      vertex 16.75695724892556 6.025415466547818 -1.5
    endloop
  endfacet
  facet normal 0 0 -1
    outer loop
      vertex 73.64724812178484 -5.422248121784848 -1.5
      vertex 16.73866799963066 5.98126131285445 -1.5
      vertex 16.747685592248512 5.996880241430525 -1.5
    endloop
  endfacet
  facet normal 0 0 -1
    outer loop
      vertex 73.64724812178484 -5.422248121784848 -1.5
      vertex 16.72362556928561 5.944945673504374 -1.5
      vertex 16.73866799963066 5.98126131285445 -1.5
    endloop
  endfacet
  facet normal 0 0 -1
    outer loop
      vertex 73.64724812178484 -5.422248121784848 -1.5
      vertex 16.619851175679933 5.757180047023255 -1.5
      vertex 16.72362556928561 5.944945673504374 -1.5
    endloop
  endfacet
  facet normal 0 0 -1
    outer loop
      vertex 73.64724812178484 -5.422248121784848 -1.5
      vertex 16.563187183802793 5.6773196240869455 -1.5
      vertex 16.619851175679933 5.757180047023255 -1.5
    endloop
  endfacet
  facet normal 0 0 -1
    outer loop
      vertex 73.64724812178484 -5.422248121784848 -1.5
      vertex 16.547714274232035 5.650519758569475 -1.5
      vertex 16.563187183802793 5.6773196240869455 -1.5
    endloop
  endfacet
  facet normal 0 0 -1
    outer loop
      vertex 73.64724812178484 -5.422248121784848 -1.5
      vertex 16.53100215103101 5.63195906539305 -1.5
      vertex 16.547714274232035 5.650519758569475 -1.5
    endloop
  endfacet
  facet normal 0 0 -1
    outer loop
      vertex 73.64724812178484 -5.422248121784848 -1.5
      vertex 16.49570621368054 5.582214097003712 -1.5
      vertex 16.53100215103101 5.63195906539305 -1.5
    endloop
  endfacet
  facet normal 0 0 -1
    outer loop
      vertex 73.64724812178484 -5.422248121784848 -1.5
      vertex 16.35275187821515 5.422248121784848 -1.5
      vertex 16.49570621368054 5.582214097003712 -1.5
    endloop
  endfacet
  facet normal 0 0 -1
    outer loop
      vertex 73.64724812178484 -5.422248121784848 -1.5
      vertex 16.298621740386643 5.373874473130269 -1.5
      vertex 16.35275187821515 5.422248121784848 -1.5
    endloop
  endfacet
  facet normal 1 0 0
    outer loop
      vertex 150 -1.5499999970197678 0
      vertex 150 -12 -1.5
      vertex 150 -0.5499999970197678 0
    endloop
  endfacet
  facet normal 0 0 -1
    outer loop
      vertex 150 -12 -1.5
      vertex 136.90105100686876 -6.56080299415603 -1.5
      vertex 136.90105100686876 6.56080299415603 -1.5
    endloop
  endfacet
  facet normal 1 0 0
    outer loop
      vertex 150 0.5499999970197678 0
      vertex 150 -0.5499999970197678 0
      vertex 150 -12 -1.5
    endloop
  endfacet
  facet normal 1 0 0
    outer loop
      vertex 150 0.5499999970197678 0
      vertex 150 -12 -1.5
      vertex 150 1.5499999970197678 0
    endloop
  endfacet
  facet normal 0 0 1
    outer loop
      vertex 138.1967822747681 -6.4148091428813085 0
      vertex 138.2170101594219 -6.775 0
      vertex 150 -1.5499999970197678 0
    endloop
  endfacet
  facet normal 0 0 1
    outer loop
      vertex 138.1363529981929 -6.059147894778492 0
      vertex 138.1967822747681 -6.4148091428813085 0
      vertex 150 -1.5499999970197678 0
    endloop
  endfacet
  facet normal 0 0 1
    outer loop
      vertex 138.036482262911 -5.712488902245898 0
      vertex 138.1363529981929 -6.059147894778492 0
      vertex 150 -1.5499999970197678 0
    endloop
  endfacet
  facet normal 0 0 1
    outer loop
      vertex 137.89842600136492 -5.37919160325086 0
      vertex 138.036482262911 -5.712488902245898 0
      vertex 150 -1.5499999970197678 0
    endloop
  endfacet
  facet normal 0 0 1
    outer loop
      vertex 137.51515982205552 -4.769226973124516 0
      vertex 137.72392035114575 -5.063447404711839 0
      vertex 150 -1.5499999970197678 0
    endloop
  endfacet
  facet normal 0 0 1
    outer loop
      vertex 137.72392035114575 -5.063447404711839 0
      vertex 137.89842600136492 -5.37919160325086 0
      vertex 150 -1.5499999970197678 0
    endloop
  endfacet
  facet normal 0 0 1
    outer loop
      vertex 137.27476969887323 -4.500230301126768 0
      vertex 137.51515982205552 -4.769226973124516 0
      vertex 150 -1.5499999970197678 0
    endloop
  endfacet
  facet normal 0 0 1
    outer loop
      vertex 137.0057730268755 -4.259840177944473 0
      vertex 137.27476969887323 -4.500230301126768 0
      vertex 150 -1.5499999970197678 0
    endloop
  endfacet
  facet normal 0 0 1
    outer loop
      vertex 136.71155259528817 -4.05107964885425 0
      vertex 137.0057730268755 -4.259840177944473 0
      vertex 150 -1.5499999970197678 0
    endloop
  endfacet
  facet normal 0 0 1
    outer loop
      vertex 136.39580839674912 -3.8765739986350827 0
      vertex 136.71155259528817 -4.05107964885425 0
      vertex 150 -1.5499999970197678 0
    endloop
  endfacet
  facet normal 0 0 1
    outer loop
      vertex 136.0625110977541 -3.7385177370890177 0
      vertex 136.39580839674912 -3.8765739986350827 0
      vertex 150 -1.5499999970197678 0
    endloop
  endfacet
  facet normal 0 0 -1
    outer loop
      vertex 135.95654002634876 -5.1182240748906525 -1.5
      vertex 135.83005432649563 -5.051374430714391 -1.5
      vertex 135.83005432649563 5.051374430714391 -1.5
    endloop
  endfacet
  facet normal 0 0 -1
    outer loop
      vertex 135.18661462769802 -4.872400000000001 -1.5
      vertex 135 -4.861919947302454 -1.5
      vertex 135 4.861919947302454 -1.5
    endloop
  endfacet
  facet normal 0 0 -1
    outer loop
      vertex 135.19997131801648 -4.872400000000001 -1.5
      vertex 135.18661462769802 -4.872400000000001 -1.5
      vertex 135 4.861919947302454 -1.5
    endloop
  endfacet
  facet normal 0 0 -1
    outer loop
      vertex 135.21419700584397 -4.873948993131241 -1.5
      vertex 135.19997131801648 -4.872400000000001 -1.5
      vertex 135.19997131801648 4.872400000000001 -1.5
    endloop
  endfacet
  facet normal 0 0 -1
    outer loop
      vertex 135.42570036005947 -4.909884858386889 -1.5
      vertex 135.21419700584397 -4.873948993131241 -1.5
      vertex 135.21419700584397 4.873948993131241 -1.5
    endloop
  endfacet
  facet normal 0 0 -1
    outer loop
      vertex 135.5646405572536 -4.949912839639067 -1.5
      vertex 135.42570036005947 -4.909884858386889 -1.5
      vertex 135.42570036005947 4.909884858386889 -1.5
    endloop
  endfacet
  facet normal 0 0 -1
    outer loop
      vertex 135.59117424788326 -4.955552749687723 -1.5
      vertex 135.5646405572536 -4.949912839639067 -1.5
      vertex 135.42570036005947 4.909884858386889 -1.5
    endloop
  endfacet
  facet normal 0 0 -1
    outer loop
      vertex 135.6318502852501 -4.969275628713333 -1.5
      vertex 135.59117424788326 -4.955552749687723 -1.5
      vertex 135.59117424788326 4.955552749687723 -1.5
    endloop
  endfacet
  facet normal 0 0 -1
    outer loop
      vertex 135.83005432649563 -5.051374430714391 -1.5
      vertex 135.6318502852501 -4.969275628713333 -1.5
      vertex 135.6318502852501 4.969275628713333 -1.5
    endloop
  endfacet
  facet normal 0 0 -1
    outer loop
      vertex 136.90105100686876 -6.56080299415603 -1.5
      vertex 136.87356294895048 -6.399019872774949 -1.5
      vertex 136.8712746635578 6.377248291573926 -1.5
    endloop
  endfacet
  facet normal 0 0 -1
    outer loop
      vertex 136.87356294895048 -6.399019872774949 -1.5
      vertex 136.8712746635578 -6.377248291573926 -1.5
      vertex 136.8712746635578 6.377248291573926 -1.5
    endloop
  endfacet
  facet normal 0 0 -1
    outer loop
      vertex 136.8651151416131 -6.349299639940548 -1.5
      vertex 136.80572437128666 -6.143149714749914 -1.5
      vertex 136.80572437128666 6.143149714749914 -1.5
    endloop
  endfacet
  facet normal 0 0 -1
    outer loop
      vertex 136.8712746635578 -6.377248291573926 -1.5
      vertex 136.8651151416131 -6.349299639940548 -1.5
      vertex 136.8651151416131 6.349299639940548 -1.5
    endloop
  endfacet
  facet normal 0 0 -1
    outer loop
      vertex 136.54771427423202 -5.650519758569475 -1.5
      vertex 136.49570621368053 -5.582214097003712 -1.5
      vertex 136.49570621368053 5.582214097003712 -1.5
    endloop
  endfacet
  facet normal 0 0 -1
    outer loop
      vertex 136.80572437128666 -6.143149714749914 -1.5
      vertex 136.7476855922485 -5.996880241430525 -1.5
      vertex 136.7476855922485 5.996880241430525 -1.5
    endloop
  endfacet
  facet normal 0 0 -1
    outer loop
      vertex 136.72362556928562 -5.944945673504374 -1.5
      vertex 136.61985117567994 -5.757180047023255 -1.5
      vertex 136.61985117567994 5.757180047023255 -1.5
    endloop
  endfacet
  facet normal 0 0 -1
    outer loop
      vertex 136.7476855922485 -5.996880241430525 -1.5
      vertex 136.72362556928562 -5.944945673504374 -1.5
      vertex 136.72362556928562 5.944945673504374 -1.5
    endloop
  endfacet
  facet normal 0 0 -1
    outer loop
      vertex 136.61985117567994 -5.757180047023255 -1.5
      vertex 136.54771427423202 -5.650519758569475 -1.5
      vertex 136.54771427423202 5.650519758569475 -1.5
    endloop
  endfacet
  facet normal 0 0 -1
    outer loop
      vertex 136.28010041567455 -5.353304458113798 -1.5
      vertex 136.1927859029963 -5.279293786319461 -1.5
      vertex 136.1927859029963 5.279293786319461 -1.5
    endloop
  endfacet
  facet normal 0 0 -1
    outer loop
      vertex 136.49570621368053 -5.582214097003712 -1.5
      vertex 136.35275187821514 -5.422248121784848 -1.5
      vertex 136.35275187821514 5.422248121784848 -1.5
    endloop
  endfacet
  facet normal 0 0 -1
    outer loop
      vertex 136.35275187821514 -5.422248121784848 -1.5
      vertex 136.28010041567455 -5.353304458113798 -1.5
      vertex 136.28010041567455 5.353304458113798 -1.5
    endloop
  endfacet
  facet normal 0 0 -1
    outer loop
      vertex 136.1927859029963 -5.279293786319461 -1.5
      vertex 136.01781995297674 -5.155148824320067 -1.5
      vertex 136.01781995297674 5.155148824320067 -1.5
    endloop
  endfacet
  facet normal 0 0 -1
    outer loop
      vertex 136.01781995297674 -5.155148824320067 -1.5
      vertex 135.95654002634876 -5.1182240748906525 -1.5
      vertex 135.95654002634876 5.1182240748906525 -1.5
    endloop
  endfacet
  facet normal 0 0 1
    outer loop
      vertex 134.6398091428813 -3.5782177252318648 0
      vertex 135 -3.557989840578114 0
      vertex 150 -1.5499999970197678 0
    endloop
  endfacet
  facet normal 0 0 1
    outer loop
      vertex 135.7158521052215 -3.6386470018071044 0
      vertex 136.0625110977541 -3.7385177370890177 0
      vertex 150 -1.5499999970197678 0
    endloop
  endfacet
  facet normal 0 0 1
    outer loop
      vertex 135.3601908571187 -3.5782177252318648 0
      vertex 135.7158521052215 -3.6386470018071044 0
      vertex 150 -1.5499999970197678 0
    endloop
  endfacet
  facet normal 0 0 1
    outer loop
      vertex 135 -3.557989840578114 0
      vertex 135.3601908571187 -3.5782177252318648 0
      vertex 150 -1.5499999970197678 0
    endloop
  endfacet
  facet normal 1 0 0
    outer loop
      vertex 150 -0.5499999970197678 0
      vertex 150 -0.4750000014901161 8
      vertex 150 -1.5499999970197678 0
    endloop
  endfacet
  facet normal 0 0.9999560575893115 -0.009374587481130806
    outer loop
      vertex 150 -0.5499999970197678 0
      vertex 0 -0.4750000014901161 8
      vertex 150 -0.4750000014901161 8
    endloop
  endfacet
  facet normal 0 0.9474922794149795 0.3197786428906821
    outer loop
      vertex 150 -0.4750000014901161 8
      vertex 0 -1.1499999985098839 10
      vertex 150 -1.1499999985098839 10
    endloop
  endfacet
  facet normal 0 0 1
    outer loop
      vertex 150 -1.1499999985098839 10
      vertex 0 -1.5499999970197678 10
      vertex 150 -1.5499999970197678 10
    endloop
  endfacet
  facet normal 1 0 0
    outer loop
      vertex 150 -1.5499999970197678 10
      vertex 150 -1.5499999970197678 0
      vertex 150 -0.4750000014901161 8
    endloop
  endfacet
  facet normal 1 0 0
    outer loop
      vertex 150 -1.1499999985098839 10
      vertex 150 -1.5499999970197678 10
      vertex 150 -0.4750000014901161 8
    endloop
  endfacet
  facet normal 0 0 -1
    outer loop
      vertex 133.26133200036935 -5.98126131285445 -1.5
      vertex 133.2523144077515 -5.996880241430525 -1.5
      vertex 0 12 -1.5
    endloop
  endfacet
  facet normal 0 0 -1
    outer loop
      vertex 133.27637443071438 -5.944945673504374 -1.5
      vertex 133.26133200036935 -5.98126131285445 -1.5
      vertex 0 12 -1.5
    endloop
  endfacet
  facet normal 0 0 -1
    outer loop
      vertex 133.38014882432006 -5.7571800470232555 -1.5
      vertex 133.27637443071438 -5.944945673504374 -1.5
      vertex 0 12 -1.5
    endloop
  endfacet
  facet normal 0 0 -1
    outer loop
      vertex 133.4368128161972 -5.677319624086945 -1.5
      vertex 133.38014882432006 -5.7571800470232555 -1.5
      vertex 0 12 -1.5
    endloop
  endfacet
  facet normal 0 0 -1
    outer loop
      vertex 133.45228572576798 -5.650519758569475 -1.5
      vertex 133.4368128161972 -5.677319624086945 -1.5
      vertex 0 12 -1.5
    endloop
  endfacet
  facet normal 0 0 -1
    outer loop
      vertex 133.468997848969 -5.63195906539305 -1.5
      vertex 133.45228572576798 -5.650519758569475 -1.5
      vertex 0 12 -1.5
    endloop
  endfacet
  facet normal 0 0 -1
    outer loop
      vertex 133.50429378631947 -5.582214097003711 -1.5
      vertex 133.468997848969 -5.63195906539305 -1.5
      vertex 0 12 -1.5
    endloop
  endfacet
  facet normal 0 0 -1
    outer loop
      vertex 133.64724812178486 -5.422248121784848 -1.5
      vertex 133.50429378631947 -5.582214097003711 -1.5
      vertex 0 12 -1.5
    endloop
  endfacet
  facet normal 0 0 -1
    outer loop
      vertex 133.70137825961336 -5.373874473130269 -1.5
      vertex 133.64724812178486 -5.422248121784848 -1.5
      vertex 0 12 -1.5
    endloop
  endfacet
  facet normal 0 0 -1
    outer loop
      vertex 133.71989958432545 -5.353304458113798 -1.5
      vertex 133.70137825961336 -5.373874473130269 -1.5
      vertex 0 12 -1.5
    endloop
  endfacet
  facet normal 0 0 -1
    outer loop
      vertex 133.74394540208166 -5.335834148893246 -1.5
      vertex 133.71989958432545 -5.353304458113798 -1.5
      vertex 0 12 -1.5
    endloop
  endfacet
  facet normal 0 0 -1
    outer loop
      vertex 133.8072140970037 -5.279293786319461 -1.5
      vertex 133.74394540208166 -5.335834148893246 -1.5
      vertex 0 12 -1.5
    endloop
  endfacet
  facet normal 0 0 -1
    outer loop
      vertex 133.98218004702326 -5.155148824320067 -1.5
      vertex 133.8072140970037 -5.279293786319461 -1.5
      vertex 0 12 -1.5
    endloop
  endfacet
  facet normal 0 0 -1
    outer loop
      vertex 134.02587976628843 -5.13099684319089 -1.5
      vertex 133.98218004702326 -5.155148824320067 -1.5
      vertex 0 12 -1.5
    endloop
  endfacet
  facet normal 0 0 -1
    outer loop
      vertex 134.04345997365124 -5.1182240748906525 -1.5
      vertex 134.02587976628843 -5.13099684319089 -1.5
      vertex 0 12 -1.5
    endloop
  endfacet
  facet normal 0 0 -1
    outer loop
      vertex 134.07190558121067 -5.105559274434163 -1.5
      vertex 134.04345997365124 -5.1182240748906525 -1.5
      vertex 0 12 -1.5
    endloop
  endfacet
  facet normal 0 0 -1
    outer loop
      vertex 134.16994567350437 -5.051374430714391 -1.5
      vertex 134.07190558121067 -5.105559274434163 -1.5
      vertex 0 12 -1.5
    endloop
  endfacet
  facet normal 0 0 -1
    outer loop
      vertex 134.3681497147499 -4.969275628713333 -1.5
      vertex 134.16994567350437 -5.051374430714391 -1.5
      vertex 0 12 -1.5
    endloop
  endfacet
  facet normal 0 0 -1
    outer loop
      vertex 134.3960702757638 -4.961231853654829 -1.5
      vertex 134.3681497147499 -4.969275628713333 -1.5
      vertex 0 12 -1.5
    endloop
  endfacet
  facet normal 0 0 -1
    outer loop
      vertex 134.40882575211674 -4.955552749687723 -1.5
      vertex 134.3960702757638 -4.961231853654829 -1.5
      vertex 0 12 -1.5
    endloop
  endfacet
  facet normal 0 0 -1
    outer loop
      vertex 134.4353594427464 -4.949912839639067 -1.5
      vertex 134.40882575211674 -4.955552749687723 -1.5
      vertex 0 12 -1.5
    endloop
  endfacet
  facet normal 0 0 -1
    outer loop
      vertex 134.57429963994053 -4.909884858386889 -1.5
      vertex 134.4353594427464 -4.949912839639067 -1.5
      vertex 0 12 -1.5
    endloop
  endfacet
  facet normal 0 0 -1
    outer loop
      vertex 134.78580299415603 -4.873948993131241 -1.5
      vertex 134.57429963994053 -4.909884858386889 -1.5
      vertex 0 12 -1.5
    endloop
  endfacet
  facet normal 0 0 -1
    outer loop
      vertex 134.80002868198352 -4.872400000000001 -1.5
      vertex 134.78580299415603 -4.873948993131241 -1.5
      vertex 0 12 -1.5
    endloop
  endfacet
  facet normal 0 0 -1
    outer loop
      vertex 134.81338537230198 -4.872400000000001 -1.5
      vertex 134.80002868198352 -4.872400000000001 -1.5
      vertex 0 12 -1.5
    endloop
  endfacet
  facet normal 0 0 -1
    outer loop
      vertex 135 -4.861919947302454 -1.5
      vertex 134.81338537230198 -4.872400000000001 -1.5
      vertex 0 12 -1.5
    endloop
  endfacet
  facet normal 0 0 1
    outer loop
      vertex 0 1.5499999970197678 0
      vertex 134.6398091428813 3.5782177252318648 0
      vertex 134.2841478947785 3.6386470018071053 0
    endloop
  endfacet
  facet normal 0 0 1
    outer loop
      vertex 0 1.5499999970197678 0
      vertex 134.2841478947785 3.6386470018071053 0
      vertex 133.9374889022459 3.7385177370890177 0
    endloop
  endfacet
  facet normal 0 0 1
    outer loop
      vertex 0 1.5499999970197678 0
      vertex 135 3.557989840578114 0
      vertex 134.6398091428813 3.5782177252318648 0
    endloop
  endfacet
  facet normal 0 0 -1
    outer loop
      vertex 73.64724812178484 -5.422248121784848 -1.5
      vertex 16.280100415674546 5.353304458113798 -1.5
      vertex 16.298621740386643 5.373874473130269 -1.5
    endloop
  endfacet
  facet normal 0 0 1
    outer loop
      vertex 0 1.5499999970197678 0
      vertex 11.963517737089019 5.712488902245898 0
      vertex 11.863647001807104 6.059147894778491 0
    endloop
  endfacet
  facet normal 0 0 1
    outer loop
      vertex 0 1.5499999970197678 0
      vertex 12.101573998635082 5.37919160325086 0
      vertex 11.963517737089019 5.712488902245898 0
    endloop
  endfacet
  facet normal 0 0 1
    outer loop
      vertex 0 1.5499999970197678 0
      vertex 12.484840177944475 4.769226973124516 0
      vertex 12.276079648854248 5.06344740471184 0
    endloop
  endfacet
  facet normal 0 0 1
    outer loop
      vertex 0 1.5499999970197678 0
      vertex 12.276079648854248 5.06344740471184 0
      vertex 12.101573998635082 5.37919160325086 0
    endloop
  endfacet
  facet normal 0 0 1
    outer loop
      vertex 0 1.5499999970197678 0
      vertex 12.725230301126766 4.500230301126768 0
      vertex 12.484840177944475 4.769226973124516 0
    endloop
  endfacet
  facet normal 0 0 1
    outer loop
      vertex 0 1.5499999970197678 0
      vertex 12.994226973124515 4.259840177944475 0
      vertex 12.725230301126766 4.500230301126768 0
    endloop
  endfacet
  facet normal 0 0 1
    outer loop
      vertex 0 1.5499999970197678 0
      vertex 13.28844740471184 4.051079648854248 0
      vertex 12.994226973124515 4.259840177944475 0
    endloop
  endfacet
  facet normal 0 0 1
    outer loop
      vertex 0 1.5499999970197678 0
      vertex 13.60419160325086 3.8765739986350827 0
      vertex 13.28844740471184 4.051079648854248 0
    endloop
  endfacet
  facet normal 0 0 1
    outer loop
      vertex 0 1.5499999970197678 0
      vertex 13.937488902245898 3.7385177370890177 0
      vertex 13.60419160325086 3.8765739986350827 0
    endloop
  endfacet
  facet normal 0 0 1
    outer loop
      vertex 0 1.5499999970197678 0
      vertex 15.36019085711869 3.5782177252318648 0
      vertex 15 3.557989840578114 0
    endloop
  endfacet
  facet normal 0 0 -1
    outer loop
      vertex 75.19997131801648 4.872400000000001 -1.5
      vertex 75.20476739443687 4.8734194375134265 -1.5
      vertex 75.21419700584397 4.873948993131241 -1.5
    endloop
  endfacet
  facet normal 0 0 1
    outer loop
      vertex 0 1.5499999970197678 0
      vertex 14.284147894778489 3.6386470018071053 0
      vertex 13.937488902245898 3.7385177370890177 0
    endloop
  endfacet
  facet normal 0 0 1
    outer loop
      vertex 0 1.5499999970197678 0
      vertex 14.63980914288131 3.5782177252318648 0
      vertex 14.284147894778489 3.6386470018071053 0
    endloop
  endfacet
  facet normal 0 0 1
    outer loop
      vertex 0 1.5499999970197678 0
      vertex 15 3.557989840578114 0
      vertex 14.63980914288131 3.5782177252318648 0
    endloop
  endfacet
  facet normal 0 0 -1
    outer loop
      vertex 16.280100415674546 -5.353304458113798 -1.5
      vertex 16.256054597918336 5.335834148893246 -1.5
      vertex 16.280100415674546 5.353304458113798 -1.5
    endloop
  endfacet
  facet normal 0 0 -1
    outer loop
      vertex 16.280100415674546 -5.353304458113798 -1.5
      vertex 16.192785902996288 5.279293786319461 -1.5
      vertex 16.256054597918336 5.335834148893246 -1.5
    endloop
  endfacet
  facet normal 0 0 -1
    outer loop
      vertex 16.192785902996288 -5.279293786319461 -1.5
      vertex 16.017819952976744 5.155148824320067 -1.5
      vertex 16.192785902996288 5.279293786319461 -1.5
    endloop
  endfacet
  facet normal 0 0 -1
    outer loop
      vertex 16.017819952976744 -5.155148824320067 -1.5
      vertex 15.974120233711588 5.13099684319089 -1.5
      vertex 16.017819952976744 5.155148824320067 -1.5
    endloop
  endfacet
  facet normal 0 0 -1
    outer loop
      vertex 16.017819952976744 -5.155148824320067 -1.5
      vertex 15.956540026348772 5.1182240748906525 -1.5
      vertex 15.974120233711588 5.13099684319089 -1.5
    endloop
  endfacet
  facet normal 0 0 -1
    outer loop
      vertex 15.956540026348772 -5.1182240748906525 -1.5
      vertex 15.928094418789339 5.105559274434163 -1.5
      vertex 15.956540026348772 5.1182240748906525 -1.5
    endloop
  endfacet
  facet normal 0 0 -1
    outer loop
      vertex 15.956540026348772 -5.1182240748906525 -1.5
      vertex 15.830054326495627 5.051374430714391 -1.5
      vertex 15.928094418789339 5.105559274434163 -1.5
    endloop
  endfacet
  facet normal 0 0 -1
    outer loop
      vertex 15.830054326495627 -5.051374430714391 -1.5
      vertex 15.631850285250087 4.969275628713333 -1.5
      vertex 15.830054326495627 5.051374430714391 -1.5
    endloop
  endfacet
  facet normal 0 0 -1
    outer loop
      vertex 15.591174247883261 -4.955552749687723 -1.5
      vertex 15.564640557253606 4.949912839639067 -1.5
      vertex 15.591174247883261 4.955552749687723 -1.5
    endloop
  endfacet
  facet normal 0 0 -1
    outer loop
      vertex 15.830054326495627 -5.051374430714391 -1.5
      vertex 15.603929724236206 4.961231853654829 -1.5
      vertex 15.631850285250087 4.969275628713333 -1.5
    endloop
  endfacet
  facet normal 0 0 -1
    outer loop
      vertex 15.830054326495627 -5.051374430714391 -1.5
      vertex 15.591174247883261 4.955552749687723 -1.5
      vertex 15.603929724236206 4.961231853654829 -1.5
    endloop
  endfacet
  facet normal 0 0 -1
    outer loop
      vertex 15.591174247883261 -4.955552749687723 -1.5
      vertex 15.425700360059455 4.909884858386889 -1.5
      vertex 15.564640557253606 4.949912839639067 -1.5
    endloop
  endfacet
  facet normal 0 0 -1
    outer loop
      vertex 15.425700360059452 -4.909884858386889 -1.5
      vertex 15.21419700584397 4.873948993131241 -1.5
      vertex 15.425700360059455 4.909884858386889 -1.5
    endloop
  endfacet
  facet normal 0 0 -1
    outer loop
      vertex 15.425700360059452 -4.909884858386889 -1.5
      vertex 15.204767394436873 4.8734194375134265 -1.5
      vertex 15.21419700584397 4.873948993131241 -1.5
    endloop
  endfacet
  facet normal 0 0 -1
    outer loop
      vertex 15.425700360059452 -4.909884858386889 -1.5
      vertex 15.199971318016477 4.872400000000001 -1.5
      vertex 15.204767394436873 4.8734194375134265 -1.5
    endloop
  endfacet
  facet normal 0 0 -1
    outer loop
      vertex 14.169945673504373 -5.051374430714391 -1.5
      vertex 14.071905581210661 5.105559274434163 -1.5
      vertex 14.169945673504373 5.051374430714391 -1.5
    endloop
  endfacet
  facet normal 0 0 -1
    outer loop
      vertex 15.199971318016477 -4.872400000000001 -1.5
      vertex 15.186614627698022 4.872400000000001 -1.5
      vertex 15.199971318016477 4.872400000000001 -1.5
    endloop
  endfacet
  facet normal 0 0 -1
    outer loop
      vertex 15.199971318016477 -4.872400000000001 -1.5
      vertex 15 4.861919947302454 -1.5
      vertex 15.186614627698022 4.872400000000001 -1.5
    endloop
  endfacet
  facet normal 0 0 -1
    outer loop
      vertex 15 -4.861919947302454 -1.5
      vertex 14.813385372301978 4.872400000000001 -1.5
      vertex 15 4.861919947302454 -1.5
    endloop
  endfacet
  facet normal 0 0 -1
    outer loop
      vertex 14.813385372301978 -4.872400000000001 -1.5
      vertex 14.800028681983523 4.872400000000001 -1.5
      vertex 14.813385372301978 4.872400000000001 -1.5
    endloop
  endfacet
  facet normal 0 0 -1
    outer loop
      vertex 14.800028681983523 -4.872400000000001 -1.5
      vertex 14.795232605563127 4.8734194375134265 -1.5
      vertex 14.800028681983523 4.872400000000001 -1.5
    endloop
  endfacet
  facet normal 0 0 -1
    outer loop
      vertex 14.795232605563127 -4.8734194375134265 -1.5
      vertex 14.78580299415603 4.873948993131241 -1.5
      vertex 14.795232605563127 4.8734194375134265 -1.5
    endloop
  endfacet
  facet normal 0 0 -1
    outer loop
      vertex 14.78580299415603 -4.873948993131241 -1.5
      vertex 14.574299639940545 4.909884858386889 -1.5
      vertex 14.78580299415603 4.873948993131241 -1.5
    endloop
  endfacet
  facet normal 0 0 -1
    outer loop
      vertex 14.574299639940548 -4.909884858386889 -1.5
      vertex 14.435359442746394 4.949912839639067 -1.5
      vertex 14.574299639940545 4.909884858386889 -1.5
    endloop
  endfacet
  facet normal 0 0 -1
    outer loop
      vertex 14.435359442746394 -4.949912839639067 -1.5
      vertex 14.408825752116739 4.955552749687723 -1.5
      vertex 14.435359442746394 4.949912839639067 -1.5
    endloop
  endfacet
  facet normal 0 0 -1
    outer loop
      vertex 14.408825752116739 -4.955552749687723 -1.5
      vertex 14.396070275763794 4.961231853654829 -1.5
      vertex 14.408825752116739 4.955552749687723 -1.5
    endloop
  endfacet
  facet normal 0 0 -1
    outer loop
      vertex 14.396070275763794 -4.961231853654829 -1.5
      vertex 14.368149714749913 4.969275628713333 -1.5
      vertex 14.396070275763794 4.961231853654829 -1.5
    endloop
  endfacet
  facet normal 0 0 -1
    outer loop
      vertex 14.368149714749913 -4.969275628713333 -1.5
      vertex 14.169945673504373 5.051374430714391 -1.5
      vertex 14.368149714749913 4.969275628713333 -1.5
    endloop
  endfacet
  facet normal 0 0 -1
    outer loop
      vertex 13.13168260452094 -6.368146756292948 -1.5
      vertex 13.13168260452094 6.368146756292948 -1.5
      vertex 13.134884858386888 6.349299639940547 -1.5
    endloop
  endfacet
  facet normal 0 0 -1
    outer loop
      vertex 13.13168260452094 -6.368146756292948 -1.5
      vertex 13.128725336442193 6.377248291573926 -1.5
      vertex 13.13168260452094 6.368146756292948 -1.5
    endloop
  endfacet
  facet normal 0 0 -1
    outer loop
      vertex 13.25231440775149 -5.996880241430525 -1.5
      vertex 13.25231440775149 5.996880241430525 -1.5
      vertex 13.26133200036934 5.98126131285445 -1.5
    endloop
  endfacet
  facet normal 0 0 -1
    outer loop
      vertex 13.24304275107444 -6.025415466547818 -1.5
      vertex 13.24304275107444 6.025415466547818 -1.5
      vertex 13.25231440775149 5.996880241430525 -1.5
    endloop
  endfacet
  facet normal 0 0 -1
    outer loop
      vertex 13.194275628713333 -6.143149714749914 -1.5
      vertex 13.194275628713333 6.143149714749914 -1.5
      vertex 13.24304275107444 6.025415466547818 -1.5
    endloop
  endfacet
  facet normal 0 0 -1
    outer loop
      vertex 13.26133200036934 -5.98126131285445 -1.5
      vertex 13.26133200036934 5.98126131285445 -1.5
      vertex 13.276374430714391 5.944945673504374 -1.5
    endloop
  endfacet
  facet normal 0 0 -1
    outer loop
      vertex 13.134884858386888 -6.349299639940547 -1.5
      vertex 13.134884858386888 6.349299639940547 -1.5
      vertex 13.194275628713333 6.143149714749914 -1.5
    endloop
  endfacet
  facet normal 0 0 -1
    outer loop
      vertex 13.452285725767965 -5.650519758569475 -1.5
      vertex 13.452285725767965 5.650519758569475 -1.5
      vertex 13.46899784896899 5.63195906539305 -1.5
    endloop
  endfacet
  facet normal 0 0 -1
    outer loop
      vertex 13.436812816197207 -5.677319624086945 -1.5
      vertex 13.436812816197207 5.677319624086945 -1.5
      vertex 13.452285725767965 5.650519758569475 -1.5
    endloop
  endfacet
  facet normal 0 0 1
    outer loop
      vertex 0 1.5499999970197678 0
      vertex 133.60419160325088 3.8765739986350827 0
      vertex 133.28844740471183 4.051079648854248 0
    endloop
  endfacet
  facet normal 0 0 1
    outer loop
      vertex 0 1.5499999970197678 0
      vertex 133.28844740471183 4.051079648854248 0
      vertex 132.9942269731245 4.259840177944475 0
    endloop
  endfacet
  facet normal 0 0 1
    outer loop
      vertex 0 1.5499999970197678 0
      vertex 132.9942269731245 4.259840177944475 0
      vertex 132.72523030112677 4.500230301126768 0
    endloop
  endfacet
  facet normal 0 0 1
    outer loop
      vertex 0 1.5499999970197678 0
      vertex 132.72523030112677 4.500230301126768 0
      vertex 132.48484017794448 4.769226973124516 0
    endloop
  endfacet
  facet normal 0 0 1
    outer loop
      vertex 0 1.5499999970197678 0
      vertex 132.48484017794448 4.769226973124516 0
      vertex 132.27607964885425 5.06344740471184 0
    endloop
  endfacet
  facet normal 0 0 1
    outer loop
      vertex 0 1.5499999970197678 0
      vertex 133.9374889022459 3.7385177370890177 0
      vertex 133.60419160325088 3.8765739986350827 0
    endloop
  endfacet
  facet normal 0 0 -1
    outer loop
      vertex 135 -4.861919947302454 -1.5
      vertex 74.78580299415603 4.873948993131241 -1.5
      vertex 74.80002868198352 4.872400000000001 -1.5
    endloop
  endfacet
  facet normal 0 0 -1
    outer loop
      vertex 135 -4.861919947302454 -1.5
      vertex 74.80002868198352 4.872400000000001 -1.5
      vertex 74.81338537230198 4.872400000000001 -1.5
    endloop
  endfacet
  facet normal 0 0 -1
    outer loop
      vertex 135 -4.861919947302454 -1.5
      vertex 74.81338537230198 4.872400000000001 -1.5
      vertex 75 4.861919947302454 -1.5
    endloop
  endfacet
  facet normal 0 0 -1
    outer loop
      vertex 135 -4.861919947302454 -1.5
      vertex 75 4.861919947302454 -1.5
      vertex 75.18661462769802 4.872400000000001 -1.5
    endloop
  endfacet
  facet normal 0 0 -1
    outer loop
      vertex 135 -4.861919947302454 -1.5
      vertex 75.18661462769802 4.872400000000001 -1.5
      vertex 75.19997131801648 4.872400000000001 -1.5
    endloop
  endfacet
  facet normal 0 0 1
    outer loop
      vertex 0 1.5499999970197678 0
      vertex 150 1.5499999970197678 0
      vertex 135 3.557989840578114 0
    endloop
  endfacet
  facet normal 0 0 -1
    outer loop
      vertex 76.7236255692856 -5.944945673504374 -1.5
      vertex 76.61985117567993 -5.757180047023255 -1.5
      vertex 150 -12 -1.5
    endloop
  endfacet
  facet normal 0 0 -1
    outer loop
      vertex 75.21419700584397 4.873948993131241 -1.5
      vertex 75.42570036005945 4.909884858386889 -1.5
      vertex 134.57429963994053 4.909884858386889 -1.5
    endloop
  endfacet
  facet normal 0 0 -1
    outer loop
      vertex 75.42570036005945 4.909884858386889 -1.5
      vertex 75.56464055725361 4.949912839639067 -1.5
      vertex 134.40882575211674 4.955552749687723 -1.5
    endloop
  endfacet
  facet normal 0 0 -1
    outer loop
      vertex 75.60392972423621 4.961231853654829 -1.5
      vertex 75.63185028525008 4.969275628713333 -1.5
      vertex 134.3681497147499 4.969275628713333 -1.5
    endloop
  endfacet
  facet normal 0 0 -1
    outer loop
      vertex 75.59117424788326 4.955552749687723 -1.5
      vertex 75.60392972423621 4.961231853654829 -1.5
      vertex 134.3681497147499 4.969275628713333 -1.5
    endloop
  endfacet
  facet normal 0 0 -1
    outer loop
      vertex 75.56464055725361 4.949912839639067 -1.5
      vertex 75.59117424788326 4.955552749687723 -1.5
      vertex 134.40882575211674 4.955552749687723 -1.5
    endloop
  endfacet
  facet normal 0 0 -1
    outer loop
      vertex 75.63185028525008 4.969275628713333 -1.5
      vertex 75.83005432649563 5.051374430714391 -1.5
      vertex 134.3681497147499 4.969275628713333 -1.5
    endloop
  endfacet
  facet normal 0 0 -1
    outer loop
      vertex 75.83005432649563 5.051374430714391 -1.5
      vertex 75.92809441878934 5.105559274434163 -1.5
      vertex 134.04345997365124 5.1182240748906525 -1.5
    endloop
  endfacet
  facet normal 0 0 -1
    outer loop
      vertex 75.92809441878934 5.105559274434163 -1.5
      vertex 75.95654002634878 5.1182240748906525 -1.5
      vertex 134.04345997365124 5.1182240748906525 -1.5
    endloop
  endfacet
  facet normal 0 0 -1
    outer loop
      vertex 75.97412023371159 5.13099684319089 -1.5
      vertex 76.01781995297675 5.155148824320067 -1.5
      vertex 133.98218004702326 5.155148824320067 -1.5
    endloop
  endfacet
  facet normal 0 0 -1
    outer loop
      vertex 75.95654002634878 5.1182240748906525 -1.5
      vertex 75.97412023371159 5.13099684319089 -1.5
      vertex 133.98218004702326 5.155148824320067 -1.5
    endloop
  endfacet
  facet normal 0 0 -1
    outer loop
      vertex 76.01781995297675 5.155148824320067 -1.5
      vertex 76.19278590299629 5.279293786319461 -1.5
      vertex 133.8072140970037 5.279293786319461 -1.5
    endloop
  endfacet
  facet normal 0 0 -1
    outer loop
      vertex 76.19278590299629 5.279293786319461 -1.5
      vertex 76.25605459791834 5.335834148893246 -1.5
      vertex 133.71989958432545 5.353304458113798 -1.5
    endloop
  endfacet
  facet normal 0 0 -1
    outer loop
      vertex 76.28010041567454 5.353304458113798 -1.5
      vertex 76.29862174038664 5.373874473130269 -1.5
      vertex 133.71989958432545 5.353304458113798 -1.5
    endloop
  endfacet
  facet normal 0 0 -1
    outer loop
      vertex 76.25605459791834 5.335834148893246 -1.5
      vertex 76.28010041567454 5.353304458113798 -1.5
      vertex 133.71989958432545 5.353304458113798 -1.5
    endloop
  endfacet
  facet normal 0 0 -1
    outer loop
      vertex 76.29862174038664 5.373874473130269 -1.5
      vertex 76.35275187821516 5.422248121784848 -1.5
      vertex 133.71989958432545 5.353304458113798 -1.5
    endloop
  endfacet
  facet normal 0 0 -1
    outer loop
      vertex 76.35275187821516 5.422248121784848 -1.5
      vertex 76.49570621368053 5.582214097003712 -1.5
      vertex 133.64724812178486 5.422248121784848 -1.5
    endloop
  endfacet
  facet normal 0 0 -1
    outer loop
      vertex 76.49570621368053 5.582214097003712 -1.5
      vertex 76.531002151031 5.63195906539305 -1.5
      vertex 133.64724812178486 5.422248121784848 -1.5
    endloop
  endfacet
  facet normal 0 0 -1
    outer loop
      vertex 76.531002151031 5.63195906539305 -1.5
      vertex 76.54771427423204 5.650519758569475 -1.5
      vertex 133.64724812178486 5.422248121784848 -1.5
    endloop
  endfacet
  facet normal 0 0 -1
    outer loop
      vertex 76.54771427423204 5.650519758569475 -1.5
      vertex 76.5631871838028 5.6773196240869455 -1.5
      vertex 133.38014882432006 5.7571800470232555 -1.5
    endloop
  endfacet
  facet normal 0 0 -1
    outer loop
      vertex 76.5631871838028 5.6773196240869455 -1.5
      vertex 76.61985117567993 5.757180047023255 -1.5
      vertex 133.38014882432006 5.7571800470232555 -1.5
    endloop
  endfacet
  facet normal 0 0 -1
    outer loop
      vertex 76.61985117567993 5.757180047023255 -1.5
      vertex 76.7236255692856 5.944945673504374 -1.5
      vertex 133.2523144077515 5.996880241430525 -1.5
    endloop
  endfacet
  facet normal 0 0 -1
    outer loop
      vertex 76.7236255692856 5.944945673504374 -1.5
      vertex 76.73866799963066 5.98126131285445 -1.5
      vertex 133.2523144077515 5.996880241430525 -1.5
    endloop
  endfacet
  facet normal 0 0 -1
    outer loop
      vertex 76.73866799963066 5.98126131285445 -1.5
      vertex 76.74768559224852 5.996880241430525 -1.5
      vertex 133.2523144077515 5.996880241430525 -1.5
    endloop
  endfacet
  facet normal 0 0 1
    outer loop
      vertex 75.36019085711868 3.5782177252318648 0
      vertex 75 3.557989840578114 0
      vertex 132.10157399863508 5.37919160325086 0
    endloop
  endfacet
  facet normal 0 0 1
    outer loop
      vertex 75.71585210522151 3.6386470018071053 0
      vertex 75.36019085711868 3.5782177252318648 0
      vertex 131.8032177252319 6.41480914288131 0
    endloop
  endfacet
  facet normal 0 -0.9999560575893115 -0.009374587481130806
    outer loop
      vertex 150 0.4750000014901161 8
      vertex 0 0.5499999970197678 0
      vertex 150 0.5499999970197678 0
    endloop
  endfacet
  facet normal 0 0 -1
    outer loop
      vertex 13.380148824320067 -5.7571800470232555 -1.5
      vertex 13.380148824320067 5.7571800470232555 -1.5
      vertex 13.436812816197207 5.677319624086945 -1.5
    endloop
  endfacet
  facet normal 0 0 -1
    outer loop
      vertex 13.276374430714391 -5.944945673504374 -1.5
      vertex 13.276374430714391 5.944945673504374 -1.5
      vertex 13.380148824320067 5.7571800470232555 -1.5
    endloop
  endfacet
  facet normal 0 0 -1
    outer loop
      vertex 13.46899784896899 -5.63195906539305 -1.5
      vertex 13.46899784896899 5.63195906539305 -1.5
      vertex 13.504293786319462 5.582214097003711 -1.5
    endloop
  endfacet
  facet normal 0 0 -1
    outer loop
      vertex 13.701378259613357 -5.373874473130269 -1.5
      vertex 13.701378259613357 5.373874473130269 -1.5
      vertex 13.719899584325454 5.353304458113798 -1.5
    endloop
  endfacet
  facet normal 0 0 -1
    outer loop
      vertex 13.647248121784846 -5.422248121784848 -1.5
      vertex 13.647248121784846 5.422248121784848 -1.5
      vertex 13.701378259613357 5.373874473130269 -1.5
    endloop
  endfacet
  facet normal 0 0 -1
    outer loop
      vertex 13.504293786319462 -5.582214097003711 -1.5
      vertex 13.504293786319462 5.582214097003711 -1.5
      vertex 13.647248121784846 5.422248121784848 -1.5
    endloop
  endfacet
  facet normal 0 0 -1
    outer loop
      vertex 13.982180047023256 -5.155148824320067 -1.5
      vertex 13.807214097003712 5.279293786319461 -1.5
      vertex 13.982180047023256 5.155148824320067 -1.5
    endloop
  endfacet
  facet normal 0 0 -1
    outer loop
      vertex 14.025879766288412 -5.13099684319089 -1.5
      vertex 13.982180047023256 5.155148824320067 -1.5
      vertex 14.025879766288412 5.13099684319089 -1.5
    endloop
  endfacet
  facet normal 0 0 -1
    outer loop
      vertex 14.071905581210661 -5.105559274434163 -1.5
      vertex 14.043459973651228 5.1182240748906525 -1.5
      vertex 14.071905581210661 5.105559274434163 -1.5
    endloop
  endfacet
  facet normal 0 0 -1
    outer loop
      vertex 14.043459973651228 -5.1182240748906525 -1.5
      vertex 14.025879766288412 5.13099684319089 -1.5
      vertex 14.043459973651228 5.1182240748906525 -1.5
    endloop
  endfacet
  facet normal 0 0 -1
    outer loop
      vertex 13.743945402081662 -5.335834148893246 -1.5
      vertex 13.743945402081662 5.335834148893246 -1.5
      vertex 13.807214097003712 5.279293786319461 -1.5
    endloop
  endfacet
  facet normal 0 0 -1
    outer loop
      vertex 13.719899584325454 -5.353304458113798 -1.5
      vertex 13.719899584325454 5.353304458113798 -1.5
      vertex 13.743945402081662 5.335834148893246 -1.5
    endloop
  endfacet
  facet normal 0 0 -1
    outer loop
      vertex 0 -12 -1.5
      vertex 0 12 -1.5
      vertex 13.128725336442193 6.377248291573926 -1.5
    endloop
  endfacet
  facet normal -1 0 0
    outer loop
      vertex 0 12 -1.5
      vertex 0 -12 -1.5
      vertex 0 1.5499999970197678 0
    endloop
  endfacet
  facet normal 0 0 1
    outer loop
      vertex 0 -1.1499999985098839 10
      vertex 0 -1.5499999970197678 10
      vertex 150 -1.1499999985098839 10
    endloop
  endfacet
  facet normal 0 0.9474922794149795 0.3197786428906821
    outer loop
      vertex 0 -1.1499999985098839 10
      vertex 150 -0.4750000014901161 8
      vertex 0 -0.4750000014901161 8
    endloop
  endfacet
  facet normal 0 -1 0
    outer loop
      vertex 0 -1.5499999970197678 10
      vertex 0 -1.5499999970197678 0
      vertex 150 -1.5499999970197678 10
    endloop
  endfacet
  facet normal -1 0 0
    outer loop
      vertex 0 -1.5499999970197678 10
      vertex 0 -1.1499999985098839 10
      vertex 0 -0.4750000014901161 8
    endloop
  endfacet
  facet normal -1 0 0
    outer loop
      vertex 0 -0.4750000014901161 8
      vertex 0 -1.5499999970197678 0
      vertex 0 -1.5499999970197678 10
    endloop
  endfacet
  facet normal 0 0.9999560575893115 -0.009374587481130806
    outer loop
      vertex 0 -0.4750000014901161 8
      vertex 150 -0.5499999970197678 0
      vertex 0 -0.5499999970197678 0
    endloop
  endfacet
  facet normal 0 0 1
    outer loop
      vertex 150 -1.5499999970197678 0
      vertex 15 -3.557989840578114 0
      vertex 15.36019085711869 -3.5782177252318648 0
    endloop
  endfacet
  facet normal 0 0 1
    outer loop
      vertex 150 -1.5499999970197678 0
      vertex 0 -1.5499999970197678 0
      vertex 15 -3.557989840578114 0
    endloop
  endfacet
  facet normal 0 0 -1
    outer loop
      vertex 75.21419700584397 -4.873948993131241 -1.5
      vertex 75.19997131801648 -4.872400000000001 -1.5
      vertex 15.631850285250087 8.580724371286667 -1.5
    endloop
  endfacet
  facet normal 0 0 -1
    outer loop
      vertex 75.19997131801648 -4.872400000000001 -1.5
      vertex 75.18661462769802 -4.872400000000001 -1.5
      vertex 15.631850285250087 8.580724371286667 -1.5
    endloop
  endfacet
  facet normal 0 0 -1
    outer loop
      vertex 75.18661462769802 -4.872400000000001 -1.5
      vertex 75 -4.861919947302454 -1.5
      vertex 15.631850285250087 8.580724371286667 -1.5
    endloop
  endfacet
  facet normal 0 0 -1
    outer loop
      vertex 75 -4.861919947302454 -1.5
      vertex 74.81338537230198 -4.872400000000001 -1.5
      vertex 15.956540026348772 8.431775925109347 -1.5
    endloop
  endfacet
  facet normal 0 0 -1
    outer loop
      vertex 74.81338537230198 -4.872400000000001 -1.5
      vertex 74.80002868198352 -4.872400000000001 -1.5
      vertex 15.956540026348772 8.431775925109347 -1.5
    endloop
  endfacet
  facet normal 0 0 -1
    outer loop
      vertex 74.80002868198352 -4.872400000000001 -1.5
      vertex 74.79523260556313 -4.8734194375134265 -1.5
      vertex 15.956540026348772 8.431775925109347 -1.5
    endloop
  endfacet
  facet normal 0 0 -1
    outer loop
      vertex 74.79523260556313 -4.8734194375134265 -1.5
      vertex 74.78580299415603 -4.873948993131241 -1.5
      vertex 15.956540026348772 8.431775925109347 -1.5
    endloop
  endfacet
  facet normal 0 0 -1
    outer loop
      vertex 74.78580299415603 -4.873948993131241 -1.5
      vertex 74.57429963994055 -4.909884858386889 -1.5
      vertex 16.017819952976744 8.394851175679934 -1.5
    endloop
  endfacet
  facet normal 0 0 -1
    outer loop
      vertex 74.57429963994055 -4.909884858386889 -1.5
      vertex 74.43535944274639 -4.949912839639067 -1.5
      vertex 16.280100415674546 8.196695541886204 -1.5
    endloop
  endfacet
  facet normal 0 0 -1
    outer loop
      vertex 74.43535944274639 -4.949912839639067 -1.5
      vertex 74.40882575211674 -4.955552749687723 -1.5
      vertex 16.280100415674546 8.196695541886204 -1.5
    endloop
  endfacet
  facet normal 0 0 -1
    outer loop
      vertex 74.40882575211674 -4.955552749687723 -1.5
      vertex 74.39607027576379 -4.961231853654829 -1.5
      vertex 16.280100415674546 8.196695541886204 -1.5
    endloop
  endfacet
  facet normal 0 0 -1
    outer loop
      vertex 74.39607027576379 -4.961231853654829 -1.5
      vertex 74.36814971474992 -4.969275628713333 -1.5
      vertex 16.280100415674546 8.196695541886204 -1.5
    endloop
  endfacet
  facet normal 0 0 -1
    outer loop
      vertex 74.36814971474992 -4.969275628713333 -1.5
      vertex 74.16994567350437 -5.051374430714391 -1.5
      vertex 16.35275187821515 8.127751878215154 -1.5
    endloop
  endfacet
  facet normal 0 0 -1
    outer loop
      vertex 74.16994567350437 -5.051374430714391 -1.5
      vertex 74.07190558121066 -5.105559274434163 -1.5
      vertex 16.547714274232035 7.899480241430526 -1.5
    endloop
  endfacet
  facet normal 0 0 -1
    outer loop
      vertex 74.07190558121066 -5.105559274434163 -1.5
      vertex 74.04345997365122 -5.1182240748906525 -1.5
      vertex 16.547714274232035 7.899480241430526 -1.5
    endloop
  endfacet
  facet normal 0 0 -1
    outer loop
      vertex 74.04345997365122 -5.1182240748906525 -1.5
      vertex 74.02587976628841 -5.13099684319089 -1.5
      vertex 16.547714274232035 7.899480241430526 -1.5
    endloop
  endfacet
  facet normal 0 0 -1
    outer loop
      vertex 74.02587976628841 -5.13099684319089 -1.5
      vertex 73.98218004702325 -5.155148824320067 -1.5
      vertex 16.547714274232035 7.899480241430526 -1.5
    endloop
  endfacet
  facet normal 0 0 -1
    outer loop
      vertex 73.98218004702325 -5.155148824320067 -1.5
      vertex 73.80721409700371 -5.279293786319461 -1.5
      vertex 16.747685592248512 7.553119758569475 -1.5
    endloop
  endfacet
  facet normal 0 0 -1
    outer loop
      vertex 73.80721409700371 -5.279293786319461 -1.5
      vertex 73.74394540208166 -5.335834148893246 -1.5
      vertex 16.747685592248512 7.553119758569475 -1.5
    endloop
  endfacet
  facet normal 0 0 -1
    outer loop
      vertex 75.19997131801648 8.6776 -1.5
      vertex 75.18661462769802 8.6776 -1.5
      vertex 75 8.688080052697547 -1.5
    endloop
  endfacet
  facet normal 0 0 -1
    outer loop
      vertex 75.21419700584397 8.67605100686876 -1.5
      vertex 75.20476739443687 8.676580562486574 -1.5
      vertex 75.19997131801648 8.6776 -1.5
    endloop
  endfacet
  facet normal 0 0 -1
    outer loop
      vertex 73.74394540208166 -5.335834148893246 -1.5
      vertex 73.71989958432546 -5.353304458113798 -1.5
      vertex 16.747685592248512 7.553119758569475 -1.5
    endloop
  endfacet
  facet normal 0 0 -1
    outer loop
      vertex 73.71989958432546 -5.353304458113798 -1.5
      vertex 73.70137825961336 -5.373874473130269 -1.5
      vertex 16.747685592248512 7.553119758569475 -1.5
    endloop
  endfacet
  facet normal 0 0 -1
    outer loop
      vertex 73.70137825961336 -5.373874473130269 -1.5
      vertex 73.64724812178484 -5.422248121784848 -1.5
      vertex 16.747685592248512 7.553119758569475 -1.5
    endloop
  endfacet
  facet normal 0 0 1
    outer loop
      vertex 75 -3.557989840578114 0
      vertex 15.36019085711869 -3.5782177252318648 0
      vertex 74.63980914288132 -3.5782177252318648 0
    endloop
  endfacet
  facet normal 0 0 1
    outer loop
      vertex 15.715852105221508 -3.6386470018071044 0
      vertex 74.28414789477849 -3.6386470018071044 0
      vertex 74.63980914288132 -3.5782177252318648 0
    endloop
  endfacet
  facet normal 0 0 1
    outer loop
      vertex 16.062511097754104 -3.7385177370890177 0
      vertex 73.9374889022459 -3.7385177370890177 0
      vertex 74.28414789477849 -3.6386470018071044 0
    endloop
  endfacet
  facet normal 0 0 1
    outer loop
      vertex 16.39580839674914 -3.8765739986350827 0
      vertex 73.60419160325085 -3.8765739986350827 0
      vertex 73.9374889022459 -3.7385177370890177 0
    endloop
  endfacet
  facet normal 0 0 1
    outer loop
      vertex 16.71155259528816 -4.05107964885425 0
      vertex 73.28844740471185 -4.051079648854248 0
      vertex 73.60419160325085 -3.8765739986350827 0
    endloop
  endfacet
  facet normal 0 0 1
    outer loop
      vertex 17.005773026875485 -4.259840177944473 0
      vertex 72.99422697312451 -4.259840177944475 0
      vertex 73.28844740471185 -4.051079648854248 0
    endloop
  endfacet
  facet normal 0 0 1
    outer loop
      vertex 17.274769698873232 -4.500230301126768 0
      vertex 72.72523030112677 -4.500230301126768 0
      vertex 72.99422697312451 -4.259840177944475 0
    endloop
  endfacet
  facet normal 0 0 1
    outer loop
      vertex 17.515159822055526 -4.769226973124516 0
      vertex 72.48484017794448 -4.769226973124516 0
      vertex 72.72523030112677 -4.500230301126768 0
    endloop
  endfacet
  facet normal 0 0 1
    outer loop
      vertex 17.72392035114575 -5.063447404711839 0
      vertex 72.27607964885425 -5.06344740471184 0
      vertex 72.48484017794448 -4.769226973124516 0
    endloop
  endfacet
  facet normal 0 0 1
    outer loop
      vertex 17.898426001364918 -5.37919160325086 0
      vertex 72.10157399863509 -5.37919160325086 0
      vertex 72.27607964885425 -5.06344740471184 0
    endloop
  endfacet
  facet normal 0 0 1
    outer loop
      vertex 18.036482262910983 -5.712488902245898 0
      vertex 71.96351773708902 -5.712488902245898 0
      vertex 72.10157399863509 -5.37919160325086 0
    endloop
  endfacet
  facet normal 0 0 1
    outer loop
      vertex 18.136352998192894 -6.059147894778492 0
      vertex 71.8636470018071 -6.059147894778491 0
      vertex 71.96351773708902 -5.712488902245898 0
    endloop
  endfacet
  facet normal 0 0 -1
    outer loop
      vertex 73.64724812178484 -5.422248121784848 -1.5
      vertex 73.50429378631947 -5.582214097003711 -1.5
      vertex 16.35275187821515 -5.422248121784848 -1.5
    endloop
  endfacet
  facet normal 0 0 -1
    outer loop
      vertex 73.50429378631947 -5.582214097003711 -1.5
      vertex 73.468997848969 -5.63195906539305 -1.5
      vertex 16.35275187821515 -5.422248121784848 -1.5
    endloop
  endfacet
  facet normal 0 0 -1
    outer loop
      vertex 73.468997848969 -5.63195906539305 -1.5
      vertex 73.45228572576796 -5.650519758569475 -1.5
      vertex 16.35275187821515 -5.422248121784848 -1.5
    endloop
  endfacet
  facet normal 0 0 -1
    outer loop
      vertex 73.45228572576796 -5.650519758569475 -1.5
      vertex 73.4368128161972 -5.677319624086945 -1.5
      vertex 16.547714274232035 -5.650519758569475 -1.5
    endloop
  endfacet
  facet normal 0 0 -1
    outer loop
      vertex 73.4368128161972 -5.677319624086945 -1.5
      vertex 73.38014882432006 -5.7571800470232555 -1.5
      vertex 16.547714274232035 -5.650519758569475 -1.5
    endloop
  endfacet
  facet normal 0 0 -1
    outer loop
      vertex 73.38014882432006 -5.7571800470232555 -1.5
      vertex 73.2763744307144 -5.944945673504374 -1.5
      vertex 16.747685592248512 -5.996880241430525 -1.5
    endloop
  endfacet
  facet normal 0 0 -1
    outer loop
      vertex 73.2763744307144 -5.944945673504374 -1.5
      vertex 73.26133200036934 -5.98126131285445 -1.5
      vertex 16.747685592248512 -5.996880241430525 -1.5
    endloop
  endfacet
  facet normal 0 0 -1
    outer loop
      vertex 73.26133200036934 -5.98126131285445 -1.5
      vertex 73.25231440775148 -5.996880241430525 -1.5
      vertex 16.747685592248512 -5.996880241430525 -1.5
    endloop
  endfacet
  facet normal 0 0 -1
    outer loop
      vertex 74.80002868198352 -8.6776 -1.5
      vertex 74.81338537230198 -8.6776 -1.5
      vertex 75 -8.688080052697547 -1.5
    endloop
  endfacet
  facet normal 0 0 -1
    outer loop
      vertex 74.78580299415603 -8.67605100686876 -1.5
      vertex 74.79523260556313 -8.676580562486574 -1.5
      vertex 74.80002868198352 -8.6776 -1.5
    endloop
  endfacet
  facet normal 0 0 1
    outer loop
      vertex 75 -9.992010159421888 0
      vertex 0 -12 0
      vertex 132.27607964885425 -8.48655259528816 0
    endloop
  endfacet
  facet normal 0 0 -1
    outer loop
      vertex 150 -12 -1.5
      vertex 15.199971318016477 -8.6776 -1.5
      vertex 15.21419700584397 -8.67605100686876 -1.5
    endloop
  endfacet
  facet normal 0 0 1
    outer loop
      vertex 18.196782274768136 -6.4148091428813085 0
      vertex 71.80321772523186 -6.41480914288131 0
      vertex 71.8636470018071 -6.059147894778491 0
    endloop
  endfacet
  facet normal 0 0 1
    outer loop
      vertex 18.217010159421886 -6.775 0
      vertex 71.78298984057811 -6.775 0
      vertex 71.80321772523186 -6.41480914288131 0
    endloop
  endfacet
  facet normal 0 0 1
    outer loop
      vertex 71.80321772523186 -7.13519085711869 0
      vertex 71.78298984057811 -6.775 0
      vertex 0 -12 0
    endloop
  endfacet
  facet normal 0 0 1
    outer loop
      vertex 71.8636470018071 -7.49085210522151 0
      vertex 71.80321772523186 -7.13519085711869 0
      vertex 0 -12 0
    endloop
  endfacet
  facet normal 0 0 -1
    outer loop
      vertex 73.25231440775148 -5.996880241430525 -1.5
      vertex 73.24304275107444 -6.025415466547818 -1.5
      vertex 16.747685592248512 -5.996880241430525 -1.5
    endloop
  endfacet
  facet normal 0 0 -1
    outer loop
      vertex 73.24304275107444 -6.025415466547818 -1.5
      vertex 73.19427562871333 -6.143149714749914 -1.5
      vertex 16.747685592248512 -5.996880241430525 -1.5
    endloop
  endfacet
  facet normal 0 0 -1
    outer loop
      vertex 73.19427562871333 -6.143149714749914 -1.5
      vertex 73.13488485838688 -6.349299639940547 -1.5
      vertex 16.80572437128667 -6.143149714749914 -1.5
    endloop
  endfacet
  facet normal 0 0 -1
    outer loop
      vertex 0 12 -1.5
      vertex 150 12 -1.5
      vertex 75 8.688080052697547 -1.5
    endloop
  endfacet
  facet normal 0 0 1
    outer loop
      vertex 75 9.992010159421888 0
      vertex 150 12 0
      vertex 15.36019085711869 9.971782274768136 0
    endloop
  endfacet
  facet normal 0 0 -1
    outer loop
      vertex 76.74768559224852 5.996880241430525 -1.5
      vertex 76.75695724892556 6.025415466547818 -1.5
      vertex 133.2523144077515 5.996880241430525 -1.5
    endloop
  endfacet
  facet normal 0 0 -1
    outer loop
      vertex 76.75695724892556 6.025415466547818 -1.5
      vertex 76.80572437128667 6.143149714749914 -1.5
      vertex 133.2523144077515 5.996880241430525 -1.5
    endloop
  endfacet
  facet normal 0 0 -1
    outer loop
      vertex 76.80572437128667 6.143149714749914 -1.5
      vertex 76.86511514161312 6.349299639940548 -1.5
      vertex 133.19427562871334 6.143149714749914 -1.5
    endloop
  endfacet
  facet normal 0 0 -1
    outer loop
      vertex 76.86831739547905 6.368146756292949 -1.5
      vertex 76.87127466355781 6.377248291573926 -1.5
      vertex 133.19427562871334 6.143149714749914 -1.5
    endloop
  endfacet
  facet normal 0 0 -1
    outer loop
      vertex 76.86511514161312 6.349299639940548 -1.5
      vertex 76.86831739547905 6.368146756292949 -1.5
      vertex 133.19427562871334 6.143149714749914 -1.5
    endloop
  endfacet
  facet normal 0 0 -1
    outer loop
      vertex 76.87127466355781 6.377248291573926 -1.5
      vertex 76.87356294895046 6.399019872774949 -1.5
      vertex 133.1287253364422 6.377248291573926 -1.5
    endloop
  endfacet
  facet normal 0 0 -1
    outer loop
      vertex 76.87356294895046 6.399019872774949 -1.5
      vertex 76.90105100686876 6.56080299415603 -1.5
      vertex 133.1287253364422 6.377248291573926 -1.5
    endloop
  endfacet
  facet normal 0 0 -1
    outer loop
      vertex 76.90105100686876 6.56080299415603 -1.5
      vertex 76.91308005269755 6.775 -1.5
      vertex 133.08691994730245 6.775 -1.5
    endloop
  endfacet
  facet normal 0 0 -1
    outer loop
      vertex 133.08691994730245 6.775 -1.5
      vertex 76.91308005269755 6.775 -1.5
      vertex 76.90105100686876 6.9891970058439705 -1.5
    endloop
  endfacet
  facet normal 0 0 -1
    outer loop
      vertex 133.1287253364422 7.172751708426075 -1.5
      vertex 76.90105100686876 6.9891970058439705 -1.5
      vertex 76.87356294895046 7.1509801272250515 -1.5
    endloop
  endfacet
  facet normal 0 0 -1
    outer loop
      vertex 133.1287253364422 7.172751708426075 -1.5
      vertex 76.87356294895046 7.1509801272250515 -1.5
      vertex 76.87127466355781 7.172751708426075 -1.5
    endloop
  endfacet
  facet normal 0 0 -1
    outer loop
      vertex 133.19427562871334 7.406850285250087 -1.5
      vertex 76.87127466355781 7.172751708426075 -1.5
      vertex 76.86831739547905 7.181853243707052 -1.5
    endloop
  endfacet
  facet normal 0 0 -1
    outer loop
      vertex 133.19427562871334 7.406850285250087 -1.5
      vertex 76.86831739547905 7.181853243707052 -1.5
      vertex 76.86511514161312 7.200700360059453 -1.5
    endloop
  endfacet
  facet normal 0 0 -1
    outer loop
      vertex 133.19427562871334 7.406850285250087 -1.5
      vertex 76.86511514161312 7.200700360059453 -1.5
      vertex 76.80572437128667 7.406850285250087 -1.5
    endloop
  endfacet
  facet normal 0 0 -1
    outer loop
      vertex 133.2523144077515 7.553119758569475 -1.5
      vertex 76.80572437128667 7.406850285250087 -1.5
      vertex 76.75695724892556 7.524584533452183 -1.5
    endloop
  endfacet
  facet normal 0 0 -1
    outer loop
      vertex 133.2523144077515 7.553119758569475 -1.5
      vertex 76.75695724892556 7.524584533452183 -1.5
      vertex 76.74768559224852 7.553119758569475 -1.5
    endloop
  endfacet
  facet normal 0 0 -1
    outer loop
      vertex 133.38014882432006 7.792819952976745 -1.5
      vertex 76.74768559224852 7.553119758569475 -1.5
      vertex 76.73866799963066 7.568738687145551 -1.5
    endloop
  endfacet
  facet normal 0 0 -1
    outer loop
      vertex 133.38014882432006 7.792819952976745 -1.5
      vertex 76.73866799963066 7.568738687145551 -1.5
      vertex 76.7236255692856 7.605054326495627 -1.5
    endloop
  endfacet
  facet normal 0 0 -1
    outer loop
      vertex 133.38014882432006 7.792819952976745 -1.5
      vertex 76.5631871838028 7.872680375913055 -1.5
      vertex 76.54771427423204 7.899480241430526 -1.5
    endloop
  endfacet
  facet normal 0 0 -1
    outer loop
      vertex 133.38014882432006 7.792819952976745 -1.5
      vertex 76.7236255692856 7.605054326495627 -1.5
      vertex 76.61985117567993 7.792819952976746 -1.5
    endloop
  endfacet
  facet normal 0 0 -1
    outer loop
      vertex 133.38014882432006 7.792819952976745 -1.5
      vertex 76.61985117567993 7.792819952976746 -1.5
      vertex 76.5631871838028 7.872680375913055 -1.5
    endloop
  endfacet
  facet normal 0 0 -1
    outer loop
      vertex 133.64724812178486 8.127751878215154 -1.5
      vertex 76.54771427423204 7.899480241430526 -1.5
      vertex 76.531002151031 7.9180409346069505 -1.5
    endloop
  endfacet
  facet normal 0 0 -1
    outer loop
      vertex 133.64724812178486 8.127751878215154 -1.5
      vertex 76.531002151031 7.9180409346069505 -1.5
      vertex 76.49570621368053 7.9677859029962885 -1.5
    endloop
  endfacet
  facet normal 0 0 -1
    outer loop
      vertex 133.64724812178486 8.127751878215154 -1.5
      vertex 76.49570621368053 7.9677859029962885 -1.5
      vertex 76.35275187821516 8.127751878215154 -1.5
    endloop
  endfacet
  facet normal 0 0 -1
    outer loop
      vertex 133.71989958432545 8.196695541886204 -1.5
      vertex 76.35275187821516 8.127751878215154 -1.5
      vertex 76.29862174038664 8.176125526869733 -1.5
    endloop
  endfacet
  facet normal 0 0 -1
    outer loop
      vertex 133.71989958432545 8.196695541886204 -1.5
      vertex 76.29862174038664 8.176125526869733 -1.5
      vertex 76.28010041567454 8.196695541886204 -1.5
    endloop
  endfacet
  facet normal 0 0 -1
    outer loop
      vertex 133.71989958432545 8.196695541886204 -1.5
      vertex 76.28010041567454 8.196695541886204 -1.5
      vertex 76.25605459791834 8.214165851106754 -1.5
    endloop
  endfacet
  facet normal 0 0 -1
    outer loop
      vertex 133.71989958432545 8.196695541886204 -1.5
      vertex 76.25605459791834 8.214165851106754 -1.5
      vertex 76.19278590299629 8.27070621368054 -1.5
    endloop
  endfacet
  facet normal 0 0 -1
    outer loop
      vertex 133.8072140970037 8.270706213680539 -1.5
      vertex 76.19278590299629 8.27070621368054 -1.5
      vertex 76.01781995297675 8.394851175679934 -1.5
    endloop
  endfacet
  facet normal 0 0 -1
    outer loop
      vertex 134.04345997365124 8.431775925109347 -1.5
      vertex 76.01781995297675 8.394851175679934 -1.5
      vertex 75.97412023371159 8.41900315680911 -1.5
    endloop
  endfacet
  facet normal 0 0 -1
    outer loop
      vertex 134.04345997365124 8.431775925109347 -1.5
      vertex 75.97412023371159 8.41900315680911 -1.5
      vertex 75.95654002634878 8.431775925109347 -1.5
    endloop
  endfacet
  facet normal 0 0 -1
    outer loop
      vertex 134.16994567350437 8.49862556928561 -1.5
      vertex 75.95654002634878 8.431775925109347 -1.5
      vertex 75.92809441878934 8.444440725565837 -1.5
    endloop
  endfacet
  facet normal 0 0 -1
    outer loop
      vertex 134.16994567350437 8.49862556928561 -1.5
      vertex 75.92809441878934 8.444440725565837 -1.5
      vertex 75.83005432649563 8.49862556928561 -1.5
    endloop
  endfacet
  facet normal 0 0 -1
    outer loop
      vertex 134.3681497147499 8.580724371286667 -1.5
      vertex 75.63185028525008 8.580724371286667 -1.5
      vertex 75.60392972423621 8.588768146345172 -1.5
    endloop
  endfacet
  facet normal 0 0 -1
    outer loop
      vertex 134.3681497147499 8.580724371286667 -1.5
      vertex 75.60392972423621 8.588768146345172 -1.5
      vertex 75.59117424788326 8.594447250312278 -1.5
    endloop
  endfacet
  facet normal 0 0 -1
    outer loop
      vertex 134.40882575211674 8.594447250312278 -1.5
      vertex 75.59117424788326 8.594447250312278 -1.5
      vertex 75.56464055725361 8.600087160360934 -1.5
    endloop
  endfacet
  facet normal 0 0 -1
    outer loop
      vertex 134.40882575211674 8.594447250312278 -1.5
      vertex 75.56464055725361 8.600087160360934 -1.5
      vertex 75.42570036005945 8.640115141613112 -1.5
    endloop
  endfacet
  facet normal 0 0 -1
    outer loop
      vertex 134.3681497147499 8.580724371286667 -1.5
      vertex 75.83005432649563 8.49862556928561 -1.5
      vertex 75.63185028525008 8.580724371286667 -1.5
    endloop
  endfacet
  facet normal 0 0 -1
    outer loop
      vertex 134.57429963994053 8.640115141613112 -1.5
      vertex 75.42570036005945 8.640115141613112 -1.5
      vertex 75.21419700584397 8.67605100686876 -1.5
    endloop
  endfacet
  facet normal 0 0 -1
    outer loop
      vertex 134.78580299415603 8.67605100686876 -1.5
      vertex 75.21419700584397 8.67605100686876 -1.5
      vertex 75.19997131801648 8.6776 -1.5
    endloop
  endfacet
  facet normal 0 0 1
    outer loop
      vertex 150 12 0
      vertex 76.0625110977541 3.7385177370890177 0
      vertex 75.71585210522151 3.6386470018071053 0
    endloop
  endfacet
  facet normal 0 0 1
    outer loop
      vertex 150 12 0
      vertex 76.39580839674915 3.8765739986350827 0
      vertex 76.0625110977541 3.7385177370890177 0
    endloop
  endfacet
  facet normal 0 0 1
    outer loop
      vertex 150 12 0
      vertex 76.71155259528815 4.05107964885425 0
      vertex 76.39580839674915 3.8765739986350827 0
    endloop
  endfacet
  facet normal 0 0 1
    outer loop
      vertex 150 12 0
      vertex 77.00577302687549 4.259840177944473 0
      vertex 76.71155259528815 4.05107964885425 0
    endloop
  endfacet
  facet normal 0 0 1
    outer loop
      vertex 150 12 0
      vertex 77.27476969887323 4.500230301126768 0
      vertex 77.00577302687549 4.259840177944473 0
    endloop
  endfacet
  facet normal 0 0 1
    outer loop
      vertex 150 12 0
      vertex 77.51515982205552 4.769226973124516 0
      vertex 77.27476969887323 4.500230301126768 0
    endloop
  endfacet
  facet normal 0 0 1
    outer loop
      vertex 150 12 0
      vertex 77.72392035114575 5.063447404711839 0
      vertex 77.51515982205552 4.769226973124516 0
    endloop
  endfacet
  facet normal 0 0 1
    outer loop
      vertex 150 12 0
      vertex 77.89842600136491 5.37919160325086 0
      vertex 77.72392035114575 5.063447404711839 0
    endloop
  endfacet
  facet normal 0 0 1
    outer loop
      vertex 150 12 0
      vertex 78.03648226291098 5.712488902245898 0
      vertex 77.89842600136491 5.37919160325086 0
    endloop
  endfacet
  facet normal 0 0 1
    outer loop
      vertex 150 12 0
      vertex 78.1363529981929 6.059147894778492 0
      vertex 78.03648226291098 5.712488902245898 0
    endloop
  endfacet
  facet normal 0 0 1
    outer loop
      vertex 150 12 0
      vertex 78.19678227476814 6.4148091428813085 0
      vertex 78.1363529981929 6.059147894778492 0
    endloop
  endfacet
  facet normal 0 0 1
    outer loop
      vertex 150 12 0
      vertex 78.21701015942189 6.775 0
      vertex 78.19678227476814 6.4148091428813085 0
    endloop
  endfacet
  facet normal 0 0 1
    outer loop
      vertex 78.19678227476814 7.135190857118692 0
      vertex 78.21701015942189 6.775 0
      vertex 150 12 0
    endloop
  endfacet
  facet normal 0 0 1
    outer loop
      vertex 78.1363529981929 7.490852105221509 0
      vertex 78.19678227476814 7.135190857118692 0
      vertex 150 12 0
    endloop
  endfacet
  facet normal 0 0 -1
    outer loop
      vertex 150 12 -1.5
      vertex 75.19997131801648 8.6776 -1.5
      vertex 75 8.688080052697547 -1.5
    endloop
  endfacet
  facet normal 0 1 0
    outer loop
      vertex 150 12 -1.5
      vertex 0 12 0
      vertex 150 12 0
    endloop
  endfacet
  facet normal 0 0 1
    outer loop
      vertex 78.03648226291098 7.837511097754103 0
      vertex 78.1363529981929 7.490852105221509 0
      vertex 150 12 0
    endloop
  endfacet
  facet normal 0 0 1
    outer loop
      vertex 77.89842600136491 8.170808396749141 0
      vertex 78.03648226291098 7.837511097754103 0
      vertex 150 12 0
    endloop
  endfacet
  facet normal 0 0 1
    outer loop
      vertex 77.72392035114575 8.486552595288162 0
      vertex 77.89842600136491 8.170808396749141 0
      vertex 150 12 0
    endloop
  endfacet
  facet normal 0 0 1
    outer loop
      vertex 77.51515982205552 8.780773026875485 0
      vertex 77.72392035114575 8.486552595288162 0
      vertex 150 12 0
    endloop
  endfacet
  facet normal 0 0 1
    outer loop
      vertex 77.27476969887323 9.049769698873233 0
      vertex 77.51515982205552 8.780773026875485 0
      vertex 150 12 0
    endloop
  endfacet
  facet normal 0 0 1
    outer loop
      vertex 77.00577302687549 9.290159822055527 0
      vertex 77.27476969887323 9.049769698873233 0
      vertex 150 12 0
    endloop
  endfacet
  facet normal 0 0 1
    outer loop
      vertex 76.71155259528815 9.49892035114575 0
      vertex 77.00577302687549 9.290159822055527 0
      vertex 150 12 0
    endloop
  endfacet
  facet normal 0 0 1
    outer loop
      vertex 76.39580839674915 9.673426001364918 0
      vertex 76.71155259528815 9.49892035114575 0
      vertex 150 12 0
    endloop
  endfacet
  facet normal 0 0 1
    outer loop
      vertex 76.0625110977541 9.811482262910983 0
      vertex 76.39580839674915 9.673426001364918 0
      vertex 150 12 0
    endloop
  endfacet
  facet normal 0 0 1
    outer loop
      vertex 75 9.992010159421888 0
      vertex 75.36019085711868 9.971782274768136 0
      vertex 150 12 0
    endloop
  endfacet
  facet normal 0 0 1
    outer loop
      vertex 75.71585210522151 9.911352998192896 0
      vertex 76.0625110977541 9.811482262910983 0
      vertex 150 12 0
    endloop
  endfacet
  facet normal 0 0 1
    outer loop
      vertex 75.36019085711868 9.971782274768136 0
      vertex 75.71585210522151 9.911352998192896 0
      vertex 150 12 0
    endloop
  endfacet
  facet normal 0 0 -1
    outer loop
      vertex 135 -4.861919947302454 -1.5
      vertex 75.19997131801648 4.872400000000001 -1.5
      vertex 134.80002868198352 4.872400000000001 -1.5
    endloop
  endfacet
  facet normal 0 0 -1
    outer loop
      vertex 75.42570036005945 4.909884858386889 -1.5
      vertex 134.40882575211674 4.955552749687723 -1.5
      vertex 134.4353594427464 4.949912839639067 -1.5
    endloop
  endfacet
  facet normal 0 0 -1
    outer loop
      vertex 75.42570036005945 4.909884858386889 -1.5
      vertex 134.4353594427464 4.949912839639067 -1.5
      vertex 134.57429963994053 4.909884858386889 -1.5
    endloop
  endfacet
  facet normal 0 0 -1
    outer loop
      vertex 75.59117424788326 4.955552749687723 -1.5
      vertex 134.3681497147499 4.969275628713333 -1.5
      vertex 134.3960702757638 4.961231853654829 -1.5
    endloop
  endfacet
  facet normal 0 0 -1
    outer loop
      vertex 75.59117424788326 4.955552749687723 -1.5
      vertex 134.3960702757638 4.961231853654829 -1.5
      vertex 134.40882575211674 4.955552749687723 -1.5
    endloop
  endfacet
  facet normal 0 0 -1
    outer loop
      vertex 75.83005432649563 5.051374430714391 -1.5
      vertex 134.16994567350437 5.051374430714391 -1.5
      vertex 134.3681497147499 4.969275628713333 -1.5
    endloop
  endfacet
  facet normal 0 0 -1
    outer loop
      vertex 75.83005432649563 5.051374430714391 -1.5
      vertex 134.07190558121067 5.105559274434163 -1.5
      vertex 134.16994567350437 5.051374430714391 -1.5
    endloop
  endfacet
  facet normal 0 0 -1
    outer loop
      vertex 75.83005432649563 5.051374430714391 -1.5
      vertex 134.04345997365124 5.1182240748906525 -1.5
      vertex 134.07190558121067 5.105559274434163 -1.5
    endloop
  endfacet
  facet normal 0 0 -1
    outer loop
      vertex 75.95654002634878 5.1182240748906525 -1.5
      vertex 134.02587976628843 5.13099684319089 -1.5
      vertex 134.04345997365124 5.1182240748906525 -1.5
    endloop
  endfacet
  facet normal 0 0 -1
    outer loop
      vertex 75.95654002634878 5.1182240748906525 -1.5
      vertex 133.98218004702326 5.155148824320067 -1.5
      vertex 134.02587976628843 5.13099684319089 -1.5
    endloop
  endfacet
  facet normal 0 0 -1
    outer loop
      vertex 76.01781995297675 5.155148824320067 -1.5
      vertex 133.8072140970037 5.279293786319461 -1.5
      vertex 133.98218004702326 5.155148824320067 -1.5
    endloop
  endfacet
  facet normal 0 0 -1
    outer loop
      vertex 75.19997131801648 4.872400000000001 -1.5
      vertex 134.78580299415603 4.873948993131241 -1.5
      vertex 134.80002868198352 4.872400000000001 -1.5
    endloop
  endfacet
  facet normal 0 0 -1
    outer loop
      vertex 75.21419700584397 4.873948993131241 -1.5
      vertex 134.57429963994053 4.909884858386889 -1.5
      vertex 134.78580299415603 4.873948993131241 -1.5
    endloop
  endfacet
  facet normal 0 0 -1
    outer loop
      vertex 76.19278590299629 5.279293786319461 -1.5
      vertex 133.74394540208166 5.335834148893246 -1.5
      vertex 133.8072140970037 5.279293786319461 -1.5
    endloop
  endfacet
  facet normal 0 0 -1
    outer loop
      vertex 76.19278590299629 5.279293786319461 -1.5
      vertex 133.71989958432545 5.353304458113798 -1.5
      vertex 133.74394540208166 5.335834148893246 -1.5
    endloop
  endfacet
  facet normal 0 0 -1
    outer loop
      vertex 76.35275187821516 5.422248121784848 -1.5
      vertex 133.70137825961336 5.373874473130269 -1.5
      vertex 133.71989958432545 5.353304458113798 -1.5
    endloop
  endfacet
  facet normal 0 0 -1
    outer loop
      vertex 76.35275187821516 5.422248121784848 -1.5
      vertex 133.64724812178486 5.422248121784848 -1.5
      vertex 133.70137825961336 5.373874473130269 -1.5
    endloop
  endfacet
  facet normal 0 0 -1
    outer loop
      vertex 76.54771427423204 5.650519758569475 -1.5
      vertex 133.468997848969 5.63195906539305 -1.5
      vertex 133.50429378631947 5.582214097003711 -1.5
    endloop
  endfacet
  facet normal 0 0 -1
    outer loop
      vertex 76.54771427423204 5.650519758569475 -1.5
      vertex 133.50429378631947 5.582214097003711 -1.5
      vertex 133.64724812178486 5.422248121784848 -1.5
    endloop
  endfacet
  facet normal 0 0 -1
    outer loop
      vertex 76.54771427423204 5.650519758569475 -1.5
      vertex 133.45228572576798 5.650519758569475 -1.5
      vertex 133.468997848969 5.63195906539305 -1.5
    endloop
  endfacet
  facet normal 0 0 -1
    outer loop
      vertex 76.54771427423204 5.650519758569475 -1.5
      vertex 133.4368128161972 5.677319624086945 -1.5
      vertex 133.45228572576798 5.650519758569475 -1.5
    endloop
  endfacet
  facet normal 0 0 -1
    outer loop
      vertex 76.54771427423204 5.650519758569475 -1.5
      vertex 133.38014882432006 5.7571800470232555 -1.5
      vertex 133.4368128161972 5.677319624086945 -1.5
    endloop
  endfacet
  facet normal 0 0 -1
    outer loop
      vertex 76.61985117567993 5.757180047023255 -1.5
      vertex 133.27637443071438 5.944945673504374 -1.5
      vertex 133.38014882432006 5.7571800470232555 -1.5
    endloop
  endfacet
  facet normal 0 0 -1
    outer loop
      vertex 76.61985117567993 5.757180047023255 -1.5
      vertex 133.26133200036935 5.98126131285445 -1.5
      vertex 133.27637443071438 5.944945673504374 -1.5
    endloop
  endfacet
  facet normal 0 0 -1
    outer loop
      vertex 76.61985117567993 5.757180047023255 -1.5
      vertex 133.2523144077515 5.996880241430525 -1.5
      vertex 133.26133200036935 5.98126131285445 -1.5
    endloop
  endfacet
  facet normal 0 0 1
    outer loop
      vertex 75 3.557989840578114 0
      vertex 132.27607964885425 5.06344740471184 0
      vertex 132.10157399863508 5.37919160325086 0
    endloop
  endfacet
  facet normal 0 0 1
    outer loop
      vertex 75.36019085711868 3.5782177252318648 0
      vertex 132.10157399863508 5.37919160325086 0
      vertex 131.963517737089 5.712488902245898 0
    endloop
  endfacet
  facet normal 0 0 1
    outer loop
      vertex 75.36019085711868 3.5782177252318648 0
      vertex 131.963517737089 5.712488902245898 0
      vertex 131.8636470018071 6.059147894778491 0
    endloop
  endfacet
  facet normal 0 0 1
    outer loop
      vertex 75.36019085711868 3.5782177252318648 0
      vertex 131.8636470018071 6.059147894778491 0
      vertex 131.8032177252319 6.41480914288131 0
    endloop
  endfacet
  facet normal 0 0 1
    outer loop
      vertex 75.71585210522151 3.6386470018071053 0
      vertex 131.8032177252319 6.41480914288131 0
      vertex 131.7829898405781 6.775 0
    endloop
  endfacet
  facet normal 0 0 1
    outer loop
      vertex 75.71585210522151 3.6386470018071053 0
      vertex 131.7829898405781 6.775 0
      vertex 131.8032177252319 7.13519085711869 0
    endloop
  endfacet
  facet normal 0 0 -1
    outer loop
      vertex 135 -4.861919947302454 -1.5
      vertex 134.80002868198352 4.872400000000001 -1.5
      vertex 134.81338537230198 4.872400000000001 -1.5
    endloop
  endfacet
  facet normal 0 0 -1
    outer loop
      vertex 135 -4.861919947302454 -1.5
      vertex 134.81338537230198 4.872400000000001 -1.5
      vertex 135 4.861919947302454 -1.5
    endloop
  endfacet
  facet normal 0 0 -1
    outer loop
      vertex 135.19997131801648 -4.872400000000001 -1.5
      vertex 135 4.861919947302454 -1.5
      vertex 135.18661462769802 4.872400000000001 -1.5
    endloop
  endfacet
  facet normal 0 0 -1
    outer loop
      vertex 135.19997131801648 -4.872400000000001 -1.5
      vertex 135.18661462769802 4.872400000000001 -1.5
      vertex 135.19997131801648 4.872400000000001 -1.5
    endloop
  endfacet
  facet normal 0 0 -1
    outer loop
      vertex 135.21419700584397 -4.873948993131241 -1.5
      vertex 135.19997131801648 4.872400000000001 -1.5
      vertex 135.21419700584397 4.873948993131241 -1.5
    endloop
  endfacet
  facet normal 0 0 -1
    outer loop
      vertex 135.42570036005947 -4.909884858386889 -1.5
      vertex 135.21419700584397 4.873948993131241 -1.5
      vertex 135.42570036005947 4.909884858386889 -1.5
    endloop
  endfacet
  facet normal 0 0 -1
    outer loop
      vertex 135.59117424788326 -4.955552749687723 -1.5
      vertex 135.42570036005947 4.909884858386889 -1.5
      vertex 135.5646405572536 4.949912839639067 -1.5
    endloop
  endfacet
  facet normal 0 0 -1
    outer loop
      vertex 135.59117424788326 -4.955552749687723 -1.5
      vertex 135.5646405572536 4.949912839639067 -1.5
      vertex 135.59117424788326 4.955552749687723 -1.5
    endloop
  endfacet
  facet normal 0 0 -1
    outer loop
      vertex 135.6318502852501 -4.969275628713333 -1.5
      vertex 135.59117424788326 4.955552749687723 -1.5
      vertex 135.6318502852501 4.969275628713333 -1.5
    endloop
  endfacet
  facet normal 0 0 -1
    outer loop
      vertex 135.83005432649563 -5.051374430714391 -1.5
      vertex 135.6318502852501 4.969275628713333 -1.5
      vertex 135.83005432649563 5.051374430714391 -1.5
    endloop
  endfacet
  facet normal 0 0 -1
    outer loop
      vertex 135.95654002634876 -5.1182240748906525 -1.5
      vertex 135.83005432649563 5.051374430714391 -1.5
      vertex 135.95654002634876 5.1182240748906525 -1.5
    endloop
  endfacet
  facet normal 0 0 -1
    outer loop
      vertex 136.01781995297674 -5.155148824320067 -1.5
      vertex 135.95654002634876 5.1182240748906525 -1.5
      vertex 136.01781995297674 5.155148824320067 -1.5
    endloop
  endfacet
  facet normal 0 0 -1
    outer loop
      vertex 136.1927859029963 -5.279293786319461 -1.5
      vertex 136.01781995297674 5.155148824320067 -1.5
      vertex 136.1927859029963 5.279293786319461 -1.5
    endloop
  endfacet
  facet normal 0 0 -1
    outer loop
      vertex 136.28010041567455 -5.353304458113798 -1.5
      vertex 136.1927859029963 5.279293786319461 -1.5
      vertex 136.28010041567455 5.353304458113798 -1.5
    endloop
  endfacet
  facet normal 0 0 -1
    outer loop
      vertex 136.35275187821514 -5.422248121784848 -1.5
      vertex 136.28010041567455 5.353304458113798 -1.5
      vertex 136.35275187821514 5.422248121784848 -1.5
    endloop
  endfacet
  facet normal 0 0 -1
    outer loop
      vertex 136.49570621368053 -5.582214097003712 -1.5
      vertex 136.35275187821514 5.422248121784848 -1.5
      vertex 136.49570621368053 5.582214097003712 -1.5
    endloop
  endfacet
  facet normal 0 0 -1
    outer loop
      vertex 136.54771427423202 -5.650519758569475 -1.5
      vertex 136.49570621368053 5.582214097003712 -1.5
      vertex 136.54771427423202 5.650519758569475 -1.5
    endloop
  endfacet
  facet normal 0 0 -1
    outer loop
      vertex 136.61985117567994 -5.757180047023255 -1.5
      vertex 136.54771427423202 5.650519758569475 -1.5
      vertex 136.61985117567994 5.757180047023255 -1.5
    endloop
  endfacet
  facet normal 0 0 -1
    outer loop
      vertex 136.72362556928562 -5.944945673504374 -1.5
      vertex 136.61985117567994 5.757180047023255 -1.5
      vertex 136.72362556928562 5.944945673504374 -1.5
    endloop
  endfacet
  facet normal 0 0 -1
    outer loop
      vertex 136.7476855922485 -5.996880241430525 -1.5
      vertex 136.72362556928562 5.944945673504374 -1.5
      vertex 136.7476855922485 5.996880241430525 -1.5
    endloop
  endfacet
  facet normal 0 0 -1
    outer loop
      vertex 136.80572437128666 -6.143149714749914 -1.5
      vertex 136.7476855922485 5.996880241430525 -1.5
      vertex 136.80572437128666 6.143149714749914 -1.5
    endloop
  endfacet
  facet normal 0 0 -1
    outer loop
      vertex 136.8651151416131 -6.349299639940548 -1.5
      vertex 136.80572437128666 6.143149714749914 -1.5
      vertex 136.8651151416131 6.349299639940548 -1.5
    endloop
  endfacet
  facet normal 0 0 -1
    outer loop
      vertex 136.90105100686876 -6.56080299415603 -1.5
      vertex 136.8712746635578 6.377248291573926 -1.5
      vertex 136.87356294895048 6.399019872774949 -1.5
    endloop
  endfacet
  facet normal 0 0 -1
    outer loop
      vertex 136.8712746635578 -6.377248291573926 -1.5
      vertex 136.8651151416131 6.349299639940548 -1.5
      vertex 136.8712746635578 6.377248291573926 -1.5
    endloop
  endfacet
  facet normal 0 0 -1
    outer loop
      vertex 136.90105100686876 -6.56080299415603 -1.5
      vertex 136.87356294895048 6.399019872774949 -1.5
      vertex 136.90105100686876 6.56080299415603 -1.5
    endloop
  endfacet
  facet normal 1 0 0
    outer loop
      vertex 150 1.5499999970197678 0
      vertex 150 -12 -1.5
      vertex 150 12 -1.5
    endloop
  endfacet
  facet normal 0 0 -1
    outer loop
      vertex 150 12 -1.5
      vertex 150 -12 -1.5
      vertex 136.90105100686876 6.56080299415603 -1.5
    endloop
  endfacet
  facet normal 0 0 1
    outer loop
      vertex 150 1.5499999970197678 0
      vertex 135.3601908571187 3.5782177252318648 0
      vertex 135 3.557989840578114 0
    endloop
  endfacet
  facet normal 0 0 1
    outer loop
      vertex 150 1.5499999970197678 0
      vertex 135.7158521052215 3.6386470018071053 0
      vertex 135.3601908571187 3.5782177252318648 0
    endloop
  endfacet
  facet normal 0 0 1
    outer loop
      vertex 150 1.5499999970197678 0
      vertex 136.0625110977541 3.7385177370890177 0
      vertex 135.7158521052215 3.6386470018071053 0
    endloop
  endfacet
  facet normal 0 0 -1
    outer loop
      vertex 73.13488485838688 -6.349299639940547 -1.5
      vertex 73.13168260452095 -6.368146756292948 -1.5
      vertex 16.80572437128667 -6.143149714749914 -1.5
    endloop
  endfacet
  facet normal 0 0 -1
    outer loop
      vertex 73.13168260452095 -6.368146756292948 -1.5
      vertex 73.12872533644219 -6.377248291573926 -1.5
      vertex 16.80572437128667 -6.143149714749914 -1.5
    endloop
  endfacet
  facet normal 0 0 -1
    outer loop
      vertex 73.12872533644219 -6.377248291573926 -1.5
      vertex 73.12643705104954 -6.39901987277495 -1.5
      vertex 16.90105100686876 -6.56080299415603 -1.5
    endloop
  endfacet
  facet normal 0 0 -1
    outer loop
      vertex 73.12643705104954 -6.39901987277495 -1.5
      vertex 73.09894899313124 -6.560802994156031 -1.5
      vertex 16.90105100686876 -6.56080299415603 -1.5
    endloop
  endfacet
  facet normal 0 0 -1
    outer loop
      vertex 73.09894899313124 -6.560802994156031 -1.5
      vertex 73.08691994730245 -6.775 -1.5
      vertex 16.90105100686876 -6.56080299415603 -1.5
    endloop
  endfacet
  facet normal 0 0 -1
    outer loop
      vertex 16.90105100686876 -6.9891970058439705 -1.5
      vertex 73.08691994730245 -6.775 -1.5
      vertex 73.09894899313124 -6.98919700584397 -1.5
    endloop
  endfacet
  facet normal 0 0 -1
    outer loop
      vertex 16.90105100686876 -6.9891970058439705 -1.5
      vertex 73.09894899313124 -6.98919700584397 -1.5
      vertex 73.12643705104954 -7.150980127225051 -1.5
    endloop
  endfacet
  facet normal 0 0 -1
    outer loop
      vertex 16.90105100686876 -6.9891970058439705 -1.5
      vertex 73.12643705104954 -7.150980127225051 -1.5
      vertex 73.12872533644219 -7.172751708426075 -1.5
    endloop
  endfacet
  facet normal 0 0 -1
    outer loop
      vertex 16.80572437128667 -7.406850285250087 -1.5
      vertex 73.13168260452095 -7.181853243707053 -1.5
      vertex 73.13488485838688 -7.200700360059454 -1.5
    endloop
  endfacet
  facet normal 0 0 -1
    outer loop
      vertex 16.80572437128667 -7.406850285250087 -1.5
      vertex 73.12872533644219 -7.172751708426075 -1.5
      vertex 73.13168260452095 -7.181853243707053 -1.5
    endloop
  endfacet
  facet normal 0 0 -1
    outer loop
      vertex 16.80572437128667 -7.406850285250087 -1.5
      vertex 73.13488485838688 -7.200700360059454 -1.5
      vertex 73.19427562871333 -7.406850285250087 -1.5
    endloop
  endfacet
  facet normal 0 0 -1
    outer loop
      vertex 16.747685592248512 -7.553119758569475 -1.5
      vertex 73.19427562871333 -7.406850285250087 -1.5
      vertex 73.24304275107444 -7.524584533452183 -1.5
    endloop
  endfacet
  facet normal 0 0 -1
    outer loop
      vertex 16.747685592248512 -7.553119758569475 -1.5
      vertex 73.24304275107444 -7.524584533452183 -1.5
      vertex 73.25231440775148 -7.553119758569475 -1.5
    endloop
  endfacet
  facet normal 0 0 -1
    outer loop
      vertex 16.619851175679933 -7.792819952976746 -1.5
      vertex 73.25231440775148 -7.553119758569475 -1.5
      vertex 73.26133200036934 -7.568738687145551 -1.5
    endloop
  endfacet
  facet normal 0 0 -1
    outer loop
      vertex 16.619851175679933 -7.792819952976746 -1.5
      vertex 73.26133200036934 -7.568738687145551 -1.5
      vertex 73.2763744307144 -7.605054326495627 -1.5
    endloop
  endfacet
  facet normal 0 0 -1
    outer loop
      vertex 16.619851175679933 -7.792819952976746 -1.5
      vertex 73.2763744307144 -7.605054326495627 -1.5
      vertex 73.38014882432006 -7.792819952976745 -1.5
    endloop
  endfacet
  facet normal 0 0 -1
    outer loop
      vertex 16.547714274232035 -7.899480241430526 -1.5
      vertex 73.38014882432006 -7.792819952976745 -1.5
      vertex 73.4368128161972 -7.872680375913056 -1.5
    endloop
  endfacet
  facet normal 0 0 -1
    outer loop
      vertex 16.547714274232035 -7.899480241430526 -1.5
      vertex 73.4368128161972 -7.872680375913056 -1.5
      vertex 73.45228572576796 -7.899480241430526 -1.5
    endloop
  endfacet
  facet normal 0 0 -1
    outer loop
      vertex 16.35275187821515 -8.127751878215154 -1.5
      vertex 73.45228572576796 -7.899480241430526 -1.5
      vertex 73.468997848969 -7.9180409346069505 -1.5
    endloop
  endfacet
  facet normal 0 0 -1
    outer loop
      vertex 16.35275187821515 -8.127751878215154 -1.5
      vertex 73.468997848969 -7.9180409346069505 -1.5
      vertex 73.50429378631947 -7.967785902996289 -1.5
    endloop
  endfacet
  facet normal 0 0 -1
    outer loop
      vertex 16.35275187821515 -8.127751878215154 -1.5
      vertex 73.50429378631947 -7.967785902996289 -1.5
      vertex 73.64724812178484 -8.127751878215154 -1.5
    endloop
  endfacet
  facet normal 0 0 -1
    outer loop
      vertex 16.280100415674546 -8.196695541886204 -1.5
      vertex 73.64724812178484 -8.127751878215154 -1.5
      vertex 73.70137825961336 -8.176125526869733 -1.5
    endloop
  endfacet
  facet normal 0 0 -1
    outer loop
      vertex 134.78580299415603 4.873948993131241 -1.5
      vertex 134.79523260556311 4.8734194375134265 -1.5
      vertex 134.80002868198352 4.872400000000001 -1.5
    endloop
  endfacet
  facet normal 0 0 -1
    outer loop
      vertex 16.280100415674546 -8.196695541886204 -1.5
      vertex 73.71989958432546 -8.196695541886204 -1.5
      vertex 73.74394540208166 -8.214165851106754 -1.5
    endloop
  endfacet
  facet normal 0 0 -1
    outer loop
      vertex 16.280100415674546 -8.196695541886204 -1.5
      vertex 73.70137825961336 -8.176125526869733 -1.5
      vertex 73.71989958432546 -8.196695541886204 -1.5
    endloop
  endfacet
  facet normal 0 0 -1
    outer loop
      vertex 16.280100415674546 -8.196695541886204 -1.5
      vertex 73.74394540208166 -8.214165851106754 -1.5
      vertex 73.80721409700371 -8.270706213680539 -1.5
    endloop
  endfacet
  facet normal 0 0 -1
    outer loop
      vertex 16.192785902996288 -8.27070621368054 -1.5
      vertex 73.80721409700371 -8.270706213680539 -1.5
      vertex 73.98218004702325 -8.394851175679934 -1.5
    endloop
  endfacet
  facet normal 0 0 -1
    outer loop
      vertex 135.19997131801648 4.872400000000001 -1.5
      vertex 135.20476739443689 4.8734194375134265 -1.5
      vertex 135.21419700584397 4.873948993131241 -1.5
    endloop
  endfacet
  facet normal 0 0 -1
    outer loop
      vertex 15.956540026348772 -8.431775925109347 -1.5
      vertex 74.02587976628841 -8.419003156809111 -1.5
      vertex 74.04345997365122 -8.431775925109347 -1.5
    endloop
  endfacet
  facet normal 0 0 -1
    outer loop
      vertex 15.956540026348772 -8.431775925109347 -1.5
      vertex 73.98218004702325 -8.394851175679934 -1.5
      vertex 74.02587976628841 -8.419003156809111 -1.5
    endloop
  endfacet
  facet normal 0 0 -1
    outer loop
      vertex 15.830054326495627 -8.49862556928561 -1.5
      vertex 74.04345997365122 -8.431775925109347 -1.5
      vertex 74.07190558121066 -8.444440725565837 -1.5
    endloop
  endfacet
  facet normal 0 0 -1
    outer loop
      vertex 15.830054326495627 -8.49862556928561 -1.5
      vertex 74.07190558121066 -8.444440725565837 -1.5
      vertex 74.16994567350437 -8.49862556928561 -1.5
    endloop
  endfacet
  facet normal 0 0 -1
    outer loop
      vertex 135.59117424788326 4.955552749687723 -1.5
      vertex 135.6039297242362 4.961231853654829 -1.5
      vertex 135.6318502852501 4.969275628713333 -1.5
    endloop
  endfacet
  facet normal 0 0 -1
    outer loop
      vertex 15.591174247883261 -8.594447250312278 -1.5
      vertex 74.40882575211674 -8.594447250312278 -1.5
      vertex 74.43535944274639 -8.600087160360934 -1.5
    endloop
  endfacet
  facet normal 0 0 -1
    outer loop
      vertex 15.631850285250087 -8.580724371286667 -1.5
      vertex 74.39607027576379 -8.588768146345172 -1.5
      vertex 74.40882575211674 -8.594447250312278 -1.5
    endloop
  endfacet
  facet normal 0 0 -1
    outer loop
      vertex 135.83005432649563 5.051374430714391 -1.5
      vertex 135.92809441878933 5.105559274434163 -1.5
      vertex 135.95654002634876 5.1182240748906525 -1.5
    endloop
  endfacet
  facet normal 0 0 -1
    outer loop
      vertex 15.631850285250087 -8.580724371286667 -1.5
      vertex 74.36814971474992 -8.580724371286667 -1.5
      vertex 74.39607027576379 -8.588768146345172 -1.5
    endloop
  endfacet
  facet normal 0 0 -1
    outer loop
      vertex 15.591174247883261 -8.594447250312278 -1.5
      vertex 74.43535944274639 -8.600087160360934 -1.5
      vertex 74.57429963994055 -8.640115141613112 -1.5
    endloop
  endfacet
  facet normal 0 0 -1
    outer loop
      vertex 15.631850285250087 -8.580724371286667 -1.5
      vertex 74.16994567350437 -8.49862556928561 -1.5
      vertex 74.36814971474992 -8.580724371286667 -1.5
    endloop
  endfacet
  facet normal 0 0 -1
    outer loop
      vertex 15.425700360059455 -8.640115141613112 -1.5
      vertex 74.57429963994055 -8.640115141613112 -1.5
      vertex 74.78580299415603 -8.67605100686876 -1.5
    endloop
  endfacet
  facet normal 0 0 -1
    outer loop
      vertex 75 -8.688080052697547 -1.5
      vertex 15.21419700584397 -8.67605100686876 -1.5
      vertex 74.80002868198352 -8.6776 -1.5
    endloop
  endfacet
  facet normal 0 0 -1
    outer loop
      vertex 15.21419700584397 -8.67605100686876 -1.5
      vertex 74.78580299415603 -8.67605100686876 -1.5
      vertex 74.80002868198352 -8.6776 -1.5
    endloop
  endfacet
  facet normal 0 0 1
    outer loop
      vertex 71.96351773708902 -7.837511097754103 0
      vertex 71.8636470018071 -7.49085210522151 0
      vertex 0 -12 0
    endloop
  endfacet
  facet normal 0 0 1
    outer loop
      vertex 72.10157399863509 -8.170808396749141 0
      vertex 71.96351773708902 -7.837511097754103 0
      vertex 0 -12 0
    endloop
  endfacet
  facet normal 0 0 1
    outer loop
      vertex 72.27607964885425 -8.48655259528816 0
      vertex 72.10157399863509 -8.170808396749141 0
      vertex 0 -12 0
    endloop
  endfacet
  facet normal 0 0 1
    outer loop
      vertex 72.48484017794448 -8.780773026875485 0
      vertex 72.27607964885425 -8.48655259528816 0
      vertex 0 -12 0
    endloop
  endfacet
  facet normal 0 0 1
    outer loop
      vertex 72.72523030112677 -9.049769698873233 0
      vertex 72.48484017794448 -8.780773026875485 0
      vertex 0 -12 0
    endloop
  endfacet
  facet normal 0 0 1
    outer loop
      vertex 72.99422697312451 -9.290159822055525 0
      vertex 72.72523030112677 -9.049769698873233 0
      vertex 0 -12 0
    endloop
  endfacet
  facet normal 0 0 1
    outer loop
      vertex 73.28844740471185 -9.498920351145753 0
      vertex 72.99422697312451 -9.290159822055525 0
      vertex 0 -12 0
    endloop
  endfacet
  facet normal 0 0 1
    outer loop
      vertex 73.60419160325085 -9.673426001364918 0
      vertex 73.28844740471185 -9.498920351145753 0
      vertex 0 -12 0
    endloop
  endfacet
  facet normal 0 0 1
    outer loop
      vertex 73.9374889022459 -9.811482262910983 0
      vertex 73.60419160325085 -9.673426001364918 0
      vertex 0 -12 0
    endloop
  endfacet
  facet normal 0 0 1
    outer loop
      vertex 75 -9.992010159421888 0
      vertex 74.63980914288132 -9.971782274768136 0
      vertex 0 -12 0
    endloop
  endfacet
  facet normal 0 0 1
    outer loop
      vertex 74.28414789477849 -9.911352998192896 0
      vertex 73.9374889022459 -9.811482262910983 0
      vertex 0 -12 0
    endloop
  endfacet
  facet normal 0 0 1
    outer loop
      vertex 74.63980914288132 -9.971782274768136 0
      vertex 74.28414789477849 -9.911352998192896 0
      vertex 0 -12 0
    endloop
  endfacet
  facet normal 0 -1 0
    outer loop
      vertex 0 -12 0
      vertex 0 -12 -1.5
      vertex 150 -12 0
    endloop
  endfacet
  facet normal 0 0 -1
    outer loop
      vertex 150 -12 -1.5
      vertex 0 -12 -1.5
      vertex 15.199971318016477 -8.6776 -1.5
    endloop
  endfacet
  facet normal -1 0 0
    outer loop
      vertex 0 -0.5499999970197678 0
      vertex 0 -1.5499999970197678 0
      vertex 0 -0.4750000014901161 8
    endloop
  endfacet
  facet normal 0 0 -1
    outer loop
      vertex 73.64724812178484 -5.422248121784848 -1.5
      vertex 16.35275187821515 -5.422248121784848 -1.5
      vertex 16.280100415674546 5.353304458113798 -1.5
    endloop
  endfacet
  facet normal 0 0 1
    outer loop
      vertex 15.36019085711869 -3.5782177252318648 0
      vertex 15.715852105221508 -3.6386470018071044 0
      vertex 74.63980914288132 -3.5782177252318648 0
    endloop
  endfacet
  facet normal 0 0 1
    outer loop
      vertex 15.715852105221508 -3.6386470018071044 0
      vertex 16.062511097754104 -3.7385177370890177 0
      vertex 74.28414789477849 -3.6386470018071044 0
    endloop
  endfacet
  facet normal 0 0 1
    outer loop
      vertex 16.062511097754104 -3.7385177370890177 0
      vertex 16.39580839674914 -3.8765739986350827 0
      vertex 73.9374889022459 -3.7385177370890177 0
    endloop
  endfacet
  facet normal 0 0 1
    outer loop
      vertex 16.39580839674914 -3.8765739986350827 0
      vertex 16.71155259528816 -4.05107964885425 0
      vertex 73.60419160325085 -3.8765739986350827 0
    endloop
  endfacet
  facet normal 0 0 1
    outer loop
      vertex 16.71155259528816 -4.05107964885425 0
      vertex 17.005773026875485 -4.259840177944473 0
      vertex 73.28844740471185 -4.051079648854248 0
    endloop
  endfacet
  facet normal 0 0 1
    outer loop
      vertex 17.005773026875485 -4.259840177944473 0
      vertex 17.274769698873232 -4.500230301126768 0
      vertex 72.99422697312451 -4.259840177944475 0
    endloop
  endfacet
  facet normal 0 0 1
    outer loop
      vertex 17.274769698873232 -4.500230301126768 0
      vertex 17.515159822055526 -4.769226973124516 0
      vertex 72.72523030112677 -4.500230301126768 0
    endloop
  endfacet
  facet normal 0 0 1
    outer loop
      vertex 17.515159822055526 -4.769226973124516 0
      vertex 17.72392035114575 -5.063447404711839 0
      vertex 72.48484017794448 -4.769226973124516 0
    endloop
  endfacet
  facet normal 0 0 1
    outer loop
      vertex 17.72392035114575 -5.063447404711839 0
      vertex 17.898426001364918 -5.37919160325086 0
      vertex 72.27607964885425 -5.06344740471184 0
    endloop
  endfacet
  facet normal 0 0 1
    outer loop
      vertex 17.898426001364918 -5.37919160325086 0
      vertex 18.036482262910983 -5.712488902245898 0
      vertex 72.10157399863509 -5.37919160325086 0
    endloop
  endfacet
  facet normal 0 0 1
    outer loop
      vertex 18.036482262910983 -5.712488902245898 0
      vertex 18.136352998192894 -6.059147894778492 0
      vertex 71.96351773708902 -5.712488902245898 0
    endloop
  endfacet
  facet normal 0 0 -1
    outer loop
      vertex 73.45228572576796 -5.650519758569475 -1.5
      vertex 16.53100215103101 -5.63195906539305 -1.5
      vertex 16.49570621368054 -5.582214097003712 -1.5
    endloop
  endfacet
  facet normal 0 0 -1
    outer loop
      vertex 73.45228572576796 -5.650519758569475 -1.5
      vertex 16.49570621368054 -5.582214097003712 -1.5
      vertex 16.35275187821515 -5.422248121784848 -1.5
    endloop
  endfacet
  facet normal 0 0 -1
    outer loop
      vertex 135.95654002634876 5.1182240748906525 -1.5
      vertex 135.97412023371157 5.13099684319089 -1.5
      vertex 136.01781995297674 5.155148824320067 -1.5
    endloop
  endfacet
  facet normal 0 0 -1
    outer loop
      vertex 73.45228572576796 -5.650519758569475 -1.5
      vertex 16.547714274232035 -5.650519758569475 -1.5
      vertex 16.53100215103101 -5.63195906539305 -1.5
    endloop
  endfacet
  facet normal 0 0 -1
    outer loop
      vertex 73.38014882432006 -5.7571800470232555 -1.5
      vertex 16.563187183802793 -5.6773196240869455 -1.5
      vertex 16.547714274232035 -5.650519758569475 -1.5
    endloop
  endfacet
  facet normal 0 0 -1
    outer loop
      vertex 73.38014882432006 -5.7571800470232555 -1.5
      vertex 16.619851175679933 -5.757180047023255 -1.5
      vertex 16.563187183802793 -5.6773196240869455 -1.5
    endloop
  endfacet
  facet normal 0 0 -1
    outer loop
      vertex 73.38014882432006 -5.7571800470232555 -1.5
      vertex 16.72362556928561 -5.944945673504374 -1.5
      vertex 16.619851175679933 -5.757180047023255 -1.5
    endloop
  endfacet
  facet normal 0 0 -1
    outer loop
      vertex 73.38014882432006 -5.7571800470232555 -1.5
      vertex 16.73866799963066 -5.98126131285445 -1.5
      vertex 16.72362556928561 -5.944945673504374 -1.5
    endloop
  endfacet
  facet normal 0 0 -1
    outer loop
      vertex 73.38014882432006 -5.7571800470232555 -1.5
      vertex 16.747685592248512 -5.996880241430525 -1.5
      vertex 16.73866799963066 -5.98126131285445 -1.5
    endloop
  endfacet
  facet normal 0 0 1
    outer loop
      vertex 0 -1.5499999970197678 0
      vertex 14.63980914288131 -3.5782177252318648 0
      vertex 15 -3.557989840578114 0
    endloop
  endfacet
  facet normal 0 0 1
    outer loop
      vertex 0 -1.5499999970197678 0
      vertex 14.284147894778492 -3.6386470018071044 0
      vertex 14.63980914288131 -3.5782177252318648 0
    endloop
  endfacet
  facet normal 0 0 1
    outer loop
      vertex 0 -1.5499999970197678 0
      vertex 13.937488902245898 -3.7385177370890177 0
      vertex 14.284147894778492 -3.6386470018071044 0
    endloop
  endfacet
  facet normal 0 0 -1
    outer loop
      vertex 15.631850285250087 -4.969275628713333 -1.5
      vertex 15.603929724236206 -4.961231853654829 -1.5
      vertex 15.591174247883261 4.955552749687723 -1.5
    endloop
  endfacet
  facet normal 0 0 -1
    outer loop
      vertex 136.1927859029963 5.279293786319461 -1.5
      vertex 136.25605459791834 5.335834148893246 -1.5
      vertex 136.28010041567455 5.353304458113798 -1.5
    endloop
  endfacet
  facet normal 0 0 -1
    outer loop
      vertex 15.603929724236206 -4.961231853654829 -1.5
      vertex 15.591174247883261 -4.955552749687723 -1.5
      vertex 15.591174247883261 4.955552749687723 -1.5
    endloop
  endfacet
  facet normal 0 0 -1
    outer loop
      vertex 15.425700360059452 -4.909884858386889 -1.5
      vertex 15.21419700584397 -4.873948993131241 -1.5
      vertex 15.199971318016477 4.872400000000001 -1.5
    endloop
  endfacet
  facet normal 0 0 -1
    outer loop
      vertex 136.28010041567455 5.353304458113798 -1.5
      vertex 136.29862174038664 5.373874473130269 -1.5
      vertex 136.35275187821514 5.422248121784848 -1.5
    endloop
  endfacet
  facet normal 0 0 -1
    outer loop
      vertex 136.49570621368053 5.582214097003712 -1.5
      vertex 136.531002151031 5.63195906539305 -1.5
      vertex 136.54771427423202 5.650519758569475 -1.5
    endloop
  endfacet
  facet normal 0 0 -1
    outer loop
      vertex 15.564640557253606 -4.949912839639067 -1.5
      vertex 15.425700360059452 -4.909884858386889 -1.5
      vertex 15.425700360059455 4.909884858386889 -1.5
    endloop
  endfacet
  facet normal 0 0 -1
    outer loop
      vertex 15.591174247883261 -4.955552749687723 -1.5
      vertex 15.564640557253606 -4.949912839639067 -1.5
      vertex 15.425700360059455 4.909884858386889 -1.5
    endloop
  endfacet
  facet normal 0 0 -1
    outer loop
      vertex 136.54771427423202 5.650519758569475 -1.5
      vertex 136.5631871838028 5.6773196240869455 -1.5
      vertex 136.61985117567994 5.757180047023255 -1.5
    endloop
  endfacet
  facet normal 0 0 -1
    outer loop
      vertex 136.72362556928562 5.944945673504374 -1.5
      vertex 136.73866799963065 5.98126131285445 -1.5
      vertex 136.7476855922485 5.996880241430525 -1.5
    endloop
  endfacet
  facet normal 0 0 -1
    outer loop
      vertex 16.256054597918336 -5.335834148893246 -1.5
      vertex 16.192785902996288 -5.279293786319461 -1.5
      vertex 16.192785902996288 5.279293786319461 -1.5
    endloop
  endfacet
  facet normal 0 0 -1
    outer loop
      vertex 16.017819952976744 -5.155148824320067 -1.5
      vertex 15.974120233711588 -5.13099684319089 -1.5
      vertex 15.956540026348772 5.1182240748906525 -1.5
    endloop
  endfacet
  facet normal 0 0 -1
    outer loop
      vertex 15.974120233711588 -5.13099684319089 -1.5
      vertex 15.956540026348772 -5.1182240748906525 -1.5
      vertex 15.956540026348772 5.1182240748906525 -1.5
    endloop
  endfacet
  facet normal 0 0 -1
    outer loop
      vertex 15.928094418789339 -5.105559274434163 -1.5
      vertex 15.830054326495627 -5.051374430714391 -1.5
      vertex 15.830054326495627 5.051374430714391 -1.5
    endloop
  endfacet
  facet normal 0 0 -1
    outer loop
      vertex 15.956540026348772 -5.1182240748906525 -1.5
      vertex 15.928094418789339 -5.105559274434163 -1.5
      vertex 15.830054326495627 5.051374430714391 -1.5
    endloop
  endfacet
  facet normal 0 0 -1
    outer loop
      vertex 16.192785902996288 -5.279293786319461 -1.5
      vertex 16.017819952976744 -5.155148824320067 -1.5
      vertex 16.017819952976744 5.155148824320067 -1.5
    endloop
  endfacet
  facet normal 0 0 -1
    outer loop
      vertex 16.298621740386643 -5.373874473130269 -1.5
      vertex 16.280100415674546 -5.353304458113798 -1.5
      vertex 16.280100415674546 5.353304458113798 -1.5
    endloop
  endfacet
  facet normal 0 0 -1
    outer loop
      vertex 16.35275187821515 -5.422248121784848 -1.5
      vertex 16.298621740386643 -5.373874473130269 -1.5
      vertex 16.280100415674546 5.353304458113798 -1.5
    endloop
  endfacet
  facet normal 0 0 -1
    outer loop
      vertex 16.280100415674546 -5.353304458113798 -1.5
      vertex 16.256054597918336 -5.335834148893246 -1.5
      vertex 16.192785902996288 5.279293786319461 -1.5
    endloop
  endfacet
  facet normal 0 0 -1
    outer loop
      vertex 15.830054326495627 -5.051374430714391 -1.5
      vertex 15.631850285250087 -4.969275628713333 -1.5
      vertex 15.591174247883261 4.955552749687723 -1.5
    endloop
  endfacet
  facet normal 0 0 -1
    outer loop
      vertex 15.21419700584397 -4.873948993131241 -1.5
      vertex 15.204767394436873 -4.8734194375134265 -1.5
      vertex 15.199971318016477 4.872400000000001 -1.5
    endloop
  endfacet
  facet normal 0 0 -1
    outer loop
      vertex 15.204767394436873 -4.8734194375134265 -1.5
      vertex 15.199971318016477 -4.872400000000001 -1.5
      vertex 15.199971318016477 4.872400000000001 -1.5
    endloop
  endfacet
  facet normal 0 0 -1
    outer loop
      vertex 15.199971318016477 -4.872400000000001 -1.5
      vertex 15.186614627698022 -4.872400000000001 -1.5
      vertex 15 4.861919947302454 -1.5
    endloop
  endfacet
  facet normal 0 0 -1
    outer loop
      vertex 15.186614627698022 -4.872400000000001 -1.5
      vertex 15 -4.861919947302454 -1.5
      vertex 15 4.861919947302454 -1.5
    endloop
  endfacet
  facet normal 0 0 -1
    outer loop
      vertex 15 -4.861919947302454 -1.5
      vertex 14.813385372301978 -4.872400000000001 -1.5
      vertex 14.813385372301978 4.872400000000001 -1.5
    endloop
  endfacet
  facet normal 0 0 -1
    outer loop
      vertex 14.813385372301978 -4.872400000000001 -1.5
      vertex 14.800028681983523 -4.872400000000001 -1.5
      vertex 14.800028681983523 4.872400000000001 -1.5
    endloop
  endfacet
  facet normal 0 0 -1
    outer loop
      vertex 14.800028681983523 -4.872400000000001 -1.5
      vertex 14.795232605563127 -4.8734194375134265 -1.5
      vertex 14.795232605563127 4.8734194375134265 -1.5
    endloop
  endfacet
  facet normal 0 0 -1
    outer loop
      vertex 14.795232605563127 -4.8734194375134265 -1.5
      vertex 14.78580299415603 -4.873948993131241 -1.5
      vertex 14.78580299415603 4.873948993131241 -1.5
    endloop
  endfacet
  facet normal 0 0 -1
    outer loop
      vertex 14.78580299415603 -4.873948993131241 -1.5
      vertex 14.574299639940548 -4.909884858386889 -1.5
      vertex 14.574299639940545 4.909884858386889 -1.5
    endloop
  endfacet
  facet normal 0 0 -1
    outer loop
      vertex 14.574299639940548 -4.909884858386889 -1.5
      vertex 14.435359442746394 -4.949912839639067 -1.5
      vertex 14.435359442746394 4.949912839639067 -1.5
    endloop
  endfacet
  facet normal 0 0 -1
    outer loop
      vertex 14.435359442746394 -4.949912839639067 -1.5
      vertex 14.408825752116739 -4.955552749687723 -1.5
      vertex 14.408825752116739 4.955552749687723 -1.5
    endloop
  endfacet
  facet normal 0 0 -1
    outer loop
      vertex 14.408825752116739 -4.955552749687723 -1.5
      vertex 14.396070275763794 -4.961231853654829 -1.5
      vertex 14.396070275763794 4.961231853654829 -1.5
    endloop
  endfacet
  facet normal 0 0 1
    outer loop
      vertex 150 1.5499999970197678 0
      vertex 136.39580839674912 3.8765739986350827 0
      vertex 136.0625110977541 3.7385177370890177 0
    endloop
  endfacet
  facet normal 0 0 1
    outer loop
      vertex 150 1.5499999970197678 0
      vertex 136.71155259528817 4.05107964885425 0
      vertex 136.39580839674912 3.8765739986350827 0
    endloop
  endfacet
  facet normal 0 0 1
    outer loop
      vertex 150 1.5499999970197678 0
      vertex 137.0057730268755 4.259840177944473 0
      vertex 136.71155259528817 4.05107964885425 0
    endloop
  endfacet
  facet normal 0 0 1
    outer loop
      vertex 150 1.5499999970197678 0
      vertex 137.27476969887323 4.500230301126768 0
      vertex 137.0057730268755 4.259840177944473 0
    endloop
  endfacet
  facet normal 0 0 1
    outer loop
      vertex 150 1.5499999970197678 0
      vertex 137.51515982205552 4.769226973124516 0
      vertex 137.27476969887323 4.500230301126768 0
    endloop
  endfacet
  facet normal 0 0 1
    outer loop
      vertex 150 1.5499999970197678 0
      vertex 137.72392035114575 5.063447404711839 0
      vertex 137.51515982205552 4.769226973124516 0
    endloop
  endfacet
  facet normal 0 0 1
    outer loop
      vertex 150 1.5499999970197678 0
      vertex 137.89842600136492 5.37919160325086 0
      vertex 137.72392035114575 5.063447404711839 0
    endloop
  endfacet
  facet normal 0 0 1
    outer loop
      vertex 150 1.5499999970197678 0
      vertex 138.036482262911 5.712488902245898 0
      vertex 137.89842600136492 5.37919160325086 0
    endloop
  endfacet
  facet normal 0 0 1
    outer loop
      vertex 150 1.5499999970197678 0
      vertex 138.1363529981929 6.059147894778492 0
      vertex 138.036482262911 5.712488902245898 0
    endloop
  endfacet
  facet normal 0 0 1
    outer loop
      vertex 150 1.5499999970197678 0
      vertex 138.1967822747681 6.4148091428813085 0
      vertex 138.1363529981929 6.059147894778492 0
    endloop
  endfacet
  facet normal 0 0 1
    outer loop
      vertex 150 1.5499999970197678 0
      vertex 138.2170101594219 6.775 0
      vertex 138.1967822747681 6.4148091428813085 0
    endloop
  endfacet
  facet normal 1 0 0
    outer loop
      vertex 150 0.4750000014901161 8
      vertex 150 0.5499999970197678 0
      vertex 150 1.5499999970197678 0
    endloop
  endfacet
  facet normal 0 0 -1
    outer loop
      vertex 76.80572437128667 6.143149714749914 -1.5
      vertex 133.24304275107443 6.025415466547818 -1.5
      vertex 133.2523144077515 5.996880241430525 -1.5
    endloop
  endfacet
  facet normal 0 0 -1
    outer loop
      vertex 76.80572437128667 6.143149714749914 -1.5
      vertex 133.19427562871334 6.143149714749914 -1.5
      vertex 133.24304275107443 6.025415466547818 -1.5
    endloop
  endfacet
  facet normal 0 0 -1
    outer loop
      vertex 76.87127466355781 6.377248291573926 -1.5
      vertex 133.1348848583869 6.349299639940547 -1.5
      vertex 133.19427562871334 6.143149714749914 -1.5
    endloop
  endfacet
  facet normal 0 0 -1
    outer loop
      vertex 76.87127466355781 6.377248291573926 -1.5
      vertex 133.1287253364422 6.377248291573926 -1.5
      vertex 133.13168260452093 6.368146756292948 -1.5
    endloop
  endfacet
  facet normal 0 0 -1
    outer loop
      vertex 76.87127466355781 6.377248291573926 -1.5
      vertex 133.13168260452093 6.368146756292948 -1.5
      vertex 133.1348848583869 6.349299639940547 -1.5
    endloop
  endfacet
  facet normal 0 0 -1
    outer loop
      vertex 76.90105100686876 6.56080299415603 -1.5
      vertex 133.12643705104952 6.39901987277495 -1.5
      vertex 133.1287253364422 6.377248291573926 -1.5
    endloop
  endfacet
  facet normal 0 0 -1
    outer loop
      vertex 76.90105100686876 6.56080299415603 -1.5
      vertex 133.09894899313124 6.560802994156031 -1.5
      vertex 133.12643705104952 6.39901987277495 -1.5
    endloop
  endfacet
  facet normal 0 0 -1
    outer loop
      vertex 76.90105100686876 6.56080299415603 -1.5
      vertex 133.08691994730245 6.775 -1.5
      vertex 133.09894899313124 6.560802994156031 -1.5
    endloop
  endfacet
  facet normal 0 0 -1
    outer loop
      vertex 133.09894899313124 6.98919700584397 -1.5
      vertex 133.08691994730245 6.775 -1.5
      vertex 76.90105100686876 6.9891970058439705 -1.5
    endloop
  endfacet
  facet normal 0 0 -1
    outer loop
      vertex 133.12643705104952 7.150980127225051 -1.5
      vertex 133.09894899313124 6.98919700584397 -1.5
      vertex 76.90105100686876 6.9891970058439705 -1.5
    endloop
  endfacet
  facet normal 0 0 -1
    outer loop
      vertex 133.1287253364422 7.172751708426075 -1.5
      vertex 133.12643705104952 7.150980127225051 -1.5
      vertex 76.90105100686876 6.9891970058439705 -1.5
    endloop
  endfacet
  facet normal 0 0 -1
    outer loop
      vertex 133.13168260452093 7.181853243707053 -1.5
      vertex 133.1287253364422 7.172751708426075 -1.5
      vertex 76.87127466355781 7.172751708426075 -1.5
    endloop
  endfacet
  facet normal 0 0 -1
    outer loop
      vertex 133.1348848583869 7.200700360059454 -1.5
      vertex 133.13168260452093 7.181853243707053 -1.5
      vertex 76.87127466355781 7.172751708426075 -1.5
    endloop
  endfacet
  facet normal 0 0 -1
    outer loop
      vertex 133.19427562871334 7.406850285250087 -1.5
      vertex 133.1348848583869 7.200700360059454 -1.5
      vertex 76.87127466355781 7.172751708426075 -1.5
    endloop
  endfacet
  facet normal 0 0 -1
    outer loop
      vertex 133.24304275107443 7.524584533452183 -1.5
      vertex 133.19427562871334 7.406850285250087 -1.5
      vertex 76.80572437128667 7.406850285250087 -1.5
    endloop
  endfacet
  facet normal 0 0 -1
    outer loop
      vertex 133.2523144077515 7.553119758569475 -1.5
      vertex 133.24304275107443 7.524584533452183 -1.5
      vertex 76.80572437128667 7.406850285250087 -1.5
    endloop
  endfacet
  facet normal 0 0 -1
    outer loop
      vertex 133.26133200036935 7.568738687145551 -1.5
      vertex 133.2523144077515 7.553119758569475 -1.5
      vertex 76.74768559224852 7.553119758569475 -1.5
    endloop
  endfacet
  facet normal 0 0 -1
    outer loop
      vertex 133.27637443071438 7.605054326495627 -1.5
      vertex 133.26133200036935 7.568738687145551 -1.5
      vertex 76.74768559224852 7.553119758569475 -1.5
    endloop
  endfacet
  facet normal 0 0 -1
    outer loop
      vertex 133.38014882432006 7.792819952976745 -1.5
      vertex 133.27637443071438 7.605054326495627 -1.5
      vertex 76.74768559224852 7.553119758569475 -1.5
    endloop
  endfacet
  facet normal 0 0 -1
    outer loop
      vertex 133.4368128161972 7.872680375913056 -1.5
      vertex 133.38014882432006 7.792819952976745 -1.5
      vertex 76.54771427423204 7.899480241430526 -1.5
    endloop
  endfacet
  facet normal 0 0 -1
    outer loop
      vertex 133.45228572576798 7.899480241430526 -1.5
      vertex 133.4368128161972 7.872680375913056 -1.5
      vertex 76.54771427423204 7.899480241430526 -1.5
    endloop
  endfacet
  facet normal 0 0 -1
    outer loop
      vertex 133.468997848969 7.9180409346069505 -1.5
      vertex 133.45228572576798 7.899480241430526 -1.5
      vertex 76.54771427423204 7.899480241430526 -1.5
    endloop
  endfacet
  facet normal 0 0 -1
    outer loop
      vertex 133.50429378631947 7.967785902996289 -1.5
      vertex 133.468997848969 7.9180409346069505 -1.5
      vertex 76.54771427423204 7.899480241430526 -1.5
    endloop
  endfacet
  facet normal 0 0 -1
    outer loop
      vertex 133.64724812178486 8.127751878215154 -1.5
      vertex 133.50429378631947 7.967785902996289 -1.5
      vertex 76.54771427423204 7.899480241430526 -1.5
    endloop
  endfacet
  facet normal 0 0 -1
    outer loop
      vertex 133.70137825961336 8.176125526869733 -1.5
      vertex 133.64724812178486 8.127751878215154 -1.5
      vertex 76.35275187821516 8.127751878215154 -1.5
    endloop
  endfacet
  facet normal 0 0 -1
    outer loop
      vertex 133.71989958432545 8.196695541886204 -1.5
      vertex 133.70137825961336 8.176125526869733 -1.5
      vertex 76.35275187821516 8.127751878215154 -1.5
    endloop
  endfacet
  facet normal 0 0 -1
    outer loop
      vertex 133.74394540208166 8.214165851106754 -1.5
      vertex 133.71989958432545 8.196695541886204 -1.5
      vertex 76.19278590299629 8.27070621368054 -1.5
    endloop
  endfacet
  facet normal 0 0 -1
    outer loop
      vertex 133.8072140970037 8.270706213680539 -1.5
      vertex 133.74394540208166 8.214165851106754 -1.5
      vertex 76.19278590299629 8.27070621368054 -1.5
    endloop
  endfacet
  facet normal 0 0 -1
    outer loop
      vertex 133.98218004702326 8.394851175679934 -1.5
      vertex 133.8072140970037 8.270706213680539 -1.5
      vertex 76.01781995297675 8.394851175679934 -1.5
    endloop
  endfacet
  facet normal 0 0 -1
    outer loop
      vertex 134.02587976628843 8.419003156809111 -1.5
      vertex 133.98218004702326 8.394851175679934 -1.5
      vertex 76.01781995297675 8.394851175679934 -1.5
    endloop
  endfacet
  facet normal 0 0 -1
    outer loop
      vertex 134.04345997365124 8.431775925109347 -1.5
      vertex 134.02587976628843 8.419003156809111 -1.5
      vertex 76.01781995297675 8.394851175679934 -1.5
    endloop
  endfacet
  facet normal 0 0 -1
    outer loop
      vertex 134.07190558121067 8.444440725565837 -1.5
      vertex 134.04345997365124 8.431775925109347 -1.5
      vertex 75.95654002634878 8.431775925109347 -1.5
    endloop
  endfacet
  facet normal 0 0 -1
    outer loop
      vertex 134.16994567350437 8.49862556928561 -1.5
      vertex 134.07190558121067 8.444440725565837 -1.5
      vertex 75.95654002634878 8.431775925109347 -1.5
    endloop
  endfacet
  facet normal 0 0 -1
    outer loop
      vertex 134.3681497147499 8.580724371286667 -1.5
      vertex 134.16994567350437 8.49862556928561 -1.5
      vertex 75.83005432649563 8.49862556928561 -1.5
    endloop
  endfacet
  facet normal 0 0 -1
    outer loop
      vertex 134.3960702757638 8.588768146345172 -1.5
      vertex 134.3681497147499 8.580724371286667 -1.5
      vertex 75.59117424788326 8.594447250312278 -1.5
    endloop
  endfacet
  facet normal 0 0 -1
    outer loop
      vertex 134.40882575211674 8.594447250312278 -1.5
      vertex 134.3960702757638 8.588768146345172 -1.5
      vertex 75.59117424788326 8.594447250312278 -1.5
    endloop
  endfacet
  facet normal 0 0 -1
    outer loop
      vertex 134.4353594427464 8.600087160360934 -1.5
      vertex 134.40882575211674 8.594447250312278 -1.5
      vertex 75.42570036005945 8.640115141613112 -1.5
    endloop
  endfacet
  facet normal 0 0 -1
    outer loop
      vertex 134.57429963994053 8.640115141613112 -1.5
      vertex 134.4353594427464 8.600087160360934 -1.5
      vertex 75.42570036005945 8.640115141613112 -1.5
    endloop
  endfacet
  facet normal 0 0 -1
    outer loop
      vertex 134.78580299415603 8.67605100686876 -1.5
      vertex 134.57429963994053 8.640115141613112 -1.5
      vertex 75.21419700584397 8.67605100686876 -1.5
    endloop
  endfacet
  facet normal 0 0 -1
    outer loop
      vertex 134.80002868198352 8.6776 -1.5
      vertex 134.78580299415603 8.67605100686876 -1.5
      vertex 75.19997131801648 8.6776 -1.5
    endloop
  endfacet
  facet normal 0 0 1
    outer loop
      vertex 75.71585210522151 3.6386470018071053 0
      vertex 131.8032177252319 7.13519085711869 0
      vertex 131.8636470018071 7.49085210522151 0
    endloop
  endfacet
  facet normal 0 0 1
    outer loop
      vertex 75.71585210522151 3.6386470018071053 0
      vertex 131.8636470018071 7.49085210522151 0
      vertex 131.963517737089 7.837511097754103 0
    endloop
  endfacet
  facet normal 0 0 1
    outer loop
      vertex 75.71585210522151 3.6386470018071053 0
      vertex 131.963517737089 7.837511097754103 0
      vertex 132.10157399863508 8.170808396749141 0
    endloop
  endfacet
  facet normal 0 0 1
    outer loop
      vertex 75.71585210522151 3.6386470018071053 0
      vertex 132.10157399863508 8.170808396749141 0
      vertex 132.27607964885425 8.48655259528816 0
    endloop
  endfacet
  facet normal 0 0 1
    outer loop
      vertex 75.71585210522151 3.6386470018071053 0
      vertex 132.27607964885425 8.48655259528816 0
      vertex 132.48484017794448 8.780773026875485 0
    endloop
  endfacet
  facet normal 0 0 1
    outer loop
      vertex 75.71585210522151 3.6386470018071053 0
      vertex 132.48484017794448 8.780773026875485 0
      vertex 132.72523030112677 9.049769698873233 0
    endloop
  endfacet
  facet normal 0 0 1
    outer loop
      vertex 75.71585210522151 3.6386470018071053 0
      vertex 132.72523030112677 9.049769698873233 0
      vertex 132.9942269731245 9.290159822055525 0
    endloop
  endfacet
  facet normal 0 0 1
    outer loop
      vertex 75.71585210522151 3.6386470018071053 0
      vertex 132.9942269731245 9.290159822055525 0
      vertex 133.28844740471183 9.498920351145753 0
    endloop
  endfacet
  facet normal 0 0 1
    outer loop
      vertex 75.71585210522151 3.6386470018071053 0
      vertex 133.28844740471183 9.498920351145753 0
      vertex 133.60419160325088 9.673426001364918 0
    endloop
  endfacet
  facet normal 0 0 1
    outer loop
      vertex 75.71585210522151 3.6386470018071053 0
      vertex 133.60419160325088 9.673426001364918 0
      vertex 133.9374889022459 9.811482262910983 0
    endloop
  endfacet
  facet normal 0 0 1
    outer loop
      vertex 75.71585210522151 3.6386470018071053 0
      vertex 133.9374889022459 9.811482262910983 0
      vertex 134.2841478947785 9.911352998192896 0
    endloop
  endfacet
  facet normal 0 0 1
    outer loop
      vertex 134.6398091428813 9.971782274768136 0
      vertex 75.71585210522151 3.6386470018071053 0
      vertex 134.2841478947785 9.911352998192896 0
    endloop
  endfacet
  facet normal 0 0 1
    outer loop
      vertex 134.6398091428813 9.971782274768136 0
      vertex 150 12 0
      vertex 75.71585210522151 3.6386470018071053 0
    endloop
  endfacet
  facet normal 0 0 -1
    outer loop
      vertex 150 12 -1.5
      vertex 134.80002868198352 8.6776 -1.5
      vertex 75.19997131801648 8.6776 -1.5
    endloop
  endfacet
  facet normal 0 0 -1
    outer loop
      vertex 14.396070275763794 -4.961231853654829 -1.5
      vertex 14.368149714749913 -4.969275628713333 -1.5
      vertex 14.368149714749913 4.969275628713333 -1.5
    endloop
  endfacet
  facet normal 0 0 -1
    outer loop
      vertex 14.368149714749913 -4.969275628713333 -1.5
      vertex 14.169945673504373 -5.051374430714391 -1.5
      vertex 14.169945673504373 5.051374430714391 -1.5
    endloop
  endfacet
  facet normal 0 0 -1
    outer loop
      vertex 14.169945673504373 -5.051374430714391 -1.5
      vertex 14.071905581210661 -5.105559274434163 -1.5
      vertex 14.071905581210661 5.105559274434163 -1.5
    endloop
  endfacet
  facet normal 0 0 -1
    outer loop
      vertex 14.071905581210661 -5.105559274434163 -1.5
      vertex 14.043459973651228 -5.1182240748906525 -1.5
      vertex 14.043459973651228 5.1182240748906525 -1.5
    endloop
  endfacet
  facet normal 0 0 -1
    outer loop
      vertex 14.043459973651228 -5.1182240748906525 -1.5
      vertex 14.025879766288412 -5.13099684319089 -1.5
      vertex 14.025879766288412 5.13099684319089 -1.5
    endloop
  endfacet
  facet normal 0 0 -1
    outer loop
      vertex 14.025879766288412 -5.13099684319089 -1.5
      vertex 13.982180047023256 -5.155148824320067 -1.5
      vertex 13.982180047023256 5.155148824320067 -1.5
    endloop
  endfacet
  facet normal 0 0 -1
    outer loop
      vertex 13.982180047023256 -5.155148824320067 -1.5
      vertex 13.807214097003712 -5.279293786319461 -1.5
      vertex 13.807214097003712 5.279293786319461 -1.5
    endloop
  endfacet
  facet normal 0 0 -1
    outer loop
      vertex 13.807214097003712 -5.279293786319461 -1.5
      vertex 13.743945402081662 -5.335834148893246 -1.5
      vertex 13.807214097003712 5.279293786319461 -1.5
    endloop
  endfacet
  facet normal 0 0 -1
    outer loop
      vertex 13.743945402081662 -5.335834148893246 -1.5
      vertex 13.719899584325454 -5.353304458113798 -1.5
      vertex 13.743945402081662 5.335834148893246 -1.5
    endloop
  endfacet
  facet normal 0 0 -1
    outer loop
      vertex 13.719899584325454 -5.353304458113798 -1.5
      vertex 13.701378259613357 -5.373874473130269 -1.5
      vertex 13.719899584325454 5.353304458113798 -1.5
    endloop
  endfacet
  facet normal 0 0 -1
    outer loop
      vertex 13.701378259613357 -5.373874473130269 -1.5
      vertex 13.647248121784846 -5.422248121784848 -1.5
      vertex 13.701378259613357 5.373874473130269 -1.5
    endloop
  endfacet
  facet normal 0 0 -1
    outer loop
      vertex 13.647248121784846 -5.422248121784848 -1.5
      vertex 13.504293786319462 -5.582214097003711 -1.5
      vertex 13.647248121784846 5.422248121784848 -1.5
    endloop
  endfacet
  facet normal 0 0 -1
    outer loop
      vertex 13.504293786319462 -5.582214097003711 -1.5
      vertex 13.46899784896899 -5.63195906539305 -1.5
      vertex 13.504293786319462 5.582214097003711 -1.5
    endloop
  endfacet
  facet normal 0 0 -1
    outer loop
      vertex 13.46899784896899 -5.63195906539305 -1.5
      vertex 13.452285725767965 -5.650519758569475 -1.5
      vertex 13.46899784896899 5.63195906539305 -1.5
    endloop
  endfacet
  facet normal 0 0 -1
    outer loop
      vertex 13.452285725767965 -5.650519758569475 -1.5
      vertex 13.436812816197207 -5.677319624086945 -1.5
      vertex 13.452285725767965 5.650519758569475 -1.5
    endloop
  endfacet
  facet normal 0 0 -1
    outer loop
      vertex 13.436812816197207 -5.677319624086945 -1.5
      vertex 13.380148824320067 -5.7571800470232555 -1.5
      vertex 13.436812816197207 5.677319624086945 -1.5
    endloop
  endfacet
  facet normal 0 0 -1
    outer loop
      vertex 13.380148824320067 -5.7571800470232555 -1.5
      vertex 13.276374430714391 -5.944945673504374 -1.5
      vertex 13.380148824320067 5.7571800470232555 -1.5
    endloop
  endfacet
  facet normal 0 0 -1
    outer loop
      vertex 13.276374430714391 -5.944945673504374 -1.5
      vertex 13.26133200036934 -5.98126131285445 -1.5
      vertex 13.276374430714391 5.944945673504374 -1.5
    endloop
  endfacet
  facet normal 0 0 -1
    outer loop
      vertex 136.7476855922485 5.996880241430525 -1.5
      vertex 136.75695724892557 6.025415466547818 -1.5
      vertex 136.80572437128666 6.143149714749914 -1.5
    endloop
  endfacet
  facet normal 0 0 -1
    outer loop
      vertex 136.8651151416131 6.349299639940548 -1.5
      vertex 136.86831739547907 6.368146756292949 -1.5
      vertex 136.8712746635578 6.377248291573926 -1.5
    endloop
  endfacet
  facet normal 0 0 -1
    outer loop
      vertex 13.26133200036934 -5.98126131285445 -1.5
      vertex 13.25231440775149 -5.996880241430525 -1.5
      vertex 13.26133200036934 5.98126131285445 -1.5
    endloop
  endfacet
  facet normal 0 0 -1
    outer loop
      vertex 13.25231440775149 -5.996880241430525 -1.5
      vertex 13.24304275107444 -6.025415466547818 -1.5
      vertex 13.25231440775149 5.996880241430525 -1.5
    endloop
  endfacet
  facet normal 0 0 -1
    outer loop
      vertex 13.24304275107444 -6.025415466547818 -1.5
      vertex 13.194275628713333 -6.143149714749914 -1.5
      vertex 13.24304275107444 6.025415466547818 -1.5
    endloop
  endfacet
  facet normal 0 0 -1
    outer loop
      vertex 13.194275628713333 -6.143149714749914 -1.5
      vertex 13.134884858386888 -6.349299639940547 -1.5
      vertex 13.194275628713333 6.143149714749914 -1.5
    endloop
  endfacet
  facet normal 0 0 -1
    outer loop
      vertex 13.134884858386888 -6.349299639940547 -1.5
      vertex 13.13168260452094 -6.368146756292948 -1.5
      vertex 13.134884858386888 6.349299639940547 -1.5
    endloop
  endfacet
  facet normal 0 0 -1
    outer loop
      vertex 13.13168260452094 -6.368146756292948 -1.5
      vertex 13.128725336442193 -6.377248291573926 -1.5
      vertex 13.128725336442193 6.377248291573926 -1.5
    endloop
  endfacet
  facet normal 0 0 1
    outer loop
      vertex 0 -1.5499999970197678 0
      vertex 13.60419160325086 -3.8765739986350827 0
      vertex 13.937488902245898 -3.7385177370890177 0
    endloop
  endfacet
  facet normal 0 0 1
    outer loop
      vertex 0 -1.5499999970197678 0
      vertex 13.28844740471184 -4.051079648854248 0
      vertex 13.60419160325086 -3.8765739986350827 0
    endloop
  endfacet
  facet normal 0 0 1
    outer loop
      vertex 0 -1.5499999970197678 0
      vertex 12.994226973124515 -4.259840177944475 0
      vertex 13.28844740471184 -4.051079648854248 0
    endloop
  endfacet
  facet normal 0 0 -1
    outer loop
      vertex 136.8712746635578 7.172751708426075 -1.5
      vertex 136.86831739547907 7.181853243707052 -1.5
      vertex 136.8651151416131 7.200700360059453 -1.5
    endloop
  endfacet
  facet normal 0 0 1
    outer loop
      vertex 0 -1.5499999970197678 0
      vertex 12.725230301126766 -4.500230301126768 0
      vertex 12.994226973124515 -4.259840177944475 0
    endloop
  endfacet
  facet normal 0 0 -1
    outer loop
      vertex 136.80572437128666 7.406850285250087 -1.5
      vertex 136.75695724892557 7.524584533452183 -1.5
      vertex 136.7476855922485 7.553119758569475 -1.5
    endloop
  endfacet
  facet normal 0 0 1
    outer loop
      vertex 0 -1.5499999970197678 0
      vertex 12.484840177944475 -4.769226973124516 0
      vertex 12.725230301126766 -4.500230301126768 0
    endloop
  endfacet
  facet normal 0 0 1
    outer loop
      vertex 0 -1.5499999970197678 0
      vertex 12.276079648854248 -5.06344740471184 0
      vertex 12.484840177944475 -4.769226973124516 0
    endloop
  endfacet
  facet normal 0 0 1
    outer loop
      vertex 0 -1.5499999970197678 0
      vertex 12.101573998635082 -5.37919160325086 0
      vertex 12.276079648854248 -5.06344740471184 0
    endloop
  endfacet
  facet normal 0 0 1
    outer loop
      vertex 0 -1.5499999970197678 0
      vertex 11.963517737089019 -5.712488902245898 0
      vertex 12.101573998635082 -5.37919160325086 0
    endloop
  endfacet
  facet normal 0 0 1
    outer loop
      vertex 0 -1.5499999970197678 0
      vertex 11.863647001807104 -6.059147894778491 0
      vertex 11.963517737089019 -5.712488902245898 0
    endloop
  endfacet
  facet normal 0 0 1
    outer loop
      vertex 0 -1.5499999970197678 0
      vertex 11.803217725231864 -6.41480914288131 0
      vertex 11.863647001807104 -6.059147894778491 0
    endloop
  endfacet
  facet normal 0 0 1
    outer loop
      vertex 0 -1.5499999970197678 0
      vertex 11.782989840578113 -6.775 0
      vertex 11.803217725231864 -6.41480914288131 0
    endloop
  endfacet
  facet normal 0 0 1
    outer loop
      vertex 0 -1.5499999970197678 0
      vertex 11.803217725231864 -7.13519085711869 0
      vertex 11.782989840578113 -6.775 0
    endloop
  endfacet
  facet normal 0 0 1
    outer loop
      vertex 0 -1.5499999970197678 0
      vertex 11.863647001807104 -7.49085210522151 0
      vertex 11.803217725231864 -7.13519085711869 0
    endloop
  endfacet
  facet normal -1 0 0
    outer loop
      vertex 0 0.5499999970197678 0
      vertex 0 1.5499999970197678 0
      vertex 0 -12 -1.5
    endloop
  endfacet
  facet normal -1 0 0
    outer loop
      vertex 0 -0.5499999970197678 0
      vertex 0 0.5499999970197678 0
      vertex 0 -12 -1.5
    endloop
  endfacet
  facet normal 0 0 -1
    outer loop
      vertex 13.128725336442193 -6.377248291573926 -1.5
      vertex 0 -12 -1.5
      vertex 13.128725336442193 6.377248291573926 -1.5
    endloop
  endfacet
  facet normal -1 0 0
    outer loop
      vertex 0 -12 -1.5
      vertex 0 -1.5499999970197678 0
      vertex 0 -0.5499999970197678 0
    endloop
  endfacet
  facet normal 0 0 1
    outer loop
      vertex 18.136352998192894 -6.059147894778492 0
      vertex 18.196782274768136 -6.4148091428813085 0
      vertex 71.8636470018071 -6.059147894778491 0
    endloop
  endfacet
  facet normal 0 0 1
    outer loop
      vertex 18.196782274768136 -6.4148091428813085 0
      vertex 18.217010159421886 -6.775 0
      vertex 71.80321772523186 -6.41480914288131 0
    endloop
  endfacet
  facet normal 0 0 1
    outer loop
      vertex 71.78298984057811 -6.775 0
      vertex 18.217010159421886 -6.775 0
      vertex 18.196782274768136 -7.135190857118692 0
    endloop
  endfacet
  facet normal 0 0 1
    outer loop
      vertex 71.78298984057811 -6.775 0
      vertex 18.196782274768136 -7.135190857118692 0
      vertex 18.136352998192894 -7.490852105221509 0
    endloop
  endfacet
  facet normal 0 0 1
    outer loop
      vertex 71.78298984057811 -6.775 0
      vertex 18.136352998192894 -7.490852105221509 0
      vertex 18.036482262910983 -7.837511097754103 0
    endloop
  endfacet
  facet normal 0 0 1
    outer loop
      vertex 71.78298984057811 -6.775 0
      vertex 18.036482262910983 -7.837511097754103 0
      vertex 17.898426001364918 -8.170808396749141 0
    endloop
  endfacet
  facet normal 0 0 1
    outer loop
      vertex 71.78298984057811 -6.775 0
      vertex 17.898426001364918 -8.170808396749141 0
      vertex 17.72392035114575 -8.486552595288162 0
    endloop
  endfacet
  facet normal 0 0 1
    outer loop
      vertex 71.78298984057811 -6.775 0
      vertex 17.72392035114575 -8.486552595288162 0
      vertex 17.515159822055526 -8.780773026875485 0
    endloop
  endfacet
  facet normal 0 0 1
    outer loop
      vertex 71.78298984057811 -6.775 0
      vertex 17.515159822055526 -8.780773026875485 0
      vertex 17.274769698873232 -9.049769698873233 0
    endloop
  endfacet
  facet normal 0 0 1
    outer loop
      vertex 71.78298984057811 -6.775 0
      vertex 17.274769698873232 -9.049769698873233 0
      vertex 17.005773026875485 -9.290159822055527 0
    endloop
  endfacet
  facet normal 0 0 1
    outer loop
      vertex 71.78298984057811 -6.775 0
      vertex 17.005773026875485 -9.290159822055527 0
      vertex 16.71155259528816 -9.49892035114575 0
    endloop
  endfacet
  facet normal 0 0 1
    outer loop
      vertex 71.78298984057811 -6.775 0
      vertex 16.71155259528816 -9.49892035114575 0
      vertex 16.39580839674914 -9.673426001364918 0
    endloop
  endfacet
  facet normal 0 0 1
    outer loop
      vertex 71.78298984057811 -6.775 0
      vertex 16.39580839674914 -9.673426001364918 0
      vertex 16.062511097754104 -9.811482262910983 0
    endloop
  endfacet
  facet normal 0 0 1
    outer loop
      vertex 71.78298984057811 -6.775 0
      vertex 16.062511097754104 -9.811482262910983 0
      vertex 15.715852105221511 -9.911352998192896 0
    endloop
  endfacet
  facet normal 0 0 1
    outer loop
      vertex 71.78298984057811 -6.775 0
      vertex 15.715852105221511 -9.911352998192896 0
      vertex 15.36019085711869 -9.971782274768136 0
    endloop
  endfacet
  facet normal 0 0 -1
    outer loop
      vertex 73.19427562871333 -6.143149714749914 -1.5
      vertex 16.75695724892556 -6.025415466547818 -1.5
      vertex 16.747685592248512 -5.996880241430525 -1.5
    endloop
  endfacet
  facet normal 0 0 -1
    outer loop
      vertex 73.19427562871333 -6.143149714749914 -1.5
      vertex 16.80572437128667 -6.143149714749914 -1.5
      vertex 16.75695724892556 -6.025415466547818 -1.5
    endloop
  endfacet
  facet normal 0 0 -1
    outer loop
      vertex 73.12872533644219 -6.377248291573926 -1.5
      vertex 16.865115141613114 -6.349299639940548 -1.5
      vertex 16.80572437128667 -6.143149714749914 -1.5
    endloop
  endfacet
  facet normal 0 0 -1
    outer loop
      vertex 73.12872533644219 -6.377248291573926 -1.5
      vertex 16.86831739547906 -6.368146756292949 -1.5
      vertex 16.865115141613114 -6.349299639940548 -1.5
    endloop
  endfacet
  facet normal 0 0 -1
    outer loop
      vertex 73.12872533644219 -6.377248291573926 -1.5
      vertex 16.87127466355781 -6.377248291573926 -1.5
      vertex 16.86831739547906 -6.368146756292949 -1.5
    endloop
  endfacet
  facet normal 0 0 -1
    outer loop
      vertex 73.12872533644219 -6.377248291573926 -1.5
      vertex 16.873562948950465 -6.399019872774949 -1.5
      vertex 16.87127466355781 -6.377248291573926 -1.5
    endloop
  endfacet
  facet normal 0 0 -1
    outer loop
      vertex 135.95654002634876 8.431775925109347 -1.5
      vertex 135.92809441878933 8.444440725565837 -1.5
      vertex 135.83005432649563 8.49862556928561 -1.5
    endloop
  endfacet
  facet normal 0 0 -1
    outer loop
      vertex 135.6318502852501 8.580724371286667 -1.5
      vertex 135.6039297242362 8.588768146345172 -1.5
      vertex 135.59117424788326 8.594447250312278 -1.5
    endloop
  endfacet
  facet normal 0 0 -1
    outer loop
      vertex 73.12872533644219 -6.377248291573926 -1.5
      vertex 16.90105100686876 -6.56080299415603 -1.5
      vertex 16.873562948950465 -6.399019872774949 -1.5
    endloop
  endfacet
  facet normal 0 0 -1
    outer loop
      vertex 73.08691994730245 -6.775 -1.5
      vertex 16.913080052697545 -6.775 -1.5
      vertex 16.90105100686876 -6.56080299415603 -1.5
    endloop
  endfacet
  facet normal 0 0 -1
    outer loop
      vertex 134.80002868198352 8.6776 -1.5
      vertex 134.79523260556311 8.676580562486574 -1.5
      vertex 134.78580299415603 8.67605100686876 -1.5
    endloop
  endfacet
  facet normal 0 0 -1
    outer loop
      vertex 16.90105100686876 -6.9891970058439705 -1.5
      vertex 16.913080052697545 -6.775 -1.5
      vertex 73.08691994730245 -6.775 -1.5
    endloop
  endfacet
  facet normal 0 0 -1
    outer loop
      vertex 16.873562948950465 -7.1509801272250515 -1.5
      vertex 16.90105100686876 -6.9891970058439705 -1.5
      vertex 73.12872533644219 -7.172751708426075 -1.5
    endloop
  endfacet
  facet normal 0 0 -1
    outer loop
      vertex 16.87127466355781 -7.172751708426075 -1.5
      vertex 16.873562948950465 -7.1509801272250515 -1.5
      vertex 73.12872533644219 -7.172751708426075 -1.5
    endloop
  endfacet
  facet normal 0 0 -1
    outer loop
      vertex 16.865115141613114 -7.200700360059453 -1.5
      vertex 16.86831739547906 -7.181853243707052 -1.5
      vertex 73.12872533644219 -7.172751708426075 -1.5
    endloop
  endfacet
  facet normal 0 0 -1
    outer loop
      vertex 135.21419700584397 8.67605100686876 -1.5
      vertex 135.20476739443689 8.676580562486574 -1.5
      vertex 135.19997131801648 8.6776 -1.5
    endloop
  endfacet
  facet normal 0 0 -1
    outer loop
      vertex 16.86831739547906 -7.181853243707052 -1.5
      vertex 16.87127466355781 -7.172751708426075 -1.5
      vertex 73.12872533644219 -7.172751708426075 -1.5
    endloop
  endfacet
  facet normal 0 0 -1
    outer loop
      vertex 16.80572437128667 -7.406850285250087 -1.5
      vertex 16.865115141613114 -7.200700360059453 -1.5
      vertex 73.12872533644219 -7.172751708426075 -1.5
    endloop
  endfacet
  facet normal 0 0 -1
    outer loop
      vertex 16.75695724892556 -7.524584533452183 -1.5
      vertex 16.80572437128667 -7.406850285250087 -1.5
      vertex 73.19427562871333 -7.406850285250087 -1.5
    endloop
  endfacet
  facet normal 0 0 -1
    outer loop
      vertex 16.747685592248512 -7.553119758569475 -1.5
      vertex 16.75695724892556 -7.524584533452183 -1.5
      vertex 73.19427562871333 -7.406850285250087 -1.5
    endloop
  endfacet
  facet normal 0 0 -1
    outer loop
      vertex 16.73866799963066 -7.568738687145551 -1.5
      vertex 16.747685592248512 -7.553119758569475 -1.5
      vertex 73.25231440775148 -7.553119758569475 -1.5
    endloop
  endfacet
  facet normal 0 0 -1
    outer loop
      vertex 16.72362556928561 -7.605054326495627 -1.5
      vertex 16.73866799963066 -7.568738687145551 -1.5
      vertex 73.25231440775148 -7.553119758569475 -1.5
    endloop
  endfacet
  facet normal 0 0 -1
    outer loop
      vertex 16.619851175679933 -7.792819952976746 -1.5
      vertex 16.72362556928561 -7.605054326495627 -1.5
      vertex 73.25231440775148 -7.553119758569475 -1.5
    endloop
  endfacet
  facet normal 0 0 -1
    outer loop
      vertex 16.563187183802793 -7.872680375913055 -1.5
      vertex 16.619851175679933 -7.792819952976746 -1.5
      vertex 73.38014882432006 -7.792819952976745 -1.5
    endloop
  endfacet
  facet normal 0 0 -1
    outer loop
      vertex 16.547714274232035 -7.899480241430526 -1.5
      vertex 16.563187183802793 -7.872680375913055 -1.5
      vertex 73.38014882432006 -7.792819952976745 -1.5
    endloop
  endfacet
  facet normal 0 0 -1
    outer loop
      vertex 16.53100215103101 -7.9180409346069505 -1.5
      vertex 16.547714274232035 -7.899480241430526 -1.5
      vertex 73.45228572576796 -7.899480241430526 -1.5
    endloop
  endfacet
  facet normal 0 0 -1
    outer loop
      vertex 16.49570621368054 -7.9677859029962885 -1.5
      vertex 16.53100215103101 -7.9180409346069505 -1.5
      vertex 73.45228572576796 -7.899480241430526 -1.5
    endloop
  endfacet
  facet normal 0 0 -1
    outer loop
      vertex 16.35275187821515 -8.127751878215154 -1.5
      vertex 16.49570621368054 -7.9677859029962885 -1.5
      vertex 73.45228572576796 -7.899480241430526 -1.5
    endloop
  endfacet
  facet normal 0 0 -1
    outer loop
      vertex 16.298621740386643 -8.176125526869733 -1.5
      vertex 16.35275187821515 -8.127751878215154 -1.5
      vertex 73.64724812178484 -8.127751878215154 -1.5
    endloop
  endfacet
  facet normal 0 0 -1
    outer loop
      vertex 16.280100415674546 -8.196695541886204 -1.5
      vertex 16.298621740386643 -8.176125526869733 -1.5
      vertex 73.64724812178484 -8.127751878215154 -1.5
    endloop
  endfacet
  facet normal 0 0 -1
    outer loop
      vertex 16.256054597918336 -8.214165851106754 -1.5
      vertex 16.280100415674546 -8.196695541886204 -1.5
      vertex 73.80721409700371 -8.270706213680539 -1.5
    endloop
  endfacet
  facet normal 0 0 -1
    outer loop
      vertex 136.7476855922485 7.553119758569475 -1.5
      vertex 136.73866799963065 7.568738687145551 -1.5
      vertex 136.72362556928562 7.605054326495627 -1.5
    endloop
  endfacet
  facet normal 0 0 -1
    outer loop
      vertex 136.61985117567994 7.792819952976746 -1.5
      vertex 136.5631871838028 7.872680375913055 -1.5
      vertex 136.54771427423202 7.899480241430526 -1.5
    endloop
  endfacet
  facet normal 0 0 -1
    outer loop
      vertex 16.192785902996288 -8.27070621368054 -1.5
      vertex 16.256054597918336 -8.214165851106754 -1.5
      vertex 73.80721409700371 -8.270706213680539 -1.5
    endloop
  endfacet
  facet normal 0 0 -1
    outer loop
      vertex 16.017819952976744 -8.394851175679934 -1.5
      vertex 16.192785902996288 -8.27070621368054 -1.5
      vertex 73.98218004702325 -8.394851175679934 -1.5
    endloop
  endfacet
  facet normal 0 0 -1
    outer loop
      vertex 136.54771427423202 7.899480241430526 -1.5
      vertex 136.531002151031 7.9180409346069505 -1.5
      vertex 136.49570621368053 7.9677859029962885 -1.5
    endloop
  endfacet
  facet normal 0 0 -1
    outer loop
      vertex 136.35275187821514 8.127751878215154 -1.5
      vertex 136.29862174038664 8.176125526869733 -1.5
      vertex 136.28010041567455 8.196695541886204 -1.5
    endloop
  endfacet
  facet normal 0 0 -1
    outer loop
      vertex 15.974120233711588 -8.41900315680911 -1.5
      vertex 16.017819952976744 -8.394851175679934 -1.5
      vertex 73.98218004702325 -8.394851175679934 -1.5
    endloop
  endfacet
  facet normal 0 0 -1
    outer loop
      vertex 15.928094418789339 -8.444440725565837 -1.5
      vertex 15.956540026348772 -8.431775925109347 -1.5
      vertex 74.04345997365122 -8.431775925109347 -1.5
    endloop
  endfacet
  facet normal 0 0 -1
    outer loop
      vertex 136.28010041567455 8.196695541886204 -1.5
      vertex 136.25605459791834 8.214165851106754 -1.5
      vertex 136.1927859029963 8.27070621368054 -1.5
    endloop
  endfacet
  facet normal 0 0 -1
    outer loop
      vertex 15.956540026348772 -8.431775925109347 -1.5
      vertex 15.974120233711588 -8.41900315680911 -1.5
      vertex 73.98218004702325 -8.394851175679934 -1.5
    endloop
  endfacet
  facet normal 0 0 -1
    outer loop
      vertex 15.830054326495627 -8.49862556928561 -1.5
      vertex 15.928094418789339 -8.444440725565837 -1.5
      vertex 74.04345997365122 -8.431775925109347 -1.5
    endloop
  endfacet
  facet normal 0 0 -1
    outer loop
      vertex 15.631850285250087 -8.580724371286667 -1.5
      vertex 15.830054326495627 -8.49862556928561 -1.5
      vertex 74.16994567350437 -8.49862556928561 -1.5
    endloop
  endfacet
  facet normal 0 0 -1
    outer loop
      vertex 15.591174247883261 -8.594447250312278 -1.5
      vertex 15.603929724236206 -8.588768146345172 -1.5
      vertex 74.40882575211674 -8.594447250312278 -1.5
    endloop
  endfacet
  facet normal 0 0 -1
    outer loop
      vertex 15.603929724236206 -8.588768146345172 -1.5
      vertex 15.631850285250087 -8.580724371286667 -1.5
      vertex 74.40882575211674 -8.594447250312278 -1.5
    endloop
  endfacet
  facet normal 0 0 -1
    outer loop
      vertex 15.564640557253606 -8.600087160360934 -1.5
      vertex 15.591174247883261 -8.594447250312278 -1.5
      vertex 74.57429963994055 -8.640115141613112 -1.5
    endloop
  endfacet
  facet normal 0 0 -1
    outer loop
      vertex 15.425700360059455 -8.640115141613112 -1.5
      vertex 15.564640557253606 -8.600087160360934 -1.5
      vertex 74.57429963994055 -8.640115141613112 -1.5
    endloop
  endfacet
  facet normal 0 0 -1
    outer loop
      vertex 15.21419700584397 -8.67605100686876 -1.5
      vertex 15.425700360059455 -8.640115141613112 -1.5
      vertex 74.78580299415603 -8.67605100686876 -1.5
    endloop
  endfacet
  facet normal 0 0 1
    outer loop
      vertex 0 -12 0
      vertex 71.78298984057811 -6.775 0
      vertex 15.36019085711869 -9.971782274768136 0
    endloop
  endfacet
  facet normal 0 0 -1
    outer loop
      vertex 136.01781995297674 8.394851175679934 -1.5
      vertex 135.97412023371157 8.41900315680911 -1.5
      vertex 135.95654002634876 8.431775925109347 -1.5
    endloop
  endfacet
  facet normal 0 0 1
    outer loop
      vertex 0 -1.5499999970197678 0
      vertex 0 -12 0
      vertex 11.863647001807104 -7.49085210522151 0
    endloop
  endfacet
  facet normal 0 0 -1
    outer loop
      vertex 15.199971318016477 -8.6776 -1.5
      vertex 15.204767394436873 -8.676580562486574 -1.5
      vertex 15.21419700584397 -8.67605100686876 -1.5
    endloop
  endfacet
  facet normal -1 0 0
    outer loop
      vertex 0 -12 -1.5
      vertex 0 -12 0
      vertex 0 -1.5499999970197678 0
    endloop
  endfacet
  facet normal 0 0 -1
    outer loop
      vertex 13.128725336442193 -6.377248291573926 -1.5
      vertex 13.126437051049534 -6.39901987277495 -1.5
      vertex 0 -12 -1.5
    endloop
  endfacet
  facet normal 0 0 -1
    outer loop
      vertex 13.126437051049534 -6.39901987277495 -1.5
      vertex 13.09894899313124 -6.560802994156031 -1.5
      vertex 0 -12 -1.5
    endloop
  endfacet
  facet normal 0 0 -1
    outer loop
      vertex 13.09894899313124 -6.560802994156031 -1.5
      vertex 13.086919947302453 -6.775 -1.5
      vertex 0 -12 -1.5
    endloop
  endfacet
  facet normal 0 0 -1
    outer loop
      vertex 0 -12 -1.5
      vertex 13.086919947302453 -6.775 -1.5
      vertex 13.09894899313124 -6.98919700584397 -1.5
    endloop
  endfacet
  facet normal 0 0 -1
    outer loop
      vertex 0 -12 -1.5
      vertex 13.09894899313124 -6.98919700584397 -1.5
      vertex 13.126437051049534 -7.150980127225051 -1.5
    endloop
  endfacet
  facet normal 0 0 -1
    outer loop
      vertex 0 -12 -1.5
      vertex 13.128725336442193 -7.172751708426075 -1.5
      vertex 13.13168260452094 -7.181853243707053 -1.5
    endloop
  endfacet
  facet normal 0 0 -1
    outer loop
      vertex 0 -12 -1.5
      vertex 13.126437051049534 -7.150980127225051 -1.5
      vertex 13.128725336442193 -7.172751708426075 -1.5
    endloop
  endfacet
  facet normal 0 0 -1
    outer loop
      vertex 0 -12 -1.5
      vertex 13.13168260452094 -7.181853243707053 -1.5
      vertex 13.134884858386888 -7.200700360059454 -1.5
    endloop
  endfacet
  facet normal 0 0 -1
    outer loop
      vertex 0 -12 -1.5
      vertex 13.194275628713333 -7.406850285250087 -1.5
      vertex 13.24304275107444 -7.524584533452183 -1.5
    endloop
  endfacet
  facet normal 0 0 -1
    outer loop
      vertex 0 -12 -1.5
      vertex 13.134884858386888 -7.200700360059454 -1.5
      vertex 13.194275628713333 -7.406850285250087 -1.5
    endloop
  endfacet
  facet normal 0 0 1
    outer loop
      vertex 0 -12 0
      vertex 15.36019085711869 -9.971782274768136 0
      vertex 15 -9.992010159421888 0
    endloop
  endfacet
  facet normal 0 0 1
    outer loop
      vertex 0 -12 0
      vertex 14.284147894778489 -9.911352998192896 0
      vertex 13.937488902245898 -9.811482262910983 0
    endloop
  endfacet
  facet normal 0 0 1
    outer loop
      vertex 0 -12 0
      vertex 15 -9.992010159421888 0
      vertex 14.63980914288131 -9.971782274768136 0
    endloop
  endfacet
  facet normal 0 0 1
    outer loop
      vertex 0 -12 0
      vertex 14.63980914288131 -9.971782274768136 0
      vertex 14.284147894778489 -9.911352998192896 0
    endloop
  endfacet
  facet normal 0 0 1
    outer loop
      vertex 0 -12 0
      vertex 11.963517737089019 -7.837511097754103 0
      vertex 11.863647001807104 -7.49085210522151 0
    endloop
  endfacet
  facet normal 0 0 1
    outer loop
      vertex 0 -12 0
      vertex 12.101573998635082 -8.170808396749141 0
      vertex 11.963517737089019 -7.837511097754103 0
    endloop
  endfacet
  facet normal 0 0 1
    outer loop
      vertex 0 -12 0
      vertex 12.276079648854248 -8.48655259528816 0
      vertex 12.101573998635082 -8.170808396749141 0
    endloop
  endfacet
  facet normal 0 0 1
    outer loop
      vertex 0 -12 0
      vertex 12.484840177944475 -8.780773026875485 0
      vertex 12.276079648854248 -8.48655259528816 0
    endloop
  endfacet
  facet normal 0 0 1
    outer loop
      vertex 0 -12 0
      vertex 12.725230301126766 -9.049769698873233 0
      vertex 12.484840177944475 -8.780773026875485 0
    endloop
  endfacet
  facet normal 0 0 1
    outer loop
      vertex 0 -12 0
      vertex 12.994226973124515 -9.290159822055525 0
      vertex 12.725230301126766 -9.049769698873233 0
    endloop
  endfacet
  facet normal 0 0 1
    outer loop
      vertex 0 -12 0
      vertex 13.28844740471184 -9.498920351145753 0
      vertex 12.994226973124515 -9.290159822055525 0
    endloop
  endfacet
  facet normal 0 0 1
    outer loop
      vertex 0 -12 0
      vertex 13.60419160325086 -9.673426001364918 0
      vertex 13.28844740471184 -9.498920351145753 0
    endloop
  endfacet
  facet normal 0 0 -1
    outer loop
      vertex 150 12 -1.5
      vertex 136.90105100686876 6.56080299415603 -1.5
      vertex 136.91308005269755 6.775 -1.5
    endloop
  endfacet
  facet normal 0 0 -1
    outer loop
      vertex 150 12 -1.5
      vertex 136.91308005269755 6.775 -1.5
      vertex 136.90105100686876 6.9891970058439705 -1.5
    endloop
  endfacet
  facet normal 0 0 -1
    outer loop
      vertex 150 12 -1.5
      vertex 136.90105100686876 6.9891970058439705 -1.5
      vertex 136.87356294895048 7.1509801272250515 -1.5
    endloop
  endfacet
  facet normal 0 0 -1
    outer loop
      vertex 150 12 -1.5
      vertex 136.87356294895048 7.1509801272250515 -1.5
      vertex 136.8712746635578 7.172751708426075 -1.5
    endloop
  endfacet
  facet normal 0 0 -1
    outer loop
      vertex 150 12 -1.5
      vertex 136.8712746635578 7.172751708426075 -1.5
      vertex 136.8651151416131 7.200700360059453 -1.5
    endloop
  endfacet
  facet normal 0 0 -1
    outer loop
      vertex 150 12 -1.5
      vertex 136.80572437128666 7.406850285250087 -1.5
      vertex 136.7476855922485 7.553119758569475 -1.5
    endloop
  endfacet
  facet normal 0 0 -1
    outer loop
      vertex 150 12 -1.5
      vertex 136.8651151416131 7.200700360059453 -1.5
      vertex 136.80572437128666 7.406850285250087 -1.5
    endloop
  endfacet
  facet normal 1 0 0
    outer loop
      vertex 150 12 0
      vertex 150 1.5499999970197678 0
      vertex 150 12 -1.5
    endloop
  endfacet
  facet normal 0 0 1
    outer loop
      vertex 150 1.5499999970197678 0
      vertex 150 12 0
      vertex 138.2170101594219 6.775 0
    endloop
  endfacet
  facet normal 0 0 1
    outer loop
      vertex 138.1967822747681 7.135190857118692 0
      vertex 138.2170101594219 6.775 0
      vertex 150 12 0
    endloop
  endfacet
  facet normal 0 0 1
    outer loop
      vertex 138.1363529981929 7.490852105221509 0
      vertex 138.1967822747681 7.135190857118692 0
      vertex 150 12 0
    endloop
  endfacet
  facet normal 0 0 1
    outer loop
      vertex 0 -12 0
      vertex 13.937488902245898 -9.811482262910983 0
      vertex 13.60419160325086 -9.673426001364918 0
    endloop
  endfacet
  facet normal 0 0 -1
    outer loop
      vertex 0 -12 -1.5
      vertex 14.071905581210661 -8.444440725565837 -1.5
      vertex 14.169945673504373 -8.49862556928561 -1.5
    endloop
  endfacet
  facet normal 0 0 -1
    outer loop
      vertex 0 -12 -1.5
      vertex 14.435359442746394 -8.600087160360934 -1.5
      vertex 14.574299639940545 -8.640115141613112 -1.5
    endloop
  endfacet
  facet normal 0 0 -1
    outer loop
      vertex 0 -12 -1.5
      vertex 14.169945673504373 -8.49862556928561 -1.5
      vertex 14.368149714749913 -8.580724371286667 -1.5
    endloop
  endfacet
  facet normal 0 0 -1
    outer loop
      vertex 0 -12 -1.5
      vertex 14.368149714749913 -8.580724371286667 -1.5
      vertex 14.396070275763794 -8.588768146345172 -1.5
    endloop
  endfacet
  facet normal 0 0 -1
    outer loop
      vertex 0 -12 -1.5
      vertex 14.408825752116739 -8.594447250312278 -1.5
      vertex 14.435359442746394 -8.600087160360934 -1.5
    endloop
  endfacet
  facet normal 0 0 -1
    outer loop
      vertex 0 -12 -1.5
      vertex 14.396070275763794 -8.588768146345172 -1.5
      vertex 14.408825752116739 -8.594447250312278 -1.5
    endloop
  endfacet
  facet normal 0 0 -1
    outer loop
      vertex 0 -12 -1.5
      vertex 15.186614627698022 -8.6776 -1.5
      vertex 15.199971318016477 -8.6776 -1.5
    endloop
  endfacet
  facet normal 0 0 -1
    outer loop
      vertex 0 -12 -1.5
      vertex 15 -8.688080052697547 -1.5
      vertex 15.186614627698022 -8.6776 -1.5
    endloop
  endfacet
  facet normal 0 0 -1
    outer loop
      vertex 0 -12 -1.5
      vertex 14.813385372301978 -8.6776 -1.5
      vertex 15 -8.688080052697547 -1.5
    endloop
  endfacet
  facet normal 0 0 -1
    outer loop
      vertex 0 -12 -1.5
      vertex 14.800028681983523 -8.6776 -1.5
      vertex 14.813385372301978 -8.6776 -1.5
    endloop
  endfacet
  facet normal 0 0 -1
    outer loop
      vertex 0 -12 -1.5
      vertex 14.795232605563127 -8.676580562486574 -1.5
      vertex 14.800028681983523 -8.6776 -1.5
    endloop
  endfacet
  facet normal 0 0 -1
    outer loop
      vertex 0 -12 -1.5
      vertex 14.78580299415603 -8.67605100686876 -1.5
      vertex 14.795232605563127 -8.676580562486574 -1.5
    endloop
  endfacet
  facet normal 0 0 -1
    outer loop
      vertex 0 -12 -1.5
      vertex 14.574299639940545 -8.640115141613112 -1.5
      vertex 14.78580299415603 -8.67605100686876 -1.5
    endloop
  endfacet
  facet normal 0 0 -1
    outer loop
      vertex 0 -12 -1.5
      vertex 13.25231440775149 -7.553119758569475 -1.5
      vertex 13.26133200036934 -7.568738687145551 -1.5
    endloop
  endfacet
  facet normal 0 0 -1
    outer loop
      vertex 0 -12 -1.5
      vertex 13.24304275107444 -7.524584533452183 -1.5
      vertex 13.25231440775149 -7.553119758569475 -1.5
    endloop
  endfacet
  facet normal 0 0 -1
    outer loop
      vertex 150 12 -1.5
      vertex 135.95654002634876 8.431775925109347 -1.5
      vertex 135.83005432649563 8.49862556928561 -1.5
    endloop
  endfacet
  facet normal 0 0 -1
    outer loop
      vertex 150 12 -1.5
      vertex 135.5646405572536 8.600087160360934 -1.5
      vertex 135.42570036005947 8.640115141613112 -1.5
    endloop
  endfacet
  facet normal 0 0 -1
    outer loop
      vertex 150 12 -1.5
      vertex 135.83005432649563 8.49862556928561 -1.5
      vertex 135.6318502852501 8.580724371286667 -1.5
    endloop
  endfacet
  facet normal 0 0 -1
    outer loop
      vertex 150 12 -1.5
      vertex 135.6318502852501 8.580724371286667 -1.5
      vertex 135.59117424788326 8.594447250312278 -1.5
    endloop
  endfacet
  facet normal 0 0 -1
    outer loop
      vertex 150 12 -1.5
      vertex 135.59117424788326 8.594447250312278 -1.5
      vertex 135.5646405572536 8.600087160360934 -1.5
    endloop
  endfacet
  facet normal 0 0 -1
    outer loop
      vertex 150 12 -1.5
      vertex 134.81338537230198 8.6776 -1.5
      vertex 134.80002868198352 8.6776 -1.5
    endloop
  endfacet
  facet normal 0 0 -1
    outer loop
      vertex 150 12 -1.5
      vertex 135 8.688080052697547 -1.5
      vertex 134.81338537230198 8.6776 -1.5
    endloop
  endfacet
  facet normal 0 0 -1
    outer loop
      vertex 150 12 -1.5
      vertex 135.21419700584397 8.67605100686876 -1.5
      vertex 135.19997131801648 8.6776 -1.5
    endloop
  endfacet
  facet normal 0 0 -1
    outer loop
      vertex 150 12 -1.5
      vertex 135.19997131801648 8.6776 -1.5
      vertex 135.18661462769802 8.6776 -1.5
    endloop
  endfacet
  facet normal 0 0 -1
    outer loop
      vertex 150 12 -1.5
      vertex 135.18661462769802 8.6776 -1.5
      vertex 135 8.688080052697547 -1.5
    endloop
  endfacet
  facet normal 0 0 -1
    outer loop
      vertex 150 12 -1.5
      vertex 135.42570036005947 8.640115141613112 -1.5
      vertex 135.21419700584397 8.67605100686876 -1.5
    endloop
  endfacet
  facet normal 0 0 -1
    outer loop
      vertex 0 -12 -1.5
      vertex 13.26133200036934 -7.568738687145551 -1.5
      vertex 13.276374430714391 -7.605054326495627 -1.5
    endloop
  endfacet
  facet normal 0 0 -1
    outer loop
      vertex 0 -12 -1.5
      vertex 13.276374430714391 -7.605054326495627 -1.5
      vertex 13.380148824320067 -7.792819952976745 -1.5
    endloop
  endfacet
  facet normal 0 0 -1
    outer loop
      vertex 0 -12 -1.5
      vertex 13.380148824320067 -7.792819952976745 -1.5
      vertex 13.436812816197207 -7.872680375913056 -1.5
    endloop
  endfacet
  facet normal 0 0 -1
    outer loop
      vertex 0 -12 -1.5
      vertex 13.436812816197207 -7.872680375913056 -1.5
      vertex 13.452285725767965 -7.899480241430526 -1.5
    endloop
  endfacet
  facet normal 0 0 -1
    outer loop
      vertex 0 -12 -1.5
      vertex 13.452285725767965 -7.899480241430526 -1.5
      vertex 13.46899784896899 -7.9180409346069505 -1.5
    endloop
  endfacet
  facet normal 0 0 -1
    outer loop
      vertex 0 -12 -1.5
      vertex 13.46899784896899 -7.9180409346069505 -1.5
      vertex 13.504293786319462 -7.967785902996289 -1.5
    endloop
  endfacet
  facet normal 0 0 -1
    outer loop
      vertex 0 -12 -1.5
      vertex 13.504293786319462 -7.967785902996289 -1.5
      vertex 13.647248121784846 -8.127751878215154 -1.5
    endloop
  endfacet
  facet normal 0 0 -1
    outer loop
      vertex 0 -12 -1.5
      vertex 13.647248121784846 -8.127751878215154 -1.5
      vertex 13.701378259613357 -8.176125526869733 -1.5
    endloop
  endfacet
  facet normal 0 0 -1
    outer loop
      vertex 0 -12 -1.5
      vertex 13.701378259613357 -8.176125526869733 -1.5
      vertex 13.719899584325454 -8.196695541886204 -1.5
    endloop
  endfacet
  facet normal 0 0 -1
    outer loop
      vertex 0 -12 -1.5
      vertex 13.719899584325454 -8.196695541886204 -1.5
      vertex 13.743945402081662 -8.214165851106754 -1.5
    endloop
  endfacet
  facet normal 0 0 -1
    outer loop
      vertex 0 -12 -1.5
      vertex 13.743945402081662 -8.214165851106754 -1.5
      vertex 13.807214097003712 -8.270706213680539 -1.5
    endloop
  endfacet
  facet normal 0 0 -1
    outer loop
      vertex 0 -12 -1.5
      vertex 13.807214097003712 -8.270706213680539 -1.5
      vertex 13.982180047023256 -8.394851175679934 -1.5
    endloop
  endfacet
  facet normal 0 0 -1
    outer loop
      vertex 150 12 -1.5
      vertex 136.7476855922485 7.553119758569475 -1.5
      vertex 136.72362556928562 7.605054326495627 -1.5
    endloop
  endfacet
  facet normal 0 0 -1
    outer loop
      vertex 150 12 -1.5
      vertex 136.72362556928562 7.605054326495627 -1.5
      vertex 136.61985117567994 7.792819952976746 -1.5
    endloop
  endfacet
  facet normal 0 0 -1
    outer loop
      vertex 150 12 -1.5
      vertex 136.61985117567994 7.792819952976746 -1.5
      vertex 136.54771427423202 7.899480241430526 -1.5
    endloop
  endfacet
  facet normal 0 0 -1
    outer loop
      vertex 150 12 -1.5
      vertex 136.54771427423202 7.899480241430526 -1.5
      vertex 136.49570621368053 7.9677859029962885 -1.5
    endloop
  endfacet
  facet normal 0 0 -1
    outer loop
      vertex 150 12 -1.5
      vertex 136.49570621368053 7.9677859029962885 -1.5
      vertex 136.35275187821514 8.127751878215154 -1.5
    endloop
  endfacet
  facet normal 0 0 -1
    outer loop
      vertex 150 12 -1.5
      vertex 136.35275187821514 8.127751878215154 -1.5
      vertex 136.28010041567455 8.196695541886204 -1.5
    endloop
  endfacet
  facet normal 0 0 -1
    outer loop
      vertex 150 12 -1.5
      vertex 136.28010041567455 8.196695541886204 -1.5
      vertex 136.1927859029963 8.27070621368054 -1.5
    endloop
  endfacet
  facet normal 0 0 -1
    outer loop
      vertex 150 12 -1.5
      vertex 136.1927859029963 8.27070621368054 -1.5
      vertex 136.01781995297674 8.394851175679934 -1.5
    endloop
  endfacet
  facet normal 0 0 -1
    outer loop
      vertex 150 12 -1.5
      vertex 136.01781995297674 8.394851175679934 -1.5
      vertex 135.95654002634876 8.431775925109347 -1.5
    endloop
  endfacet
  facet normal 0 0 1
    outer loop
      vertex 134.6398091428813 9.971782274768136 0
      vertex 135 9.992010159421888 0
      vertex 150 12 0
    endloop
  endfacet
  facet normal 0 0 1
    outer loop
      vertex 135.7158521052215 9.911352998192896 0
      vertex 136.0625110977541 9.811482262910983 0
      vertex 150 12 0
    endloop
  endfacet
  facet normal 0 0 1
    outer loop
      vertex 135 9.992010159421888 0
      vertex 135.3601908571187 9.971782274768136 0
      vertex 150 12 0
    endloop
  endfacet
  facet normal 0 0 1
    outer loop
      vertex 135.3601908571187 9.971782274768136 0
      vertex 135.7158521052215 9.911352998192896 0
      vertex 150 12 0
    endloop
  endfacet
  facet normal 0 0 1
    outer loop
      vertex 138.036482262911 7.837511097754103 0
      vertex 138.1363529981929 7.490852105221509 0
      vertex 150 12 0
    endloop
  endfacet
  facet normal 0 0 1
    outer loop
      vertex 137.89842600136492 8.170808396749141 0
      vertex 138.036482262911 7.837511097754103 0
      vertex 150 12 0
    endloop
  endfacet
  facet normal 0 0 1
    outer loop
      vertex 137.72392035114575 8.486552595288162 0
      vertex 137.89842600136492 8.170808396749141 0
      vertex 150 12 0
    endloop
  endfacet
  facet normal 0 0 1
    outer loop
      vertex 137.51515982205552 8.780773026875485 0
      vertex 137.72392035114575 8.486552595288162 0
      vertex 150 12 0
    endloop
  endfacet
  facet normal 0 0 1
    outer loop
      vertex 137.27476969887323 9.049769698873233 0
      vertex 137.51515982205552 8.780773026875485 0
      vertex 150 12 0
    endloop
  endfacet
  facet normal 0 0 1
    outer loop
      vertex 137.0057730268755 9.290159822055527 0
      vertex 137.27476969887323 9.049769698873233 0
      vertex 150 12 0
    endloop
  endfacet
  facet normal 0 0 1
    outer loop
      vertex 136.71155259528817 9.49892035114575 0
      vertex 137.0057730268755 9.290159822055527 0
      vertex 150 12 0
    endloop
  endfacet
  facet normal 0 0 1
    outer loop
      vertex 136.39580839674912 9.673426001364918 0
      vertex 136.71155259528817 9.49892035114575 0
      vertex 150 12 0
    endloop
  endfacet
  facet normal 0 0 1
    outer loop
      vertex 136.0625110977541 9.811482262910983 0
      vertex 136.39580839674912 9.673426001364918 0
      vertex 150 12 0
    endloop
  endfacet
  facet normal 0 1 0
    outer loop
      vertex 150 1.5499999970197678 0
      vertex 0 1.5499999970197678 10
      vertex 150 1.5499999970197678 10
    endloop
  endfacet
  facet normal 0 -0.9474922794149795 0.3197786428906821
    outer loop
      vertex 150 1.1499999985098839 10
      vertex 0 0.4750000014901161 8
      vertex 150 0.4750000014901161 8
    endloop
  endfacet
  facet normal 0 0 1
    outer loop
      vertex 150 1.5499999970197678 10
      vertex 0 1.1499999985098839 10
      vertex 150 1.1499999985098839 10
    endloop
  endfacet
  facet normal 1 0 0
    outer loop
      vertex 150 0.4750000014901161 8
      vertex 150 1.5499999970197678 0
      vertex 150 1.5499999970197678 10
    endloop
  endfacet
  facet normal 0 0 -1
    outer loop
      vertex 75.19997131801648 4.872400000000001 -1.5
      vertex 75.21419700584397 4.873948993131241 -1.5
      vertex 134.78580299415603 4.873948993131241 -1.5
    endloop
  endfacet
endsolid OpenSCAD_Model
