solid OpenSCAD_Model
  facet normal 0 0 1
    outer loop
      vertex 134.81338537230198 28.0974 -1.8683408783878228
      vertex 135 28.086919947302455 -1.8683408783878228
      vertex 135.18661462769802 28.0974 -1.8683408783878228
    endloop
  endfacet
  facet normal 0 0 1
    outer loop
      vertex 134.57429963994053 28.13488485838689 -1.8683408783878228
      vertex 134.78580299415603 28.09894899313124 -1.8683408783878228
      vertex 134.79523260556311 28.098419437513428 -1.8683408783878228
    endloop
  endfacet
  facet normal 0 0 1
    outer loop
      vertex 133.98218004702326 28.380148824320067 -1.8683408783878228
      vertex 134.02587976628843 28.35599684319089 -1.8683408783878228
      vertex 133.8072140970037 28.50429378631946 -1.8683408783878228
    endloop
  endfacet
  facet normal -0.36531452909660367 -0.6609868681008558 0.6554705600018573
    outer loop
      vertex 136.01781995297674 31.619851175679933 -1.8683408783878228
      vertex 136.88190598917836 32.99503622440708 0
      vertex 136.53473529754157 33.18691068341991 0
    endloop
  endfacet
  facet normal 0.7257046774995519 0.20907191591918278 0.6554705600018613
    outer loop
      vertex 133.1348848583869 29.57429963994055 -1.8683408783878228
      vertex 131.6612921084999 28.831735580935934 0
      vertex 133.19427562871334 29.36814971474991 -1.8683408783878228
    endloop
  endfacet
  facet normal -0.0423455638692801 -0.7540326240895979 0.6554705600018569
    outer loop
      vertex 135.21419700584397 31.90105100686876 -1.8683408783878228
      vertex 135.39604119273054 33.51496280368322 0
      vertex 135 33.537204 0
    endloop
  endfacet
  facet normal 0.04234556386928027 -0.7540326240895978 0.6554705600018571
    outer loop
      vertex 135 31.913080052697545 -1.8683408783878228
      vertex 135 33.537204 0
      vertex 134.60395880726946 33.51496280368322 0
    endloop
  endfacet
  facet normal 0.12650417157271765 -0.744550226341751 0.6554705600018568
    outer loop
      vertex 134.78580299415603 31.90105100686876 -1.8683408783878228
      vertex 134.60395880726946 33.51496280368322 0
      vertex 134.212898062326 33.448518910681194 0
    endloop
  endfacet
  facet normal 0.20907191591918756 -0.7257046774995564 0.6554705600018548
    outer loop
      vertex 134.57429963994053 31.865115141613114 -1.8683408783878228
      vertex 134.212898062326 33.448518910681194 0
      vertex 133.83173558093594 33.33870789150008 0
    endloop
  endfacet
  facet normal 0.2890104596166257 -0.6977329712741416 0.6554705600018546
    outer loop
      vertex 134.3681497147499 31.80572437128667 -1.8683408783878228
      vertex 133.83173558093594 33.33870789150008 0
      vertex 133.46526470245843 33.18691068341991 0
    endloop
  endfacet
  facet normal 0.36531452909659384 -0.6609868681008628 0.6554705600018559
    outer loop
      vertex 134.16994567350437 31.72362556928561 -1.8683408783878228
      vertex 133.46526470245843 33.18691068341991 0
      vertex 133.11809401082164 32.99503622440709 0
    endloop
  endfacet
  facet normal -0.563124417094791 -0.503238746364491 0.6554705600018567
    outer loop
      vertex 136.49570621368053 31.192785902996288 -1.8683408783878228
      vertex 137.76549744711184 32.20541062109392 0
      vertex 137.5011809348402 32.50118093484018 0
    endloop
  endfacet
  facet normal -0.4370245564127702 -0.6159284715476889 0.6554705600018578
    outer loop
      vertex 136.1927859029963 31.49570621368054 -1.8683408783878228
      vertex 137.20541062109393 32.76549744711185 0
      vertex 136.88190598917836 32.99503622440708 0
    endloop
  endfacet
  facet normal -0.5032387463645117 -0.5631244170947691 0.6554705600018593
    outer loop
      vertex 136.35275187821514 31.35275187821515 -1.8683408783878228
      vertex 137.5011809348402 32.50118093484018 0
      vertex 137.20541062109393 32.76549744711185 0
    endloop
  endfacet
  facet normal -0.6159284715476875 -0.4370245564127788 0.6554705600018536
    outer loop
      vertex 136.61985117567994 31.017819952976744 -1.8683408783878228
      vertex 137.99503622440707 31.881905989178357 0
      vertex 137.76549744711184 32.20541062109392 0
    endloop
  endfacet
  facet normal -0.6609868681008444 -0.3653145290966296 0.6554705600018544
    outer loop
      vertex 136.72362556928562 30.830054326495627 -1.8683408783878228
      vertex 138.1869106834199 31.534735297541584 0
      vertex 137.99503622440707 31.881905989178357 0
    endloop
  endfacet
  facet normal -0.6977329712741281 -0.2890104596166446 0.6554705600018604
    outer loop
      vertex 136.80572437128666 30.63185028525009 -1.8683408783878228
      vertex 138.3387078915001 31.168264419064066 0
      vertex 138.1869106834199 31.534735297541584 0
    endloop
  endfacet
  facet normal -0.7257046774995567 -0.20907191591917024 0.6554705600018599
    outer loop
      vertex 136.8651151416131 30.42570036005945 -1.8683408783878228
      vertex 138.4485189106812 30.78710193767401 0
      vertex 138.3387078915001 31.168264419064066 0
    endloop
  endfacet
  facet normal -0.7445502263417597 -0.1265041715726753 0.6554705600018551
    outer loop
      vertex 136.90105100686876 30.21419700584397 -1.8683408783878228
      vertex 138.5149628036832 30.396041192730525 0
      vertex 138.4485189106812 30.78710193767401 0
    endloop
  endfacet
  facet normal -0.7540326240895983 -0.0423455638693084 0.6554705600018547
    outer loop
      vertex 136.91308005269755 30 -1.8683408783878228
      vertex 138.537204 30 0
      vertex 138.5149628036832 30.396041192730525 0
    endloop
  endfacet
  facet normal 0.43702455641277854 -0.6159284715476815 0.6554705600018593
    outer loop
      vertex 132.79458937890607 32.76549744711185 0
      vertex 133.98218004702326 31.619851175679933 -1.8683408783878228
      vertex 133.11809401082164 32.99503622440709 0
    endloop
  endfacet
  facet normal 0.5032387463645124 -0.5631244170947699 0.6554705600018581
    outer loop
      vertex 133.8072140970037 31.49570621368054 -1.8683408783878228
      vertex 132.79458937890607 32.76549744711185 0
      vertex 132.4988190651598 32.50118093484018 0
    endloop
  endfacet
  facet normal 0.5631244170947897 -0.5032387463644896 0.6554705600018588
    outer loop
      vertex 133.64724812178486 31.35275187821515 -1.8683408783878228
      vertex 132.4988190651598 32.50118093484018 0
      vertex 132.23450255288816 32.20541062109392 0
    endloop
  endfacet
  facet normal 0.6159284715476881 -0.4370245564127744 0.6554705600018559
    outer loop
      vertex 133.50429378631947 31.192785902996288 -1.8683408783878228
      vertex 132.23450255288816 32.20541062109392 0
      vertex 132.00496377559293 31.881905989178353 0
    endloop
  endfacet
  facet normal 0.6609868681008437 -0.3653145290966331 0.6554705600018532
    outer loop
      vertex 133.38014882432006 31.017819952976744 -1.8683408783878228
      vertex 132.00496377559293 31.881905989178353 0
      vertex 131.8130893165801 31.534735297541584 0
    endloop
  endfacet
  facet normal 0.6977329712741321 -0.2890104596166461 0.6554705600018554
    outer loop
      vertex 131.6612921084999 31.168264419064066 0
      vertex 133.27637443071438 30.830054326495627 -1.8683408783878228
      vertex 131.8130893165801 31.534735297541584 0
    endloop
  endfacet
  facet normal 0.7257046774995553 -0.20907191591917185 0.655470560001861
    outer loop
      vertex 131.5514810893188 30.787101937674013 0
      vertex 133.19427562871334 30.63185028525009 -1.8683408783878228
      vertex 131.6612921084999 31.168264419064066 0
    endloop
  endfacet
  facet normal 0.7445502263417567 -0.12650417157267355 0.6554705600018588
    outer loop
      vertex 131.4850371963168 30.396041192730525 0
      vertex 133.1348848583869 30.42570036005945 -1.8683408783878228
      vertex 131.5514810893188 30.787101937674013 0
    endloop
  endfacet
  facet normal 0.7540326240895979 -0.04234556386930834 0.6554705600018552
    outer loop
      vertex 131.462796 30 0
      vertex 133.09894899313124 30.214197005843968 -1.8683408783878228
      vertex 131.4850371963168 30.396041192730525 0
    endloop
  endfacet
  facet normal -0.36531452909664175 -0.6609868681008378 0.6554705600018543
    outer loop
      vertex 135.92809441878933 31.66944072556584 -1.8683408783878228
      vertex 136.53473529754157 33.18691068341991 0
      vertex 135.83005432649563 31.72362556928561 -1.8683408783878228
    endloop
  endfacet
  facet normal -0.5032387463645208 -0.5631244170947628 0.6554705600018578
    outer loop
      vertex 136.25605459791834 31.439165851106754 -1.8683408783878228
      vertex 137.20541062109393 32.76549744711185 0
      vertex 136.1927859029963 31.49570621368054 -1.8683408783878228
    endloop
  endfacet
  facet normal -0.5032387463644018 -0.5631244170948598 0.6554705600018659
    outer loop
      vertex 137.20541062109393 32.76549744711185 0
      vertex 136.25605459791834 31.439165851106754 -1.8683408783878228
      vertex 136.28010041567455 31.4216955418862 -1.864888656999499
    endloop
  endfacet
  facet normal -0.437024556412764 -0.6159284715476927 0.6554705600018584
    outer loop
      vertex 136.1927859029963 31.49570621368054 -1.8683408783878228
      vertex 136.88190598917836 32.99503622440708 0
      vertex 136.01781995297674 31.619851175679933 -1.8683408783878228
    endloop
  endfacet
  facet normal -0.3653145290966618 -0.6609868681008274 0.6554705600018537
    outer loop
      vertex 136.53473529754157 33.18691068341991 0
      vertex 135.92809441878933 31.66944072556584 -1.8683408783878228
      vertex 135.95654002634876 31.656775925109347 -1.8652586241038485
    endloop
  endfacet
  facet normal -0.36531452909664175 -0.6609868681008376 0.6554705600018546
    outer loop
      vertex 135.97412023371157 31.64400315680911 -1.8683408783878228
      vertex 136.53473529754157 33.18691068341991 0
      vertex 135.95654002634876 31.656775925109347 -1.8652586241038485
    endloop
  endfacet
  facet normal -0.3653145290965693 -0.6609868681008715 0.6554705600018608
    outer loop
      vertex 136.01781995297674 31.619851175679933 -1.8683408783878228
      vertex 136.53473529754157 33.18691068341991 0
      vertex 135.97412023371157 31.64400315680911 -1.8683408783878228
    endloop
  endfacet
  facet normal -0.5032387463647204 -0.5631244170946047 0.6554705600018405
    outer loop
      vertex 136.29862174038664 31.40112552686973 -1.8683408783878228
      vertex 137.20541062109393 32.76549744711185 0
      vertex 136.28010041567455 31.4216955418862 -1.864888656999499
    endloop
  endfacet
  facet normal -0.5032387463645118 -0.5631244170947691 0.6554705600018592
    outer loop
      vertex 136.35275187821514 31.35275187821515 -1.8683408783878228
      vertex 137.20541062109393 32.76549744711185 0
      vertex 136.29862174038664 31.40112552686973 -1.8683408783878228
    endloop
  endfacet
  facet normal -0.5631244170947676 -0.5032387463645132 0.6554705600018598
    outer loop
      vertex 136.49570621368053 31.192785902996288 -1.8683408783878228
      vertex 137.5011809348402 32.50118093484018 0
      vertex 136.35275187821514 31.35275187821515 -1.8683408783878228
    endloop
  endfacet
  facet normal -0.6159284715476913 -0.4370245564127703 0.6554705600018558
    outer loop
      vertex 136.531002151031 31.14304093460695 -1.8683408783878228
      vertex 137.76549744711184 32.20541062109392 0
      vertex 136.49570621368053 31.192785902996288 -1.8683408783878228
    endloop
  endfacet
  facet normal -0.6159284715477893 -0.4370245564126435 0.6554705600018481
    outer loop
      vertex 137.76549744711184 32.20541062109392 0
      vertex 136.531002151031 31.14304093460695 -1.8683408783878228
      vertex 136.54771427423202 31.124480241430525 -1.8650119816676156
    endloop
  endfacet
  facet normal -0.6159284715476724 -0.4370245564127968 0.6554705600018557
    outer loop
      vertex 136.61985117567994 31.017819952976744 -1.8683408783878228
      vertex 137.76549744711184 32.20541062109392 0
      vertex 136.5631871838028 31.097680375913054 -1.8683408783878228
    endloop
  endfacet
  facet normal -0.6159284715474714 -0.4370245564130493 0.655470560001876
    outer loop
      vertex 136.5631871838028 31.097680375913054 -1.8683408783878228
      vertex 137.76549744711184 32.20541062109392 0
      vertex 136.54771427423202 31.124480241430525 -1.8650119816676156
    endloop
  endfacet
  facet normal -0.6609868681008518 -0.3653145290966183 0.6554705600018531
    outer loop
      vertex 136.72362556928562 30.830054326495627 -1.8683408783878228
      vertex 137.99503622440707 31.881905989178357 0
      vertex 136.61985117567994 31.017819952976744 -1.8683408783878228
    endloop
  endfacet
  facet normal -0.6977329712742674 -0.2890104596163407 0.6554705600018461
    outer loop
      vertex 136.73866799963065 30.793738687145552 -1.8683408783878228
      vertex 138.1869106834199 31.534735297541584 0
      vertex 136.72362556928562 30.830054326495627 -1.8683408783878228
    endloop
  endfacet
  facet normal -0.6977329712741536 -0.2890104596165933 0.6554705600018561
    outer loop
      vertex 138.1869106834199 31.534735297541584 0
      vertex 136.73866799963065 30.793738687145552 -1.8683408783878228
      vertex 136.7476855922485 30.778119758569474 -1.8656285705085836
    endloop
  endfacet
  facet normal -0.697732971273896 -0.28901045961714933 0.655470560001885
    outer loop
      vertex 136.75695724892557 30.749584533452182 -1.8683408783878228
      vertex 138.1869106834199 31.534735297541584 0
      vertex 136.7476855922485 30.778119758569474 -1.8656285705085836
    endloop
  endfacet
  facet normal -0.6977329712741953 -0.28901045961651306 0.6554705600018468
    outer loop
      vertex 136.80572437128666 30.63185028525009 -1.8683408783878228
      vertex 138.1869106834199 31.534735297541584 0
      vertex 136.75695724892557 30.749584533452182 -1.8683408783878228
    endloop
  endfacet
  facet normal -0.7257046774995519 -0.20907191591918278 0.6554705600018613
    outer loop
      vertex 136.8651151416131 30.42570036005945 -1.8683408783878228
      vertex 138.3387078915001 31.168264419064066 0
      vertex 136.80572437128666 30.63185028525009 -1.8683408783878228
    endloop
  endfacet
  facet normal -0.7445502263416218 -0.12650417157336638 0.6554705600018781
    outer loop
      vertex 136.86831739547907 30.40685324370705 -1.8683408783878228
      vertex 138.4485189106812 30.78710193767401 0
      vertex 136.8651151416131 30.42570036005945 -1.8683408783878228
    endloop
  endfacet
  facet normal -0.7445502263417924 -0.12650417157251226 0.6554705600018497
    outer loop
      vertex 138.4485189106812 30.78710193767401 0
      vertex 136.86831739547907 30.40685324370705 -1.8683408783878228
      vertex 136.8712746635578 30.397751708426075 -1.8667382855320547
    endloop
  endfacet
  facet normal -0.7445502263416982 -0.12650417157297905 0.6554705600018664
    outer loop
      vertex 136.87356294895048 30.375980127225052 -1.8683408783878228
      vertex 138.4485189106812 30.78710193767401 0
      vertex 136.8712746635578 30.397751708426075 -1.8667382855320547
    endloop
  endfacet
  facet normal -0.7445502263417704 -0.12650417157263286 0.6554705600018511
    outer loop
      vertex 136.90105100686876 30.21419700584397 -1.8683408783878228
      vertex 138.4485189106812 30.78710193767401 0
      vertex 136.87356294895048 30.375980127225052 -1.8683408783878228
    endloop
  endfacet
  facet normal -0.7540326240895975 -0.04234556386931399 0.6554705600018552
    outer loop
      vertex 136.91308005269755 30 -1.8683408783878228
      vertex 138.5149628036832 30.396041192730525 0
      vertex 136.90105100686876 30.21419700584397 -1.8683408783878228
    endloop
  endfacet
  facet normal -0.20907191591922128 -0.7257046774995478 0.6554705600018532
    outer loop
      vertex 135.6039297242362 31.813768146345172 -1.8683408783878228
      vertex 135.787101937674 33.448518910681194 0
      vertex 135.59117424788326 31.819447250312276 -1.8661218001833664
    endloop
  endfacet
  facet normal -0.20907191591918176 -0.7257046774995566 0.6554705600018564
    outer loop
      vertex 135.787101937674 33.448518910681194 0
      vertex 135.5646405572536 31.825087160360933 -1.8683408783878228
      vertex 135.59117424788326 31.819447250312276 -1.8661218001833664
    endloop
  endfacet
  facet normal -0.2090719159190353 -0.725704677499587 0.6554705600018694
    outer loop
      vertex 135.6318502852501 31.80572437128667 -1.8683408783878228
      vertex 135.787101937674 33.448518910681194 0
      vertex 135.6039297242362 31.813768146345172 -1.8683408783878228
    endloop
  endfacet
  facet normal -0.20907191591922114 -0.7257046774995477 0.6554705600018538
    outer loop
      vertex 135.5646405572536 31.825087160360933 -1.8683408783878228
      vertex 135.787101937674 33.448518910681194 0
      vertex 135.42570036005947 31.865115141613114 -1.8683408783878228
    endloop
  endfacet
  facet normal -0.2890104596166384 -0.6977329712741367 0.6554705600018542
    outer loop
      vertex 135.83005432649563 31.72362556928561 -1.8683408783878228
      vertex 136.16826441906406 33.33870789150008 0
      vertex 135.6318502852501 31.80572437128667 -1.8683408783878228
    endloop
  endfacet
  facet normal -0.12650417157269492 -0.7445502263417543 0.6554705600018574
    outer loop
      vertex 135.42570036005947 31.865115141613114 -1.8683408783878228
      vertex 135.39604119273054 33.51496280368322 0
      vertex 135.21419700584397 31.90105100686876 -1.8683408783878228
    endloop
  endfacet
  facet normal -0.04234556386927163 -0.7540326240895977 0.6554705600018577
    outer loop
      vertex 135.21419700584397 31.90105100686876 -1.8683408783878228
      vertex 135 33.537204 0
      vertex 135.20476739443689 31.901580562486572 -1.8683408783878228
    endloop
  endfacet
  facet normal -0.0423455638695174 -0.7540326240896031 0.6554705600018355
    outer loop
      vertex 135.20476739443689 31.901580562486572 -1.8683408783878228
      vertex 135 33.537204 0
      vertex 135.19997131801648 31.9026 -1.867477992062371
    endloop
  endfacet
  facet normal -0.04234556386922904 -0.754032624089597 0.6554705600018609
    outer loop
      vertex 135.19997131801648 31.9026 -1.867477992062371
      vertex 135 33.537204 0
      vertex 135.18661462769802 31.9026 -1.8683408783878228
    endloop
  endfacet
  facet normal -0.04234556386927408 -0.7540326240895978 0.6554705600018572
    outer loop
      vertex 135.18661462769802 31.9026 -1.8683408783878228
      vertex 135 33.537204 0
      vertex 135 31.913080052697545 -1.8683408783878228
    endloop
  endfacet
  facet normal 0.042345563869274114 -0.7540326240895985 0.6554705600018564
    outer loop
      vertex 135 31.913080052697545 -1.8683408783878228
      vertex 134.60395880726946 33.51496280368322 0
      vertex 134.81338537230198 31.9026 -1.8683408783878228
    endloop
  endfacet
  facet normal 0.04234556386922864 -0.7540326240896025 0.6554705600018548
    outer loop
      vertex 134.81338537230198 31.9026 -1.8683408783878228
      vertex 134.60395880726946 33.51496280368322 0
      vertex 134.80002868198352 31.9026 -1.867477992062371
    endloop
  endfacet
  facet normal 0 0 1
    outer loop
      vertex 134.16994567350437 28.27637443071439 -1.8683408783878228
      vertex 134.3681497147499 28.19427562871333 -1.8683408783878228
      vertex 134.3960702757638 28.186231853654828 -1.8683408783878228
    endloop
  endfacet
  facet normal 0 0 1
    outer loop
      vertex 134.3960702757638 28.186231853654828 -1.8683408783878228
      vertex 134.07190558121067 28.33055927443416 -1.8683408783878228
      vertex 134.16994567350437 28.27637443071439 -1.8683408783878228
    endloop
  endfacet
  facet normal 0 0 1
    outer loop
      vertex 134.4353594427464 28.174912839639067 -1.8683408783878228
      vertex 134.57429963994053 28.13488485838689 -1.8683408783878228
      vertex 134.79523260556311 28.098419437513428 -1.8683408783878228
    endloop
  endfacet
  facet normal 0 0 1
    outer loop
      vertex 134.02587976628843 28.35599684319089 -1.8683408783878228
      vertex 133.74394540208166 28.560834148893246 -1.8683408783878228
      vertex 133.8072140970037 28.50429378631946 -1.8683408783878228
    endloop
  endfacet
  facet normal 0 0 1
    outer loop
      vertex 133.50429378631947 28.807214097003712 -1.8683408783878228
      vertex 133.64724812178486 28.64724812178485 -1.8683408783878228
      vertex 133.70137825961336 28.59887447313027 -1.8683408783878228
    endloop
  endfacet
  facet normal 0 0 1
    outer loop
      vertex 135.21419700584397 28.09894899313124 -1.8683408783878228
      vertex 135.42570036005947 28.13488485838689 -1.8683408783878228
      vertex 135.5646405572536 28.174912839639067 -1.8683408783878228
    endloop
  endfacet
  facet normal 0 0 1
    outer loop
      vertex 135.6039297242362 28.186231853654828 -1.8683408783878228
      vertex 135.6318502852501 28.19427562871333 -1.8683408783878228
      vertex 135.92809441878933 28.33055927443416 -1.8683408783878228
    endloop
  endfacet
  facet normal 0 0 1
    outer loop
      vertex 135.92809441878933 28.33055927443416 -1.8683408783878228
      vertex 135.6318502852501 28.19427562871333 -1.8683408783878228
      vertex 135.83005432649563 28.27637443071439 -1.8683408783878228
    endloop
  endfacet
  facet normal 0 0 1
    outer loop
      vertex 133.468997848969 28.85695906539305 -1.8683408783878228
      vertex 133.50429378631947 28.807214097003712 -1.8683408783878228
      vertex 133.70137825961336 28.59887447313027 -1.8683408783878228
    endloop
  endfacet
  facet normal 0 0 1
    outer loop
      vertex 133.27637443071438 29.169945673504373 -1.8683408783878228
      vertex 133.38014882432006 28.982180047023256 -1.8683408783878228
      vertex 133.4368128161972 28.902319624086946 -1.8683408783878228
    endloop
  endfacet
  facet normal 0 0 1
    outer loop
      vertex 133.4368128161972 28.902319624086946 -1.8683408783878228
      vertex 133.26133200036935 29.206261312854448 -1.8683408783878228
      vertex 133.27637443071438 29.169945673504373 -1.8683408783878228
    endloop
  endfacet
  facet normal 0 0 1
    outer loop
      vertex 133.1348848583869 29.57429963994055 -1.8683408783878228
      vertex 133.19427562871334 29.36814971474991 -1.8683408783878228
      vertex 133.24304275107443 29.250415466547818 -1.8683408783878228
    endloop
  endfacet
  facet normal 0 0 1
    outer loop
      vertex 133.24304275107443 29.250415466547818 -1.8683408783878228
      vertex 133.13168260452093 29.59314675629295 -1.8683408783878228
      vertex 133.1348848583869 29.57429963994055 -1.8683408783878228
    endloop
  endfacet
  facet normal 0 0 1
    outer loop
      vertex 133.12643705104952 29.62401987277495 -1.8683408783878228
      vertex 133.08691994730245 30 -1.8683408783878228
      vertex 133.09894899313124 29.785802994156032 -1.8683408783878228
    endloop
  endfacet
  facet normal 0 0 1
    outer loop
      vertex 135.97412023371157 28.35599684319089 -1.8683408783878228
      vertex 136.01781995297674 28.380148824320067 -1.8683408783878228
      vertex 136.25605459791834 28.560834148893246 -1.8683408783878228
    endloop
  endfacet
  facet normal 0 0 1
    outer loop
      vertex 136.01781995297674 28.380148824320067 -1.8683408783878228
      vertex 136.1927859029963 28.50429378631946 -1.8683408783878228
      vertex 136.25605459791834 28.560834148893246 -1.8683408783878228
    endloop
  endfacet
  facet normal 0 0 1
    outer loop
      vertex 136.29862174038664 28.59887447313027 -1.8683408783878228
      vertex 136.35275187821514 28.64724812178485 -1.8683408783878228
      vertex 136.531002151031 28.85695906539305 -1.8683408783878228
    endloop
  endfacet
  facet normal 0 0 1
    outer loop
      vertex 136.531002151031 28.85695906539305 -1.8683408783878228
      vertex 136.35275187821514 28.64724812178485 -1.8683408783878228
      vertex 136.49570621368053 28.807214097003712 -1.8683408783878228
    endloop
  endfacet
  facet normal 0 0 1
    outer loop
      vertex 136.5631871838028 28.902319624086946 -1.8683408783878228
      vertex 136.61985117567994 28.982180047023256 -1.8683408783878228
      vertex 136.73866799963065 29.206261312854448 -1.8683408783878228
    endloop
  endfacet
  facet normal 0 0 1
    outer loop
      vertex 136.73866799963065 29.206261312854448 -1.8683408783878228
      vertex 136.61985117567994 28.982180047023256 -1.8683408783878228
      vertex 136.72362556928562 29.169945673504373 -1.8683408783878228
    endloop
  endfacet
  facet normal 0 0 1
    outer loop
      vertex 136.75695724892557 29.250415466547818 -1.8683408783878228
      vertex 136.80572437128666 29.36814971474991 -1.8683408783878228
      vertex 136.86831739547907 29.59314675629295 -1.8683408783878228
    endloop
  endfacet
  facet normal 0 0 1
    outer loop
      vertex 136.86831739547907 29.59314675629295 -1.8683408783878228
      vertex 136.80572437128666 29.36814971474991 -1.8683408783878228
      vertex 136.8651151416131 29.57429963994055 -1.8683408783878228
    endloop
  endfacet
  facet normal 0 0 1
    outer loop
      vertex 136.91308005269755 30 -1.8683408783878228
      vertex 136.87356294895048 29.624019872774948 -1.8683408783878228
      vertex 136.90105100686876 29.78580299415603 -1.8683408783878228
    endloop
  endfacet
  facet normal 0.5032387463644025 0.5631244170948613 0.6554705600018641
    outer loop
      vertex 132.79458937890607 27.234502552888156 0
      vertex 133.74394540208166 28.560834148893246 -1.8683408783878228
      vertex 133.71989958432545 28.5783044581138 -1.864888656999499
    endloop
  endfacet
  facet normal 0.5032387463645213 0.5631244170947632 0.6554705600018571
    outer loop
      vertex 133.74394540208166 28.560834148893246 -1.8683408783878228
      vertex 132.79458937890607 27.234502552888156 0
      vertex 133.8072140970037 28.50429378631946 -1.8683408783878228
    endloop
  endfacet
  facet normal 0.5032387463647209 0.5631244170946049 0.6554705600018397
    outer loop
      vertex 133.70137825961336 28.59887447313027 -1.8683408783878228
      vertex 132.79458937890607 27.234502552888156 0
      vertex 133.71989958432545 28.5783044581138 -1.864888656999499
    endloop
  endfacet
  facet normal 0.5032387463645122 0.5631244170947695 0.6554705600018585
    outer loop
      vertex 133.64724812178486 28.64724812178485 -1.8683408783878228
      vertex 132.79458937890607 27.234502552888156 0
      vertex 133.70137825961336 28.59887447313027 -1.8683408783878228
    endloop
  endfacet
  facet normal 0.5631244170947671 0.5032387463645128 0.6554705600018603
    outer loop
      vertex 133.50429378631947 28.807214097003712 -1.8683408783878228
      vertex 132.4988190651598 27.498819065159818 0
      vertex 133.64724812178486 28.64724812178485 -1.8683408783878228
    endloop
  endfacet
  facet normal 0.6159284715476909 0.4370245564127701 0.6554705600018562
    outer loop
      vertex 133.468997848969 28.85695906539305 -1.8683408783878228
      vertex 132.23450255288816 27.79458937890608 0
      vertex 133.50429378631947 28.807214097003712 -1.8683408783878228
    endloop
  endfacet
  facet normal 0.6159284715477885 0.43702455641264254 0.6554705600018493
    outer loop
      vertex 132.23450255288816 27.79458937890608 0
      vertex 133.468997848969 28.85695906539305 -1.8683408783878228
      vertex 133.45228572576798 28.875519758569475 -1.8650119816676156
    endloop
  endfacet
  facet normal 0.6159284715474711 0.4370245564130492 0.6554705600018766
    outer loop
      vertex 133.4368128161972 28.902319624086946 -1.8683408783878228
      vertex 132.23450255288816 27.79458937890608 0
      vertex 133.45228572576798 28.875519758569475 -1.8650119816676156
    endloop
  endfacet
  facet normal 0.615928471547672 0.4370245564127966 0.6554705600018562
    outer loop
      vertex 133.38014882432006 28.982180047023256 -1.8683408783878228
      vertex 132.23450255288816 27.79458937890608 0
      vertex 133.4368128161972 28.902319624086946 -1.8683408783878228
    endloop
  endfacet
  facet normal 0.2890104596166384 0.6977329712741367 0.6554705600018542
    outer loop
      vertex 134.16994567350437 28.27637443071439 -1.8683408783878228
      vertex 133.83173558093594 26.66129210849992 0
      vertex 134.3681497147499 28.19427562871333 -1.8683408783878228
    endloop
  endfacet
  facet normal 0.36531452909664175 0.6609868681008378 0.6554705600018543
    outer loop
      vertex 134.07190558121067 28.33055927443416 -1.8683408783878228
      vertex 133.46526470245843 26.81308931658009 0
      vertex 134.16994567350437 28.27637443071439 -1.8683408783878228
    endloop
  endfacet
  facet normal 0.2090719159190353 0.725704677499587 0.6554705600018694
    outer loop
      vertex 134.3681497147499 28.19427562871333 -1.8683408783878228
      vertex 134.212898062326 26.551481089318806 0
      vertex 134.3960702757638 28.186231853654828 -1.8683408783878228
    endloop
  endfacet
  facet normal 0.20907191591920368 0.7257046774995515 0.655470560001855
    outer loop
      vertex 134.4353594427464 28.174912839639067 -1.8683408783878228
      vertex 134.212898062326 26.551481089318806 0
      vertex 134.57429963994053 28.13488485838689 -1.8683408783878228
    endloop
  endfacet
  facet normal 0.20907191591918176 0.7257046774995566 0.6554705600018564
    outer loop
      vertex 134.212898062326 26.551481089318806 0
      vertex 134.4353594427464 28.174912839639067 -1.8683408783878228
      vertex 134.40882575211674 28.180552749687724 -1.8661218001833664
    endloop
  endfacet
  facet normal 0.20907191591922128 0.7257046774995478 0.6554705600018532
    outer loop
      vertex 134.3960702757638 28.186231853654828 -1.8683408783878228
      vertex 134.212898062326 26.551481089318806 0
      vertex 134.40882575211674 28.180552749687724 -1.8661218001833664
    endloop
  endfacet
  facet normal 0.1265041715727071 0.7445502263417526 0.6554705600018571
    outer loop
      vertex 134.57429963994053 28.13488485838689 -1.8683408783878228
      vertex 134.60395880726946 26.48503719631678 0
      vertex 134.78580299415603 28.09894899313124 -1.8683408783878228
    endloop
  endfacet
  facet normal 0.3653145290966618 0.6609868681008274 0.6554705600018537
    outer loop
      vertex 133.46526470245843 26.81308931658009 0
      vertex 134.07190558121067 28.33055927443416 -1.8683408783878228
      vertex 134.04345997365124 28.343224074890653 -1.8652586241038485
    endloop
  endfacet
  facet normal 0.36531452909664175 0.6609868681008376 0.6554705600018546
    outer loop
      vertex 134.02587976628843 28.35599684319089 -1.8683408783878228
      vertex 133.46526470245843 26.81308931658009 0
      vertex 134.04345997365124 28.343224074890653 -1.8652586241038485
    endloop
  endfacet
  facet normal 0.3653145290965693 0.6609868681008715 0.6554705600018608
    outer loop
      vertex 133.98218004702326 28.380148824320067 -1.8683408783878228
      vertex 133.46526470245843 26.81308931658009 0
      vertex 134.02587976628843 28.35599684319089 -1.8683408783878228
    endloop
  endfacet
  facet normal 0.4370245564127637 0.6159284715476924 0.6554705600018591
    outer loop
      vertex 133.8072140970037 28.50429378631946 -1.8683408783878228
      vertex 133.11809401082164 27.004963775592916 0
      vertex 133.98218004702326 28.380148824320067 -1.8683408783878228
    endloop
  endfacet
  facet normal 0.04234556386927167 0.7540326240895984 0.6554705600018568
    outer loop
      vertex 134.78580299415603 28.09894899313124 -1.8683408783878228
      vertex 135 26.462796 0
      vertex 134.79523260556311 28.098419437513428 -1.8683408783878228
    endloop
  endfacet
  facet normal 0.0423455638695177 0.7540326240896038 0.6554705600018346
    outer loop
      vertex 134.79523260556311 28.098419437513428 -1.8683408783878228
      vertex 135 26.462796 0
      vertex 134.80002868198352 28.0974 -1.867477992062371
    endloop
  endfacet
  facet normal 0.04234556386922899 0.7540326240895978 0.6554705600018602
    outer loop
      vertex 134.80002868198352 28.0974 -1.867477992062371
      vertex 135 26.462796 0
      vertex 134.81338537230198 28.0974 -1.8683408783878228
    endloop
  endfacet
  facet normal 0.04234556386927412 0.7540326240895986 0.6554705600018564
    outer loop
      vertex 134.81338537230198 28.0974 -1.8683408783878228
      vertex 135 26.462796 0
      vertex 135 28.086919947302455 -1.8683408783878228
    endloop
  endfacet
  facet normal -0.042345563869274114 0.7540326240895985 0.6554705600018564
    outer loop
      vertex 135 28.086919947302455 -1.8683408783878228
      vertex 135.39604119273054 26.48503719631678 0
      vertex 135.18661462769802 28.0974 -1.8683408783878228
    endloop
  endfacet
  facet normal -0.04234556386922864 0.7540326240896025 0.6554705600018548
    outer loop
      vertex 135.18661462769802 28.0974 -1.8683408783878228
      vertex 135.39604119273054 26.48503719631678 0
      vertex 135.19997131801648 28.0974 -1.867477992062371
    endloop
  endfacet
  facet normal -0.04234556386951935 0.7540326240895788 0.6554705600018634
    outer loop
      vertex 135.39604119273054 26.48503719631678 0
      vertex 135.20476739443689 28.098419437513428 -1.8683408783878228
      vertex 135.19997131801648 28.0974 -1.867477992062371
    endloop
  endfacet
  facet normal -0.04234556386927168 0.7540326240895986 0.6554705600018567
    outer loop
      vertex 135.20476739443689 28.098419437513428 -1.8683408783878228
      vertex 135.39604119273054 26.48503719631678 0
      vertex 135.21419700584397 28.09894899313124 -1.8683408783878228
    endloop
  endfacet
  facet normal -0.1265041715727073 0.7445502263417536 0.6554705600018559
    outer loop
      vertex 135.21419700584397 28.09894899313124 -1.8683408783878228
      vertex 135.787101937674 26.551481089318806 0
      vertex 135.42570036005947 28.13488485838689 -1.8683408783878228
    endloop
  endfacet
  facet normal -0.2090719159192032 0.7257046774995498 0.655470560001857
    outer loop
      vertex 135.42570036005947 28.13488485838689 -1.8683408783878228
      vertex 136.16826441906406 26.66129210849992 0
      vertex 135.5646405572536 28.174912839639067 -1.8683408783878228
    endloop
  endfacet
  facet normal -0.20907191591917937 0.7257046774995578 0.6554705600018559
    outer loop
      vertex 135.5646405572536 28.174912839639067 -1.8683408783878228
      vertex 136.16826441906406 26.66129210849992 0
      vertex 135.59117424788326 28.180552749687724 -1.8661218001833664
    endloop
  endfacet
  facet normal -0.20907191591922286 0.7257046774995437 0.6554705600018577
    outer loop
      vertex 136.16826441906406 26.66129210849992 0
      vertex 135.6039297242362 28.186231853654828 -1.8683408783878228
      vertex 135.59117424788326 28.180552749687724 -1.8661218001833664
    endloop
  endfacet
  facet normal -0.2090719159190398 0.7257046774996027 0.6554705600018507
    outer loop
      vertex 135.6039297242362 28.186231853654828 -1.8683408783878228
      vertex 136.16826441906406 26.66129210849992 0
      vertex 135.6318502852501 28.19427562871333 -1.8683408783878228
    endloop
  endfacet
  facet normal 0.6609868681008523 0.3653145290966186 0.6554705600018529
    outer loop
      vertex 133.27637443071438 29.169945673504373 -1.8683408783878228
      vertex 132.00496377559293 28.118094010821647 0
      vertex 133.38014882432006 28.982180047023256 -1.8683408783878228
    endloop
  endfacet
  facet normal 0.6977329712742674 0.2890104596163407 0.6554705600018461
    outer loop
      vertex 133.26133200036935 29.206261312854448 -1.8683408783878228
      vertex 131.8130893165801 28.465264702458416 0
      vertex 133.27637443071438 29.169945673504373 -1.8683408783878228
    endloop
  endfacet
  facet normal 0.6977329712741536 0.2890104596165933 0.6554705600018561
    outer loop
      vertex 131.8130893165801 28.465264702458416 0
      vertex 133.26133200036935 29.206261312854448 -1.8683408783878228
      vertex 133.2523144077515 29.221880241430526 -1.8656285705085836
    endloop
  endfacet
  facet normal 0.697732971273896 0.28901045961714933 0.655470560001885
    outer loop
      vertex 133.24304275107443 29.250415466547818 -1.8683408783878228
      vertex 131.8130893165801 28.465264702458416 0
      vertex 133.2523144077515 29.221880241430526 -1.8656285705085836
    endloop
  endfacet
  facet normal 0.6977329712741953 0.28901045961651306 0.6554705600018468
    outer loop
      vertex 133.19427562871334 29.36814971474991 -1.8683408783878228
      vertex 131.8130893165801 28.465264702458416 0
      vertex 133.24304275107443 29.250415466547818 -1.8683408783878228
    endloop
  endfacet
  facet normal 0.43702455641276444 -0.6159284715476934 0.6554705600018577
    outer loop
      vertex 133.98218004702326 31.619851175679933 -1.8683408783878228
      vertex 132.79458937890607 32.76549744711185 0
      vertex 133.8072140970037 31.49570621368054 -1.8683408783878228
    endloop
  endfacet
  facet normal 0.7445502263416217 0.12650417157336635 0.6554705600018783
    outer loop
      vertex 133.13168260452093 29.59314675629295 -1.8683408783878228
      vertex 131.5514810893188 29.212898062325987 0
      vertex 133.1348848583869 29.57429963994055 -1.8683408783878228
    endloop
  endfacet
  facet normal 0.7445502263417938 0.12650417157251226 0.6554705600018477
    outer loop
      vertex 131.5514810893188 29.212898062325987 0
      vertex 133.13168260452093 29.59314675629295 -1.8683408783878228
      vertex 133.1287253364422 29.602248291573925 -1.8667382855320547
    endloop
  endfacet
  facet normal 0.7445502263417022 0.12650417157295876 0.6554705600018658
    outer loop
      vertex 133.12643705104952 29.62401987277495 -1.8683408783878228
      vertex 131.5514810893188 29.212898062325987 0
      vertex 133.1287253364422 29.602248291573925 -1.8667382855320547
    endloop
  endfacet
  facet normal 0.7445502263417701 0.1265041715726328 0.6554705600018513
    outer loop
      vertex 133.09894899313124 29.785802994156032 -1.8683408783878228
      vertex 131.5514810893188 29.212898062325987 0
      vertex 133.12643705104952 29.62401987277495 -1.8683408783878228
    endloop
  endfacet
  facet normal 0.7540326240895974 0.04234556386931468 0.6554705600018552
    outer loop
      vertex 133.08691994730245 30 -1.8683408783878228
      vertex 131.4850371963168 29.603958807269475 0
      vertex 133.09894899313124 29.785802994156032 -1.8683408783878228
    endloop
  endfacet
  facet normal -0.2890104596166378 0.6977329712741352 0.6554705600018558
    outer loop
      vertex 135.6318502852501 28.19427562871333 -1.8683408783878228
      vertex 136.53473529754157 26.81308931658009 0
      vertex 135.83005432649563 28.27637443071439 -1.8683408783878228
    endloop
  endfacet
  facet normal -0.36531452909663925 0.6609868681008334 0.6554705600018601
    outer loop
      vertex 135.83005432649563 28.27637443071439 -1.8683408783878228
      vertex 136.88190598917836 27.004963775592916 0
      vertex 135.92809441878933 28.33055927443416 -1.8683408783878228
    endloop
  endfacet
  facet normal -0.36531452909666023 0.6609868681008204 0.6554705600018615
    outer loop
      vertex 135.92809441878933 28.33055927443416 -1.8683408783878228
      vertex 136.88190598917836 27.004963775592916 0
      vertex 135.95654002634876 28.343224074890653 -1.8652586241038485
    endloop
  endfacet
  facet normal -0.3653145290966372 0.6609868681008346 0.6554705600018601
    outer loop
      vertex 136.88190598917836 27.004963775592916 0
      vertex 135.97412023371157 28.35599684319089 -1.8683408783878228
      vertex 135.95654002634876 28.343224074890653 -1.8652586241038485
    endloop
  endfacet
  facet normal -0.365314529096571 0.6609868681008745 0.6554705600018569
    outer loop
      vertex 135.97412023371157 28.35599684319089 -1.8683408783878228
      vertex 136.88190598917836 27.004963775592916 0
      vertex 136.01781995297674 28.380148824320067 -1.8683408783878228
    endloop
  endfacet
  facet normal -0.4370245564127647 0.6159284715476937 0.6554705600018569
    outer loop
      vertex 136.01781995297674 28.380148824320067 -1.8683408783878228
      vertex 137.20541062109393 27.234502552888156 0
      vertex 136.1927859029963 28.50429378631946 -1.8683408783878228
    endloop
  endfacet
  facet normal -0.5032387463645198 0.5631244170947617 0.6554705600018598
    outer loop
      vertex 136.1927859029963 28.50429378631946 -1.8683408783878228
      vertex 137.5011809348402 27.498819065159818 0
      vertex 136.25605459791834 28.560834148893246 -1.8683408783878228
    endloop
  endfacet
  facet normal -0.5032387463644079 0.563124417094874 0.6554705600018491
    outer loop
      vertex 136.25605459791834 28.560834148893246 -1.8683408783878228
      vertex 137.5011809348402 27.498819065159818 0
      vertex 136.28010041567455 28.5783044581138 -1.864888656999499
    endloop
  endfacet
  facet normal -0.5032387463646966 0.5631244170945885 0.6554705600018726
    outer loop
      vertex 137.5011809348402 27.498819065159818 0
      vertex 136.29862174038664 28.59887447313027 -1.8683408783878228
      vertex 136.28010041567455 28.5783044581138 -1.864888656999499
    endloop
  endfacet
  facet normal -0.5032387463645115 0.5631244170947688 0.6554705600018599
    outer loop
      vertex 136.29862174038664 28.59887447313027 -1.8683408783878228
      vertex 137.5011809348402 27.498819065159818 0
      vertex 136.35275187821514 28.64724812178485 -1.8683408783878228
    endloop
  endfacet
  facet normal -0.56312441709477 0.5032387463645154 0.6554705600018558
    outer loop
      vertex 136.35275187821514 28.64724812178485 -1.8683408783878228
      vertex 137.76549744711184 27.794589378906082 0
      vertex 136.49570621368053 28.807214097003712 -1.8683408783878228
    endloop
  endfacet
  facet normal -0.6159284715476905 0.43702455641276977 0.6554705600018568
    outer loop
      vertex 136.49570621368053 28.807214097003712 -1.8683408783878228
      vertex 137.99503622440707 28.118094010821643 0
      vertex 136.531002151031 28.85695906539305 -1.8683408783878228
    endloop
  endfacet
  facet normal -0.6159284715477781 0.43702455641262766 0.6554705600018692
    outer loop
      vertex 136.531002151031 28.85695906539305 -1.8683408783878228
      vertex 137.99503622440707 28.118094010821643 0
      vertex 136.54771427423202 28.875519758569475 -1.8650119816676156
    endloop
  endfacet
  facet normal -0.6159284715475063 0.4370245564130628 0.6554705600018346
    outer loop
      vertex 137.99503622440707 28.118094010821643 0
      vertex 136.5631871838028 28.902319624086946 -1.8683408783878228
      vertex 136.54771427423202 28.875519758569475 -1.8650119816676156
    endloop
  endfacet
  facet normal -0.6159284715476744 0.43702455641279825 0.6554705600018529
    outer loop
      vertex 136.5631871838028 28.902319624086946 -1.8683408783878228
      vertex 137.99503622440707 28.118094010821643 0
      vertex 136.61985117567994 28.982180047023256 -1.8683408783878228
    endloop
  endfacet
  facet normal -0.6609868681008506 0.36531452909661766 0.6554705600018548
    outer loop
      vertex 136.61985117567994 28.982180047023256 -1.8683408783878228
      vertex 138.1869106834199 28.465264702458416 0
      vertex 136.72362556928562 29.169945673504373 -1.8683408783878228
    endloop
  endfacet
  facet normal -0.6977329712742351 0.28901045961632726 0.6554705600018866
    outer loop
      vertex 136.72362556928562 29.169945673504373 -1.8683408783878228
      vertex 138.3387078915001 28.831735580935934 0
      vertex 136.73866799963065 29.206261312854448 -1.8683408783878228
    endloop
  endfacet
  facet normal -0.6977329712741467 0.289010459616592 0.6554705600018641
    outer loop
      vertex 136.73866799963065 29.206261312854448 -1.8683408783878228
      vertex 138.3387078915001 28.831735580935934 0
      vertex 136.7476855922485 29.221880241430526 -1.8656285705085836
    endloop
  endfacet
  facet normal -0.6977329712739528 0.28901045961716215 0.6554705600018187
    outer loop
      vertex 138.3387078915001 28.831735580935934 0
      vertex 136.75695724892557 29.250415466547818 -1.8683408783878228
      vertex 136.7476855922485 29.221880241430526 -1.8656285705085836
    endloop
  endfacet
  facet normal -0.6977329712741811 0.2890104596165072 0.6554705600018645
    outer loop
      vertex 136.75695724892557 29.250415466547818 -1.8683408783878228
      vertex 138.3387078915001 28.831735580935934 0
      vertex 136.80572437128666 29.36814971474991 -1.8683408783878228
    endloop
  endfacet
  facet normal -0.7257046774995533 0.20907191591918317 0.6554705600018597
    outer loop
      vertex 136.80572437128666 29.36814971474991 -1.8683408783878228
      vertex 138.4485189106812 29.21289806232599 0
      vertex 136.8651151416131 29.57429963994055 -1.8683408783878228
    endloop
  endfacet
  facet normal -0.7445502263416949 0.1265041715733788 0.6554705600017929
    outer loop
      vertex 136.8651151416131 29.57429963994055 -1.8683408783878228
      vertex 138.5149628036832 29.603958807269475 0
      vertex 136.86831739547907 29.59314675629295 -1.8683408783878228
    endloop
  endfacet
  facet normal -0.7445502263417764 0.12650417157250082 0.6554705600018698
    outer loop
      vertex 136.86831739547907 29.59314675629295 -1.8683408783878228
      vertex 138.5149628036832 29.603958807269475 0
      vertex 136.8712746635578 29.602248291573925 -1.8667382855320547
    endloop
  endfacet
  facet normal -0.7445502263417307 0.12650417157297972 0.6554705600018292
    outer loop
      vertex 136.8712746635578 29.602248291573925 -1.8667382855320547
      vertex 138.5149628036832 29.603958807269475 0
      vertex 136.87356294895048 29.624019872774948 -1.8683408783878228
    endloop
  endfacet
  facet normal -0.7445502263417659 0.12650417157263208 0.6554705600018563
    outer loop
      vertex 136.87356294895048 29.624019872774948 -1.8683408783878228
      vertex 138.5149628036832 29.603958807269475 0
      vertex 136.90105100686876 29.78580299415603 -1.8683408783878228
    endloop
  endfacet
  facet normal -0.754032624089598 0.04234556386931402 0.6554705600018544
    outer loop
      vertex 136.90105100686876 29.78580299415603 -1.8683408783878228
      vertex 138.537204 30 0
      vertex 136.91308005269755 30 -1.8683408783878228
    endloop
  endfacet
  facet normal 0.3653145290965983 0.6609868681008583 0.6554705600018578
    outer loop
      vertex 133.98218004702326 28.380148824320067 -1.8683408783878228
      vertex 133.11809401082164 27.004963775592916 0
      vertex 133.46526470245843 26.81308931658009 0
    endloop
  endfacet
  facet normal 0.20907191591918742 0.7257046774995562 0.655470560001855
    outer loop
      vertex 134.3681497147499 28.19427562871333 -1.8683408783878228
      vertex 133.83173558093594 26.66129210849992 0
      vertex 134.212898062326 26.551481089318806 0
    endloop
  endfacet
  facet normal 0.12650417157271787 0.7445502263417516 0.6554705600018561
    outer loop
      vertex 134.57429963994053 28.13488485838689 -1.8683408783878228
      vertex 134.212898062326 26.551481089318806 0
      vertex 134.60395880726946 26.48503719631678 0
    endloop
  endfacet
  facet normal 0.28901045961662536 0.6977329712741407 0.6554705600018556
    outer loop
      vertex 134.16994567350437 28.27637443071439 -1.8683408783878228
      vertex 133.46526470245843 26.81308931658009 0
      vertex 133.83173558093594 26.66129210849992 0
    endloop
  endfacet
  facet normal 0.042345563869273344 0.7540326240895985 0.6554705600018567
    outer loop
      vertex 134.78580299415603 28.09894899313124 -1.8683408783878228
      vertex 134.60395880726946 26.48503719631678 0
      vertex 135 26.462796 0
    endloop
  endfacet
  facet normal -0.042345563869273545 0.7540326240895986 0.6554705600018566
    outer loop
      vertex 135 28.086919947302455 -1.8683408783878228
      vertex 135 26.462796 0
      vertex 135.39604119273054 26.48503719631678 0
    endloop
  endfacet
  facet normal -0.12650417157271765 0.744550226341751 0.6554705600018568
    outer loop
      vertex 135.21419700584397 28.09894899313124 -1.8683408783878228
      vertex 135.39604119273054 26.48503719631678 0
      vertex 135.787101937674 26.551481089318806 0
    endloop
  endfacet
  facet normal -0.20907191591918733 0.7257046774995556 0.6554705600018556
    outer loop
      vertex 135.42570036005947 28.13488485838689 -1.8683408783878228
      vertex 135.787101937674 26.551481089318806 0
      vertex 136.16826441906406 26.66129210849992 0
    endloop
  endfacet
  facet normal -0.2890104596166257 0.6977329712741416 0.6554705600018546
    outer loop
      vertex 135.6318502852501 28.19427562871333 -1.8683408783878228
      vertex 136.16826441906406 26.66129210849992 0
      vertex 136.53473529754157 26.81308931658009 0
    endloop
  endfacet
  facet normal -0.3653145290965991 0.66098686810086 0.6554705600018558
    outer loop
      vertex 135.83005432649563 28.27637443071439 -1.8683408783878228
      vertex 136.53473529754157 26.81308931658009 0
      vertex 136.88190598917836 27.004963775592916 0
    endloop
  endfacet
  facet normal 0.503238746364504 0.5631244170947757 0.6554705600018598
    outer loop
      vertex 133.64724812178486 28.64724812178485 -1.8683408783878228
      vertex 132.4988190651598 27.498819065159818 0
      vertex 132.79458937890607 27.234502552888156 0
    endloop
  endfacet
  facet normal 0.43702455641277943 0.6159284715476828 0.6554705600018574
    outer loop
      vertex 133.8072140970037 28.50429378631946 -1.8683408783878228
      vertex 132.79458937890607 27.234502552888156 0
      vertex 133.11809401082164 27.004963775592916 0
    endloop
  endfacet
  facet normal 0.5631244170947907 0.5032387463644906 0.6554705600018572
    outer loop
      vertex 133.50429378631947 28.807214097003712 -1.8683408783878228
      vertex 132.23450255288816 27.79458937890608 0
      vertex 132.4988190651598 27.498819065159818 0
    endloop
  endfacet
  facet normal 0.6609868681008428 0.3653145290966326 0.6554705600018543
    outer loop
      vertex 132.00496377559293 28.118094010821647 0
      vertex 133.27637443071438 29.169945673504373 -1.8683408783878228
      vertex 131.8130893165801 28.465264702458416 0
    endloop
  endfacet
  facet normal 0.6159284715476923 0.43702455641277255 0.6554705600018533
    outer loop
      vertex 133.38014882432006 28.982180047023256 -1.8683408783878228
      vertex 132.00496377559293 28.118094010821647 0
      vertex 132.23450255288816 27.79458937890608 0
    endloop
  endfacet
  facet normal 0.6977329712741281 0.2890104596166446 0.6554705600018604
    outer loop
      vertex 133.19427562871334 29.36814971474991 -1.8683408783878228
      vertex 131.6612921084999 28.831735580935934 0
      vertex 131.8130893165801 28.465264702458416 0
    endloop
  endfacet
  facet normal 0.7257046774995559 0.209071915919172 0.6554705600018601
    outer loop
      vertex 133.1348848583869 29.57429963994055 -1.8683408783878228
      vertex 131.5514810893188 29.212898062325987 0
      vertex 131.6612921084999 28.831735580935934 0
    endloop
  endfacet
  facet normal 0.7445502263417597 0.12650417157267405 0.6554705600018553
    outer loop
      vertex 131.5514810893188 29.212898062325987 0
      vertex 133.09894899313124 29.785802994156032 -1.8683408783878228
      vertex 131.4850371963168 29.603958807269475 0
    endloop
  endfacet
  facet normal 0.7540326240895983 0.042345563869308364 0.6554705600018547
    outer loop
      vertex 131.4850371963168 29.603958807269475 0
      vertex 133.08691994730245 30 -1.8683408783878228
      vertex 131.462796 30 0
    endloop
  endfacet
  facet normal -0.43702455641277865 0.615928471547682 0.6554705600018587
    outer loop
      vertex 136.01781995297674 28.380148824320067 -1.8683408783878228
      vertex 136.88190598917836 27.004963775592916 0
      vertex 137.20541062109393 27.234502552888156 0
    endloop
  endfacet
  facet normal -0.5032387463645052 0.563124417094777 0.6554705600018578
    outer loop
      vertex 136.1927859029963 28.50429378631946 -1.8683408783878228
      vertex 137.20541062109393 27.234502552888156 0
      vertex 137.5011809348402 27.498819065159818 0
    endloop
  endfacet
  facet normal -0.5631244170947924 0.5032387463644861 0.6554705600018591
    outer loop
      vertex 136.35275187821514 28.64724812178485 -1.8683408783878228
      vertex 137.5011809348402 27.498819065159818 0
      vertex 137.76549744711184 27.794589378906082 0
    endloop
  endfacet
  facet normal -0.6159284715476858 0.4370245564127775 0.655470560001856
    outer loop
      vertex 136.49570621368053 28.807214097003712 -1.8683408783878228
      vertex 137.76549744711184 27.794589378906082 0
      vertex 137.99503622440707 28.118094010821643 0
    endloop
  endfacet
  facet normal 0.04234556386951935 -0.7540326240895788 0.6554705600018634
    outer loop
      vertex 134.60395880726946 33.51496280368322 0
      vertex 134.79523260556311 31.901580562486572 -1.8683408783878228
      vertex 134.80002868198352 31.9026 -1.867477992062371
    endloop
  endfacet
  facet normal 0.04234556386927168 -0.7540326240895986 0.6554705600018567
    outer loop
      vertex 134.79523260556311 31.901580562486572 -1.8683408783878228
      vertex 134.60395880726946 33.51496280368322 0
      vertex 134.78580299415603 31.90105100686876 -1.8683408783878228
    endloop
  endfacet
  facet normal 0.12650417157269533 -0.7445502263417567 0.6554705600018548
    outer loop
      vertex 134.78580299415603 31.90105100686876 -1.8683408783878228
      vertex 134.212898062326 33.448518910681194 0
      vertex 134.57429963994053 31.865115141613114 -1.8683408783878228
    endloop
  endfacet
  facet normal -0.6609868681008451 0.36531452909663004 0.6554705600018536
    outer loop
      vertex 136.61985117567994 28.982180047023256 -1.8683408783878228
      vertex 137.99503622440707 28.118094010821643 0
      vertex 138.1869106834199 28.465264702458416 0
    endloop
  endfacet
  facet normal -0.6977329712741321 0.2890104596166462 0.6554705600018554
    outer loop
      vertex 136.72362556928562 29.169945673504373 -1.8683408783878228
      vertex 138.1869106834199 28.465264702458416 0
      vertex 138.3387078915001 28.831735580935934 0
    endloop
  endfacet
  facet normal -0.7257046774995559 0.20907191591916988 0.6554705600018609
    outer loop
      vertex 136.80572437128666 29.36814971474991 -1.8683408783878228
      vertex 138.3387078915001 28.831735580935934 0
      vertex 138.4485189106812 29.21289806232599 0
    endloop
  endfacet
  facet normal -0.7445502263417567 0.12650417157267466 0.6554705600018587
    outer loop
      vertex 136.8651151416131 29.57429963994055 -1.8683408783878228
      vertex 138.4485189106812 29.21289806232599 0
      vertex 138.5149628036832 29.603958807269475 0
    endloop
  endfacet
  facet normal -0.7540326240895979 0.04234556386930822 0.6554705600018551
    outer loop
      vertex 136.90105100686876 29.78580299415603 -1.8683408783878228
      vertex 138.5149628036832 29.603958807269475 0
      vertex 138.537204 30 0
    endloop
  endfacet
  facet normal 0 0 1
    outer loop
      vertex 133.08691994730245 30 -1.8683408783878228
      vertex 133.12643705104952 30.37598012722505 -1.8683408783878228
      vertex 133.09894899313124 30.214197005843968 -1.8683408783878228
    endloop
  endfacet
  facet normal 0 0 1
    outer loop
      vertex 133.19427562871334 30.63185028525009 -1.8683408783878228
      vertex 133.1348848583869 30.42570036005945 -1.8683408783878228
      vertex 133.13168260452093 30.40685324370705 -1.8683408783878228
    endloop
  endfacet
  facet normal 0 0 1
    outer loop
      vertex 133.13168260452093 30.40685324370705 -1.8683408783878228
      vertex 133.24304275107443 30.749584533452182 -1.8683408783878228
      vertex 133.19427562871334 30.63185028525009 -1.8683408783878228
    endloop
  endfacet
  facet normal 0 0 1
    outer loop
      vertex 133.38014882432006 31.017819952976744 -1.8683408783878228
      vertex 133.27637443071438 30.830054326495627 -1.8683408783878228
      vertex 133.26133200036935 30.793738687145552 -1.8683408783878228
    endloop
  endfacet
  facet normal 0 0 1
    outer loop
      vertex 133.26133200036935 30.793738687145552 -1.8683408783878228
      vertex 133.4368128161972 31.097680375913054 -1.8683408783878228
      vertex 133.38014882432006 31.017819952976744 -1.8683408783878228
    endloop
  endfacet
  facet normal 0 0 1
    outer loop
      vertex 133.64724812178486 31.35275187821515 -1.8683408783878228
      vertex 133.50429378631947 31.192785902996288 -1.8683408783878228
      vertex 133.468997848969 31.14304093460695 -1.8683408783878228
    endloop
  endfacet
  facet normal 0 0 1
    outer loop
      vertex 133.468997848969 31.14304093460695 -1.8683408783878228
      vertex 133.70137825961336 31.40112552686973 -1.8683408783878228
      vertex 133.64724812178486 31.35275187821515 -1.8683408783878228
    endloop
  endfacet
  facet normal 0 0 1
    outer loop
      vertex 133.98218004702326 31.619851175679933 -1.8683408783878228
      vertex 133.8072140970037 31.49570621368054 -1.8683408783878228
      vertex 133.74394540208166 31.439165851106754 -1.8683408783878228
    endloop
  endfacet
  facet normal 0 0 1
    outer loop
      vertex 133.74394540208166 31.439165851106754 -1.8683408783878228
      vertex 134.02587976628843 31.64400315680911 -1.8683408783878228
      vertex 133.98218004702326 31.619851175679933 -1.8683408783878228
    endloop
  endfacet
  facet normal 0 0 1
    outer loop
      vertex 134.3681497147499 31.80572437128667 -1.8683408783878228
      vertex 134.16994567350437 31.72362556928561 -1.8683408783878228
      vertex 134.07190558121067 31.66944072556584 -1.8683408783878228
    endloop
  endfacet
  facet normal 0 0 1
    outer loop
      vertex 134.07190558121067 31.66944072556584 -1.8683408783878228
      vertex 134.3960702757638 31.813768146345172 -1.8683408783878228
      vertex 134.3681497147499 31.80572437128667 -1.8683408783878228
    endloop
  endfacet
  facet normal 0 0 1
    outer loop
      vertex 134.78580299415603 31.90105100686876 -1.8683408783878228
      vertex 134.57429963994053 31.865115141613114 -1.8683408783878228
      vertex 134.4353594427464 31.825087160360933 -1.8683408783878228
    endloop
  endfacet
  facet normal 0 0 1
    outer loop
      vertex 135.20476739443689 31.901580562486572 -1.8683408783878228
      vertex 135.5646405572536 31.825087160360933 -1.8683408783878228
      vertex 135.42570036005947 31.865115141613114 -1.8683408783878228
    endloop
  endfacet
  facet normal 0 0 1
    outer loop
      vertex 135.6039297242362 31.813768146345172 -1.8683408783878228
      vertex 135.92809441878933 31.66944072556584 -1.8683408783878228
      vertex 135.83005432649563 31.72362556928561 -1.8683408783878228
    endloop
  endfacet
  facet normal 0 0 1
    outer loop
      vertex 135.6039297242362 31.813768146345172 -1.8683408783878228
      vertex 135.83005432649563 31.72362556928561 -1.8683408783878228
      vertex 135.6318502852501 31.80572437128667 -1.8683408783878228
    endloop
  endfacet
  facet normal 0 0 1
    outer loop
      vertex 134.4353594427464 31.825087160360933 -1.8683408783878228
      vertex 134.79523260556311 31.901580562486572 -1.8683408783878228
      vertex 134.78580299415603 31.90105100686876 -1.8683408783878228
    endloop
  endfacet
  facet normal 0 0 1
    outer loop
      vertex 134.81338537230198 31.9026 -1.8683408783878228
      vertex 135.18661462769802 31.9026 -1.8683408783878228
      vertex 135 31.913080052697545 -1.8683408783878228
    endloop
  endfacet
  facet normal 0 0 1
    outer loop
      vertex 135.42570036005947 31.865115141613114 -1.8683408783878228
      vertex 135.21419700584397 31.90105100686876 -1.8683408783878228
      vertex 135.20476739443689 31.901580562486572 -1.8683408783878228
    endloop
  endfacet
  facet normal 0 0 1
    outer loop
      vertex 136.87356294895048 30.375980127225052 -1.8683408783878228
      vertex 136.91308005269755 30 -1.8683408783878228
      vertex 136.90105100686876 30.21419700584397 -1.8683408783878228
    endloop
  endfacet
  facet normal 0 0 1
    outer loop
      vertex 136.75695724892557 30.749584533452182 -1.8683408783878228
      vertex 136.8651151416131 30.42570036005945 -1.8683408783878228
      vertex 136.80572437128666 30.63185028525009 -1.8683408783878228
    endloop
  endfacet
  facet normal 0 0 1
    outer loop
      vertex 136.8651151416131 30.42570036005945 -1.8683408783878228
      vertex 136.75695724892557 30.749584533452182 -1.8683408783878228
      vertex 136.86831739547907 30.40685324370705 -1.8683408783878228
    endloop
  endfacet
  facet normal 0 0 1
    outer loop
      vertex 136.5631871838028 31.097680375913054 -1.8683408783878228
      vertex 136.73866799963065 30.793738687145552 -1.8683408783878228
      vertex 136.72362556928562 30.830054326495627 -1.8683408783878228
    endloop
  endfacet
  facet normal 0 0 1
    outer loop
      vertex 136.29862174038664 31.40112552686973 -1.8683408783878228
      vertex 136.531002151031 31.14304093460695 -1.8683408783878228
      vertex 136.49570621368053 31.192785902996288 -1.8683408783878228
    endloop
  endfacet
  facet normal -0.12650417157271795 -0.7445502263417523 0.6554705600018553
    outer loop
      vertex 135.42570036005947 31.865115141613114 -1.8683408783878228
      vertex 135.787101937674 33.448518910681194 0
      vertex 135.39604119273054 33.51496280368322 0
    endloop
  endfacet
  facet normal 0.2090719159192201 -0.7257046774995441 0.6554705600018579
    outer loop
      vertex 134.57429963994053 31.865115141613114 -1.8683408783878228
      vertex 133.83173558093594 33.33870789150008 0
      vertex 134.4353594427464 31.825087160360933 -1.8683408783878228
    endloop
  endfacet
  facet normal 0.20907191591917937 -0.7257046774995578 0.6554705600018559
    outer loop
      vertex 134.4353594427464 31.825087160360933 -1.8683408783878228
      vertex 133.83173558093594 33.33870789150008 0
      vertex 134.40882575211674 31.819447250312276 -1.8661218001833664
    endloop
  endfacet
  facet normal 0.20907191591922286 -0.7257046774995437 0.6554705600018577
    outer loop
      vertex 133.83173558093594 33.33870789150008 0
      vertex 134.3960702757638 31.813768146345172 -1.8683408783878228
      vertex 134.40882575211674 31.819447250312276 -1.8661218001833664
    endloop
  endfacet
  facet normal 0.2090719159190398 -0.7257046774996027 0.6554705600018507
    outer loop
      vertex 134.3960702757638 31.813768146345172 -1.8683408783878228
      vertex 133.83173558093594 33.33870789150008 0
      vertex 134.3681497147499 31.80572437128667 -1.8683408783878228
    endloop
  endfacet
  facet normal 0.2890104596166378 -0.6977329712741352 0.6554705600018558
    outer loop
      vertex 134.3681497147499 31.80572437128667 -1.8683408783878228
      vertex 133.46526470245843 33.18691068341991 0
      vertex 134.16994567350437 31.72362556928561 -1.8683408783878228
    endloop
  endfacet
  facet normal 0.36531452909663903 -0.660986868100833 0.6554705600018609
    outer loop
      vertex 134.16994567350437 31.72362556928561 -1.8683408783878228
      vertex 133.11809401082164 32.99503622440709 0
      vertex 134.07190558121067 31.66944072556584 -1.8683408783878228
    endloop
  endfacet
  facet normal 0.36531452909666007 -0.6609868681008199 0.6554705600018623
    outer loop
      vertex 134.07190558121067 31.66944072556584 -1.8683408783878228
      vertex 133.11809401082164 32.99503622440709 0
      vertex 134.04345997365124 31.656775925109347 -1.8652586241038485
    endloop
  endfacet
  facet normal 0.36531452909663614 -0.6609868681008338 0.6554705600018614
    outer loop
      vertex 133.11809401082164 32.99503622440709 0
      vertex 134.02587976628843 31.64400315680911 -1.8683408783878228
      vertex 134.04345997365124 31.656775925109347 -1.8652586241038485
    endloop
  endfacet
  facet normal -0.20907191591918742 -0.7257046774995562 0.655470560001855
    outer loop
      vertex 135.6318502852501 31.80572437128667 -1.8683408783878228
      vertex 136.16826441906406 33.33870789150008 0
      vertex 135.787101937674 33.448518910681194 0
    endloop
  endfacet
  facet normal -0.28901045961662536 -0.6977329712741407 0.6554705600018556
    outer loop
      vertex 135.83005432649563 31.72362556928561 -1.8683408783878228
      vertex 136.53473529754157 33.18691068341991 0
      vertex 136.16826441906406 33.33870789150008 0
    endloop
  endfacet
  facet normal 0 0 1
    outer loop
      vertex 135.20476739443689 28.098419437513428 -1.8683408783878228
      vertex 135.21419700584397 28.09894899313124 -1.8683408783878228
      vertex 135.5646405572536 28.174912839639067 -1.8683408783878228
    endloop
  endfacet
  facet normal 0 0 1
    outer loop
      vertex 136.5631871838028 31.097680375913054 -1.8683408783878228
      vertex 136.72362556928562 30.830054326495627 -1.8683408783878228
      vertex 136.61985117567994 31.017819952976744 -1.8683408783878228
    endloop
  endfacet
  facet normal 0 0 1
    outer loop
      vertex 136.29862174038664 31.40112552686973 -1.8683408783878228
      vertex 136.49570621368053 31.192785902996288 -1.8683408783878228
      vertex 136.35275187821514 31.35275187821515 -1.8683408783878228
    endloop
  endfacet
  facet normal 0 0 1
    outer loop
      vertex 135.97412023371157 31.64400315680911 -1.8683408783878228
      vertex 136.25605459791834 31.439165851106754 -1.8683408783878228
      vertex 136.1927859029963 31.49570621368054 -1.8683408783878228
    endloop
  endfacet
  facet normal 0 0 1
    outer loop
      vertex 135.97412023371157 31.64400315680911 -1.8683408783878228
      vertex 136.1927859029963 31.49570621368054 -1.8683408783878228
      vertex 136.01781995297674 31.619851175679933 -1.8683408783878228
    endloop
  endfacet
  facet normal 0.3653145290965707 -0.6609868681008739 0.6554705600018577
    outer loop
      vertex 134.02587976628843 31.64400315680911 -1.8683408783878228
      vertex 133.11809401082164 32.99503622440709 0
      vertex 133.98218004702326 31.619851175679933 -1.8683408783878228
    endloop
  endfacet
  facet normal 0.754032624089598 -0.04234556386931472 0.6554705600018544
    outer loop
      vertex 133.09894899313124 30.214197005843968 -1.8683408783878228
      vertex 131.462796 30 0
      vertex 133.08691994730245 30 -1.8683408783878228
    endloop
  endfacet
  facet normal 0.7445502263417658 -0.12650417157263208 0.6554705600018566
    outer loop
      vertex 133.12643705104952 30.37598012722505 -1.8683408783878228
      vertex 131.4850371963168 30.396041192730525 0
      vertex 133.09894899313124 30.214197005843968 -1.8683408783878228
    endloop
  endfacet
  facet normal 0.7445502263417327 -0.12650417157295943 0.6554705600018309
    outer loop
      vertex 133.1287253364422 30.397751708426075 -1.8667382855320547
      vertex 131.4850371963168 30.396041192730525 0
      vertex 133.12643705104952 30.37598012722505 -1.8683408783878228
    endloop
  endfacet
  facet normal 0.7445502263417764 -0.12650417157250082 0.6554705600018698
    outer loop
      vertex 133.13168260452093 30.40685324370705 -1.8683408783878228
      vertex 131.4850371963168 30.396041192730525 0
      vertex 133.1287253364422 30.397751708426075 -1.8667382855320547
    endloop
  endfacet
  facet normal 0.7445502263416949 -0.1265041715733788 0.6554705600017929
    outer loop
      vertex 133.1348848583869 30.42570036005945 -1.8683408783878228
      vertex 131.4850371963168 30.396041192730525 0
      vertex 133.13168260452093 30.40685324370705 -1.8683408783878228
    endloop
  endfacet
  facet normal 0.7257046774995531 -0.20907191591918314 0.6554705600018599
    outer loop
      vertex 133.19427562871334 30.63185028525009 -1.8683408783878228
      vertex 131.5514810893188 30.787101937674013 0
      vertex 133.1348848583869 30.42570036005945 -1.8683408783878228
    endloop
  endfacet
  facet normal 0.6977329712741811 -0.2890104596165072 0.6554705600018645
    outer loop
      vertex 133.24304275107443 30.749584533452182 -1.8683408783878228
      vertex 131.6612921084999 31.168264419064066 0
      vertex 133.19427562871334 30.63185028525009 -1.8683408783878228
    endloop
  endfacet
  facet normal 0.6977329712739528 -0.28901045961716215 0.6554705600018187
    outer loop
      vertex 131.6612921084999 31.168264419064066 0
      vertex 133.24304275107443 30.749584533452182 -1.8683408783878228
      vertex 133.2523144077515 30.778119758569474 -1.8656285705085836
    endloop
  endfacet
  facet normal 0.6977329712741467 -0.289010459616592 0.6554705600018641
    outer loop
      vertex 133.26133200036935 30.793738687145552 -1.8683408783878228
      vertex 131.6612921084999 31.168264419064066 0
      vertex 133.2523144077515 30.778119758569474 -1.8656285705085836
    endloop
  endfacet
  facet normal 0.6977329712742351 -0.28901045961632726 0.6554705600018866
    outer loop
      vertex 133.27637443071438 30.830054326495627 -1.8683408783878228
      vertex 131.6612921084999 31.168264419064066 0
      vertex 133.26133200036935 30.793738687145552 -1.8683408783878228
    endloop
  endfacet
  facet normal 0.6609868681008506 -0.36531452909661766 0.6554705600018548
    outer loop
      vertex 133.38014882432006 31.017819952976744 -1.8683408783878228
      vertex 131.8130893165801 31.534735297541584 0
      vertex 133.27637443071438 30.830054326495627 -1.8683408783878228
    endloop
  endfacet
  facet normal 0.6159284715476747 -0.43702455641279847 0.6554705600018524
    outer loop
      vertex 133.4368128161972 31.097680375913054 -1.8683408783878228
      vertex 132.00496377559293 31.881905989178353 0
      vertex 133.38014882432006 31.017819952976744 -1.8683408783878228
    endloop
  endfacet
  facet normal 0.6159284715475067 -0.43702455641306276 0.6554705600018341
    outer loop
      vertex 132.00496377559293 31.881905989178353 0
      vertex 133.4368128161972 31.097680375913054 -1.8683408783878228
      vertex 133.45228572576798 31.124480241430525 -1.8650119816676156
    endloop
  endfacet
  facet normal 0.6159284715477783 -0.43702455641262794 0.6554705600018688
    outer loop
      vertex 133.468997848969 31.14304093460695 -1.8683408783878228
      vertex 132.00496377559293 31.881905989178353 0
      vertex 133.45228572576798 31.124480241430525 -1.8650119816676156
    endloop
  endfacet
  facet normal 0.6159284715476908 -0.43702455641277005 0.6554705600018563
    outer loop
      vertex 133.50429378631947 31.192785902996288 -1.8683408783878228
      vertex 132.00496377559293 31.881905989178353 0
      vertex 133.468997848969 31.14304093460695 -1.8683408783878228
    endloop
  endfacet
  facet normal 0.56312441709477 -0.5032387463645154 0.6554705600018558
    outer loop
      vertex 133.64724812178486 31.35275187821515 -1.8683408783878228
      vertex 132.23450255288816 32.20541062109392 0
      vertex 133.50429378631947 31.192785902996288 -1.8683408783878228
    endloop
  endfacet
  facet normal 0.5032387463645118 -0.5631244170947691 0.6554705600018592
    outer loop
      vertex 133.70137825961336 31.40112552686973 -1.8683408783878228
      vertex 132.4988190651598 32.50118093484018 0
      vertex 133.64724812178486 31.35275187821515 -1.8683408783878228
    endloop
  endfacet
  facet normal 0.5032387463646967 -0.563124417094588 0.655470560001873
    outer loop
      vertex 132.4988190651598 32.50118093484018 0
      vertex 133.70137825961336 31.40112552686973 -1.8683408783878228
      vertex 133.71989958432545 31.4216955418862 -1.864888656999499
    endloop
  endfacet
  facet normal 0.5032387463644081 -0.5631244170948745 0.6554705600018483
    outer loop
      vertex 133.74394540208166 31.439165851106754 -1.8683408783878228
      vertex 132.4988190651598 32.50118093484018 0
      vertex 133.71989958432545 31.4216955418862 -1.864888656999499
    endloop
  endfacet
  facet normal 0.50323874636452 -0.5631244170947619 0.655470560001859
    outer loop
      vertex 133.8072140970037 31.49570621368054 -1.8683408783878228
      vertex 132.4988190651598 32.50118093484018 0
      vertex 133.74394540208166 31.439165851106754 -1.8683408783878228
    endloop
  endfacet
  facet normal -0.04234556386928125 -0.754032624089598 0.6554705600018568
    outer loop
      vertex 15.21419700584397 31.90105100686876 -1.8683408783878228
      vertex 15.396041192730525 33.51496280368322 0
      vertex 15 33.537204 0
    endloop
  endfacet
  facet normal 0.0423455638692814 -0.7540326240895977 0.6554705600018571
    outer loop
      vertex 15 31.913080052697545 -1.8683408783878228
      vertex 15 33.537204 0
      vertex 14.603958807269475 33.51496280368322 0
    endloop
  endfacet
  facet normal -0.12650417157271457 -0.7445502263417525 0.6554705600018558
    outer loop
      vertex 15.425700360059452 31.865115141613114 -1.8683408783878228
      vertex 15.78710193767401 33.448518910681194 0
      vertex 15.396041192730525 33.51496280368322 0
    endloop
  endfacet
  facet normal 0 0 1
    outer loop
      vertex 13.982180047023256 28.380148824320067 -1.8683408783878228
      vertex 14.025879766288412 28.35599684319089 -1.8683408783878228
      vertex 13.807214097003712 28.50429378631946 -1.8683408783878228
    endloop
  endfacet
  facet normal 0 0 1
    outer loop
      vertex 14.025879766288412 28.35599684319089 -1.8683408783878228
      vertex 13.743945402081662 28.560834148893246 -1.8683408783878228
      vertex 13.807214097003712 28.50429378631946 -1.8683408783878228
    endloop
  endfacet
  facet normal 0 0 1
    outer loop
      vertex 13.504293786319462 28.807214097003712 -1.8683408783878228
      vertex 13.647248121784846 28.64724812178485 -1.8683408783878228
      vertex 13.701378259613357 28.59887447313027 -1.8683408783878228
    endloop
  endfacet
  facet normal 0 0 1
    outer loop
      vertex 13.276374430714391 29.169945673504373 -1.8683408783878228
      vertex 13.380148824320067 28.982180047023256 -1.8683408783878228
      vertex 13.436812816197207 28.902319624086946 -1.8683408783878228
    endloop
  endfacet
  facet normal 0 0 1
    outer loop
      vertex 13.701378259613357 28.59887447313027 -1.8683408783878228
      vertex 13.46899784896899 28.85695906539305 -1.8683408783878228
      vertex 13.504293786319462 28.807214097003712 -1.8683408783878228
    endloop
  endfacet
  facet normal 0 0 1
    outer loop
      vertex 13.436812816197207 28.902319624086946 -1.8683408783878228
      vertex 13.26133200036934 29.206261312854448 -1.8683408783878228
      vertex 13.276374430714391 29.169945673504373 -1.8683408783878228
    endloop
  endfacet
  facet normal 0 0 1
    outer loop
      vertex 13.24304275107444 29.250415466547818 -1.8683408783878228
      vertex 13.13168260452094 29.59314675629295 -1.8683408783878228
      vertex 13.134884858386888 29.57429963994055 -1.8683408783878228
    endloop
  endfacet
  facet normal 0 0 1
    outer loop
      vertex 13.24304275107444 29.250415466547818 -1.8683408783878228
      vertex 13.134884858386888 29.57429963994055 -1.8683408783878228
      vertex 13.194275628713333 29.36814971474991 -1.8683408783878228
    endloop
  endfacet
  facet normal 0 0 1
    outer loop
      vertex 13.126437051049534 29.62401987277495 -1.8683408783878228
      vertex 13.086919947302453 30 -1.8683408783878228
      vertex 13.09894899313124 29.785802994156032 -1.8683408783878228
    endloop
  endfacet
  facet normal 0 0 1
    outer loop
      vertex 14.574299639940545 28.13488485838689 -1.8683408783878228
      vertex 14.78580299415603 28.09894899313124 -1.8683408783878228
      vertex 14.795232605563127 28.098419437513428 -1.8683408783878228
    endloop
  endfacet
  facet normal 0 0 1
    outer loop
      vertex 14.813385372301978 28.0974 -1.8683408783878228
      vertex 15 28.086919947302455 -1.8683408783878228
      vertex 15.186614627698022 28.0974 -1.8683408783878228
    endloop
  endfacet
  facet normal 0 0 1
    outer loop
      vertex 15.204767394436873 28.098419437513428 -1.8683408783878228
      vertex 15.21419700584397 28.09894899313124 -1.8683408783878228
      vertex 15.564640557253606 28.174912839639067 -1.8683408783878228
    endloop
  endfacet
  facet normal 0 0 1
    outer loop
      vertex 14.169945673504373 28.27637443071439 -1.8683408783878228
      vertex 14.368149714749913 28.19427562871333 -1.8683408783878228
      vertex 14.396070275763794 28.186231853654828 -1.8683408783878228
    endloop
  endfacet
  facet normal 0 0 1
    outer loop
      vertex 14.396070275763794 28.186231853654828 -1.8683408783878228
      vertex 14.071905581210661 28.33055927443416 -1.8683408783878228
      vertex 14.169945673504373 28.27637443071439 -1.8683408783878228
    endloop
  endfacet
  facet normal 0 0 1
    outer loop
      vertex 14.435359442746394 28.174912839639067 -1.8683408783878228
      vertex 14.574299639940545 28.13488485838689 -1.8683408783878228
      vertex 14.795232605563127 28.098419437513428 -1.8683408783878228
    endloop
  endfacet
  facet normal 0 0 1
    outer loop
      vertex 15.21419700584397 28.09894899313124 -1.8683408783878228
      vertex 15.425700360059455 28.13488485838689 -1.8683408783878228
      vertex 15.564640557253606 28.174912839639067 -1.8683408783878228
    endloop
  endfacet
  facet normal 0 0 1
    outer loop
      vertex 15.603929724236206 28.186231853654828 -1.8683408783878228
      vertex 15.631850285250087 28.19427562871333 -1.8683408783878228
      vertex 15.928094418789339 28.33055927443416 -1.8683408783878228
    endloop
  endfacet
  facet normal 0 0 1
    outer loop
      vertex 15.631850285250087 28.19427562871333 -1.8683408783878228
      vertex 15.830054326495627 28.27637443071439 -1.8683408783878228
      vertex 15.928094418789339 28.33055927443416 -1.8683408783878228
    endloop
  endfacet
  facet normal 0 0 1
    outer loop
      vertex 15.974120233711588 28.35599684319089 -1.8683408783878228
      vertex 16.017819952976744 28.380148824320067 -1.8683408783878228
      vertex 16.256054597918336 28.560834148893246 -1.8683408783878228
    endloop
  endfacet
  facet normal 0 0 1
    outer loop
      vertex 16.017819952976744 28.380148824320067 -1.8683408783878228
      vertex 16.192785902996288 28.50429378631946 -1.8683408783878228
      vertex 16.256054597918336 28.560834148893246 -1.8683408783878228
    endloop
  endfacet
  facet normal 0 0 1
    outer loop
      vertex 16.298621740386643 28.59887447313027 -1.8683408783878228
      vertex 16.35275187821515 28.64724812178485 -1.8683408783878228
      vertex 16.53100215103101 28.85695906539305 -1.8683408783878228
    endloop
  endfacet
  facet normal 0 0 1
    outer loop
      vertex 16.53100215103101 28.85695906539305 -1.8683408783878228
      vertex 16.35275187821515 28.64724812178485 -1.8683408783878228
      vertex 16.49570621368054 28.807214097003712 -1.8683408783878228
    endloop
  endfacet
  facet normal 0 0 1
    outer loop
      vertex 16.563187183802793 28.902319624086946 -1.8683408783878228
      vertex 16.619851175679933 28.982180047023256 -1.8683408783878228
      vertex 16.73866799963066 29.206261312854448 -1.8683408783878228
    endloop
  endfacet
  facet normal 0 0 1
    outer loop
      vertex 16.73866799963066 29.206261312854448 -1.8683408783878228
      vertex 16.619851175679933 28.982180047023256 -1.8683408783878228
      vertex 16.72362556928561 29.169945673504373 -1.8683408783878228
    endloop
  endfacet
  facet normal 0 0 1
    outer loop
      vertex 16.75695724892556 29.250415466547818 -1.8683408783878228
      vertex 16.80572437128667 29.36814971474991 -1.8683408783878228
      vertex 16.86831739547906 29.59314675629295 -1.8683408783878228
    endloop
  endfacet
  facet normal 0 0 1
    outer loop
      vertex 16.86831739547906 29.59314675629295 -1.8683408783878228
      vertex 16.80572437128667 29.36814971474991 -1.8683408783878228
      vertex 16.865115141613114 29.57429963994055 -1.8683408783878228
    endloop
  endfacet
  facet normal 0 0 1
    outer loop
      vertex 16.913080052697545 30 -1.8683408783878228
      vertex 16.873562948950465 29.624019872774948 -1.8683408783878228
      vertex 16.90105100686876 29.78580299415603 -1.8683408783878228
    endloop
  endfacet
  facet normal 0.36531452909661033 0.6609868681008529 0.6554705600018563
    outer loop
      vertex 14.071905581210661 28.33055927443416 -1.8683408783878228
      vertex 13.465264702458416 26.81308931658009 0
      vertex 14.169945673504373 28.27637443071439 -1.8683408783878228
    endloop
  endfacet
  facet normal 0.503238746364519 0.563124417094769 0.6554705600018538
    outer loop
      vertex 12.79458937890608 27.234502552888156 0
      vertex 13.743945402081662 28.560834148893246 -1.8683408783878228
      vertex 13.719899584325454 28.5783044581138 -1.864888656999499
    endloop
  endfacet
  facet normal 0.5032387463644978 0.5631244170947846 0.6554705600018566
    outer loop
      vertex 13.743945402081662 28.560834148893246 -1.8683408783878228
      vertex 12.79458937890608 27.234502552888156 0
      vertex 13.807214097003712 28.50429378631946 -1.8683408783878228
    endloop
  endfacet
  facet normal 0.4370245564127827 0.6159284715476816 0.6554705600018566
    outer loop
      vertex 13.807214097003712 28.50429378631946 -1.8683408783878228
      vertex 13.118094010821645 27.004963775592916 0
      vertex 13.982180047023256 28.380148824320067 -1.8683408783878228
    endloop
  endfacet
  facet normal 0.3653145290966618 0.6609868681008274 0.6554705600018537
    outer loop
      vertex 13.465264702458416 26.81308931658009 0
      vertex 14.071905581210661 28.33055927443416 -1.8683408783878228
      vertex 14.043459973651228 28.343224074890653 -1.8652586241038485
    endloop
  endfacet
  facet normal 0.36531452909658635 0.660986868100864 0.655470560001859
    outer loop
      vertex 14.025879766288412 28.35599684319089 -1.8683408783878228
      vertex 13.465264702458416 26.81308931658009 0
      vertex 14.043459973651228 28.343224074890653 -1.8652586241038485
    endloop
  endfacet
  facet normal 0.3653145290966167 0.6609868681008497 0.6554705600018563
    outer loop
      vertex 13.982180047023256 28.380148824320067 -1.8683408783878228
      vertex 13.465264702458416 26.81308931658009 0
      vertex 14.025879766288412 28.35599684319089 -1.8683408783878228
    endloop
  endfacet
  facet normal 0.5032387463645155 0.5631244170947703 0.6554705600018554
    outer loop
      vertex 13.701378259613357 28.59887447313027 -1.8683408783878228
      vertex 12.79458937890608 27.234502552888156 0
      vertex 13.719899584325454 28.5783044581138 -1.864888656999499
    endloop
  endfacet
  facet normal 0.5032387463645043 0.5631244170947792 0.6554705600018564
    outer loop
      vertex 13.647248121784846 28.64724812178485 -1.8683408783878228
      vertex 12.79458937890608 27.234502552888156 0
      vertex 13.701378259613357 28.59887447313027 -1.8683408783878228
    endloop
  endfacet
  facet normal 0.5631244170947789 0.5032387463645046 0.6554705600018566
    outer loop
      vertex 13.504293786319462 28.807214097003712 -1.8683408783878228
      vertex 12.498819065159818 27.498819065159818 0
      vertex 13.647248121784846 28.64724812178485 -1.8683408783878228
    endloop
  endfacet
  facet normal 0.6159284715476694 0.4370245564127988 0.6554705600018572
    outer loop
      vertex 13.46899784896899 28.85695906539305 -1.8683408783878228
      vertex 12.234502552888156 27.79458937890608 0
      vertex 13.504293786319462 28.807214097003712 -1.8683408783878228
    endloop
  endfacet
  facet normal 0.6159284715476824 0.4370245564127807 0.655470560001857
    outer loop
      vertex 12.234502552888156 27.79458937890608 0
      vertex 13.46899784896899 28.85695906539305 -1.8683408783878228
      vertex 13.452285725767965 28.875519758569475 -1.8650119816676156
    endloop
  endfacet
  facet normal 0.615928471547685 0.4370245564127784 0.6554705600018561
    outer loop
      vertex 13.380148824320067 28.982180047023256 -1.8683408783878228
      vertex 12.234502552888156 27.79458937890608 0
      vertex 13.436812816197207 28.902319624086946 -1.8683408783878228
    endloop
  endfacet
  facet normal 0.615928471547694 0.437024556412767 0.6554705600018551
    outer loop
      vertex 13.436812816197207 28.902319624086946 -1.8683408783878228
      vertex 12.234502552888156 27.79458937890608 0
      vertex 13.452285725767965 28.875519758569475 -1.8650119816676156
    endloop
  endfacet
  facet normal 0.6609868681008495 0.36531452909661705 0.6554705600018563
    outer loop
      vertex 13.276374430714391 29.169945673504373 -1.8683408783878228
      vertex 12.004963775592916 28.118094010821647 0
      vertex 13.380148824320067 28.982180047023256 -1.8683408783878228
    endloop
  endfacet
  facet normal 0.6977329712741388 0.28901045961662875 0.6554705600018561
    outer loop
      vertex 13.26133200036934 29.206261312854448 -1.8683408783878228
      vertex 11.813089316580092 28.465264702458416 0
      vertex 13.276374430714391 29.169945673504373 -1.8683408783878228
    endloop
  endfacet
  facet normal 0.6977329712741823 0.2890104596165341 0.6554705600018516
    outer loop
      vertex 11.813089316580092 28.465264702458416 0
      vertex 13.26133200036934 29.206261312854448 -1.8683408783878228
      vertex 13.25231440775149 29.221880241430526 -1.8656285705085836
    endloop
  endfacet
  facet normal 0.6977329712741255 0.28901045961665667 0.6554705600018582
    outer loop
      vertex 13.24304275107444 29.250415466547818 -1.8683408783878228
      vertex 11.813089316580092 28.465264702458416 0
      vertex 13.25231440775149 29.221880241430526 -1.8656285705085836
    endloop
  endfacet
  facet normal 0.6977329712741394 0.28901045961662675 0.6554705600018562
    outer loop
      vertex 13.194275628713333 29.36814971474991 -1.8683408783878228
      vertex 11.813089316580092 28.465264702458416 0
      vertex 13.24304275107444 29.250415466547818 -1.8683408783878228
    endloop
  endfacet
  facet normal 0.725704677499556 0.20907191591918398 0.655470560001856
    outer loop
      vertex 13.134884858386888 29.57429963994055 -1.8683408783878228
      vertex 11.661292108499921 28.831735580935934 0
      vertex 13.194275628713333 29.36814971474991 -1.8683408783878228
    endloop
  endfacet
  facet normal 0.7445502263417436 0.1265041715727555 0.6554705600018578
    outer loop
      vertex 13.13168260452094 29.59314675629295 -1.8683408783878228
      vertex 11.551481089318804 29.212898062325987 0
      vertex 13.134884858386888 29.57429963994055 -1.8683408783878228
    endloop
  endfacet
  facet normal 0.7445502263417673 0.12650417157263916 0.6554705600018536
    outer loop
      vertex 11.551481089318804 29.212898062325987 0
      vertex 13.13168260452094 29.59314675629295 -1.8683408783878228
      vertex 13.128725336442193 29.602248291573925 -1.8667382855320547
    endloop
  endfacet
  facet normal 0.7445502263417505 0.1265041715727202 0.6554705600018569
    outer loop
      vertex 13.126437051049534 29.62401987277495 -1.8683408783878228
      vertex 11.551481089318804 29.212898062325987 0
      vertex 13.128725336442193 29.602248291573925 -1.8667382855320547
    endloop
  endfacet
  facet normal 0.7445502263417524 0.12650417157271152 0.6554705600018564
    outer loop
      vertex 13.09894899313124 29.785802994156032 -1.8683408783878228
      vertex 11.551481089318804 29.212898062325987 0
      vertex 13.126437051049534 29.62401987277495 -1.8683408783878228
    endloop
  endfacet
  facet normal 0.7540326240895987 0.04234556386927723 0.6554705600018562
    outer loop
      vertex 13.086919947302453 30 -1.8683408783878228
      vertex 11.485037196316782 29.603958807269475 0
      vertex 13.09894899313124 29.785802994156032 -1.8683408783878228
    endloop
  endfacet
  facet normal 0.20907191591908653 0.7257046774995766 0.6554705600018644
    outer loop
      vertex 14.396070275763794 28.186231853654828 -1.8683408783878228
      vertex 14.212898062325987 26.551481089318806 0
      vertex 14.408825752116739 28.180552749687724 -1.8661218001833664
    endloop
  endfacet
  facet normal 0.20907191591923482 0.7257046774995447 0.6554705600018527
    outer loop
      vertex 14.212898062325987 26.551481089318806 0
      vertex 14.435359442746394 28.174912839639067 -1.8683408783878228
      vertex 14.408825752116739 28.180552749687724 -1.8661218001833664
    endloop
  endfacet
  facet normal 0.20907191591917335 0.7257046774995584 0.6554705600018571
    outer loop
      vertex 14.368149714749913 28.19427562871333 -1.8683408783878228
      vertex 14.212898062325987 26.551481089318806 0
      vertex 14.396070275763794 28.186231853654828 -1.8683408783878228
    endloop
  endfacet
  facet normal 0.20907191591917615 0.7257046774995578 0.6554705600018568
    outer loop
      vertex 14.435359442746394 28.174912839639067 -1.8683408783878228
      vertex 14.212898062325987 26.551481089318806 0
      vertex 14.574299639940545 28.13488485838689 -1.8683408783878228
    endloop
  endfacet
  facet normal 0.2890104596166268 0.6977329712741399 0.6554705600018559
    outer loop
      vertex 14.169945673504373 28.27637443071439 -1.8683408783878228
      vertex 13.831735580935936 26.66129210849992 0
      vertex 14.368149714749913 28.19427562871333 -1.8683408783878228
    endloop
  endfacet
  facet normal 0.12650417157271235 0.7445502263417522 0.6554705600018567
    outer loop
      vertex 14.574299639940545 28.13488485838689 -1.8683408783878228
      vertex 14.603958807269475 26.48503719631678 0
      vertex 14.78580299415603 28.09894899313124 -1.8683408783878228
    endloop
  endfacet
  facet normal 0.042345563869223744 0.7540326240895971 0.6554705600018613
    outer loop
      vertex 14.78580299415603 28.09894899313124 -1.8683408783878228
      vertex 15 26.462796 0
      vertex 14.795232605563127 28.098419437513428 -1.8683408783878228
    endloop
  endfacet
  facet normal 0.04234556386959774 0.7540326240896055 0.6554705600018276
    outer loop
      vertex 14.795232605563127 28.098419437513428 -1.8683408783878228
      vertex 15 26.462796 0
      vertex 14.800028681983523 28.0974 -1.867477992062371
    endloop
  endfacet
  facet normal 0.042345563869245796 0.7540326240895983 0.6554705600018589
    outer loop
      vertex 14.800028681983523 28.0974 -1.867477992062371
      vertex 15 26.462796 0
      vertex 14.813385372301978 28.0974 -1.8683408783878228
    endloop
  endfacet
  facet normal 0.04234556386927372 0.7540326240895986 0.6554705600018564
    outer loop
      vertex 14.813385372301978 28.0974 -1.8683408783878228
      vertex 15 26.462796 0
      vertex 15 28.086919947302455 -1.8683408783878228
    endloop
  endfacet
  facet normal -0.042345563869273725 0.7540326240895987 0.6554705600018563
    outer loop
      vertex 15 28.086919947302455 -1.8683408783878228
      vertex 15.396041192730525 26.48503719631678 0
      vertex 15.186614627698022 28.0974 -1.8683408783878228
    endloop
  endfacet
  facet normal -0.042345563869245574 0.7540326240896013 0.6554705600018554
    outer loop
      vertex 15.186614627698022 28.0974 -1.8683408783878228
      vertex 15.396041192730525 26.48503719631678 0
      vertex 15.199971318016477 28.0974 -1.867477992062371
    endloop
  endfacet
  facet normal -0.042345563869595954 0.7540326240895707 0.6554705600018678
    outer loop
      vertex 15.396041192730525 26.48503719631678 0
      vertex 15.204767394436873 28.098419437513428 -1.8683408783878228
      vertex 15.199971318016477 28.0974 -1.867477992062371
    endloop
  endfacet
  facet normal -0.04234556386922404 0.7540326240896026 0.6554705600018552
    outer loop
      vertex 15.204767394436873 28.098419437513428 -1.8683408783878228
      vertex 15.396041192730525 26.48503719631678 0
      vertex 15.21419700584397 28.09894899313124 -1.8683408783878228
    endloop
  endfacet
  facet normal -0.12650417157271235 0.7445502263417522 0.6554705600018566
    outer loop
      vertex 15.21419700584397 28.09894899313124 -1.8683408783878228
      vertex 15.787101937674013 26.551481089318806 0
      vertex 15.425700360059455 28.13488485838689 -1.8683408783878228
    endloop
  endfacet
  facet normal -0.20907191591917643 0.7257046774995588 0.6554705600018557
    outer loop
      vertex 15.425700360059455 28.13488485838689 -1.8683408783878228
      vertex 16.168264419064066 26.66129210849992 0
      vertex 15.564640557253606 28.174912839639067 -1.8683408783878228
    endloop
  endfacet
  facet normal -0.20907191591923185 0.7257046774995403 0.6554705600018584
    outer loop
      vertex 15.564640557253606 28.174912839639067 -1.8683408783878228
      vertex 16.168264419064066 26.66129210849992 0
      vertex 15.591174247883261 28.180552749687724 -1.8661218001833664
    endloop
  endfacet
  facet normal -0.20907191591909594 0.7257046774995839 0.6554705600018537
    outer loop
      vertex 16.168264419064066 26.66129210849992 0
      vertex 15.603929724236206 28.186231853654828 -1.8683408783878228
      vertex 15.591174247883261 28.180552749687724 -1.8661218001833664
    endloop
  endfacet
  facet normal -0.20907191591917376 0.7257046774995597 0.6554705600018557
    outer loop
      vertex 15.603929724236206 28.186231853654828 -1.8683408783878228
      vertex 16.168264419064066 26.66129210849992 0
      vertex 15.631850285250087 28.19427562871333 -1.8683408783878228
    endloop
  endfacet
  facet normal -0.2890104596166265 0.6977329712741394 0.6554705600018564
    outer loop
      vertex 15.631850285250087 28.19427562871333 -1.8683408783878228
      vertex 16.534735297541584 26.81308931658009 0
      vertex 15.830054326495627 28.27637443071439 -1.8683408783878228
    endloop
  endfacet
  facet normal -0.36531452909661055 0.6609868681008534 0.6554705600018561
    outer loop
      vertex 15.830054326495627 28.27637443071439 -1.8683408783878228
      vertex 16.881905989178357 27.004963775592916 0
      vertex 15.928094418789339 28.33055927443416 -1.8683408783878228
    endloop
  endfacet
  facet normal -0.3653145290966608 0.6609868681008222 0.6554705600018595
    outer loop
      vertex 15.928094418789339 28.33055927443416 -1.8683408783878228
      vertex 16.881905989178357 27.004963775592916 0
      vertex 15.956540026348772 28.343224074890653 -1.8652586241038485
    endloop
  endfacet
  facet normal -0.3653145290965876 0.6609868681008665 0.6554705600018556
    outer loop
      vertex 16.881905989178357 27.004963775592916 0
      vertex 15.974120233711588 28.35599684319089 -1.8683408783878228
      vertex 15.956540026348772 28.343224074890653 -1.8652586241038485
    endloop
  endfacet
  facet normal -0.3653145290966165 0.6609868681008493 0.6554705600018568
    outer loop
      vertex 15.974120233711588 28.35599684319089 -1.8683408783878228
      vertex 16.881905989178357 27.004963775592916 0
      vertex 16.017819952976744 28.380148824320067 -1.8683408783878228
    endloop
  endfacet
  facet normal -0.4370245564127829 0.6159284715476818 0.6554705600018561
    outer loop
      vertex 16.017819952976744 28.380148824320067 -1.8683408783878228
      vertex 17.205410621093918 27.234502552888156 0
      vertex 16.192785902996288 28.50429378631946 -1.8683408783878228
    endloop
  endfacet
  facet normal -0.5032387463645058 0.5631244170947776 0.6554705600018566
    outer loop
      vertex 16.192785902996288 28.50429378631946 -1.8683408783878228
      vertex 17.501180934840182 27.498819065159818 0
      vertex 16.256054597918336 28.560834148893246 -1.8683408783878228
    endloop
  endfacet
  facet normal -0.5032387463644952 0.5631244170947882 0.6554705600018557
    outer loop
      vertex 16.256054597918336 28.560834148893246 -1.8683408783878228
      vertex 17.501180934840182 27.498819065159818 0
      vertex 16.280100415674546 28.5783044581138 -1.864888656999499
    endloop
  endfacet
  facet normal -0.503238746364513 0.5631244170947705 0.6554705600018573
    outer loop
      vertex 17.501180934840182 27.498819065159818 0
      vertex 16.298621740386643 28.59887447313027 -1.8683408783878228
      vertex 16.280100415674546 28.5783044581138 -1.864888656999499
    endloop
  endfacet
  facet normal -0.503238746364513 0.5631244170947706 0.6554705600018571
    outer loop
      vertex 16.298621740386643 28.59887447313027 -1.8683408783878228
      vertex 17.501180934840182 27.498819065159818 0
      vertex 16.35275187821515 28.64724812178485 -1.8683408783878228
    endloop
  endfacet
  facet normal -0.5631244170947761 0.5032387463645084 0.6554705600018561
    outer loop
      vertex 16.35275187821515 28.64724812178485 -1.8683408783878228
      vertex 17.765497447111844 27.794589378906082 0
      vertex 16.49570621368054 28.807214097003712 -1.8683408783878228
    endloop
  endfacet
  facet normal -0.615928471547671 0.4370245564128 0.6554705600018548
    outer loop
      vertex 16.49570621368054 28.807214097003712 -1.8683408783878228
      vertex 17.995036224407084 28.118094010821643 0
      vertex 16.53100215103101 28.85695906539305 -1.8683408783878228
    endloop
  endfacet
  facet normal -0.6159284715476833 0.4370245564127803 0.6554705600018564
    outer loop
      vertex 16.53100215103101 28.85695906539305 -1.8683408783878228
      vertex 17.995036224407084 28.118094010821643 0
      vertex 16.547714274232035 28.875519758569475 -1.8650119816676156
    endloop
  endfacet
  facet normal -0.6159284715476914 0.437024556412768 0.6554705600018571
    outer loop
      vertex 17.995036224407084 28.118094010821643 0
      vertex 16.563187183802793 28.902319624086946 -1.8683408783878228
      vertex 16.547714274232035 28.875519758569475 -1.8650119816676156
    endloop
  endfacet
  facet normal -0.6159284715476845 0.43702455641277804 0.6554705600018568
    outer loop
      vertex 16.563187183802793 28.902319624086946 -1.8683408783878228
      vertex 17.995036224407084 28.118094010821643 0
      vertex 16.619851175679933 28.982180047023256 -1.8683408783878228
    endloop
  endfacet
  facet normal -0.6609868681008495 0.36531452909661705 0.6554705600018561
    outer loop
      vertex 16.619851175679933 28.982180047023256 -1.8683408783878228
      vertex 18.18691068341991 28.465264702458416 0
      vertex 16.72362556928561 29.169945673504373 -1.8683408783878228
    endloop
  endfacet
  facet normal -0.6977329712741391 0.28901045961662886 0.6554705600018557
    outer loop
      vertex 16.72362556928561 29.169945673504373 -1.8683408783878228
      vertex 18.33870789150008 28.831735580935934 0
      vertex 16.73866799963066 29.206261312854448 -1.8683408783878228
    endloop
  endfacet
  facet normal -0.6977329712741505 0.28901045961659516 0.6554705600018587
    outer loop
      vertex 16.73866799963066 29.206261312854448 -1.8683408783878228
      vertex 18.33870789150008 28.831735580935934 0
      vertex 16.747685592248512 29.221880241430526 -1.8656285705085836
    endloop
  endfacet
  facet normal -0.697732971274142 0.2890104596166192 0.6554705600018569
    outer loop
      vertex 18.33870789150008 28.831735580935934 0
      vertex 16.75695724892556 29.250415466547818 -1.8683408783878228
      vertex 16.747685592248512 29.221880241430526 -1.8656285705085836
    endloop
  endfacet
  facet normal -0.6977329712741364 0.289010459616636 0.6554705600018556
    outer loop
      vertex 16.75695724892556 29.250415466547818 -1.8683408783878228
      vertex 18.33870789150008 28.831735580935934 0
      vertex 16.80572437128667 29.36814971474991 -1.8683408783878228
    endloop
  endfacet
  facet normal -0.7257046774995565 0.2090719159191841 0.6554705600018557
    outer loop
      vertex 16.80572437128667 29.36814971474991 -1.8683408783878228
      vertex 18.448518910681194 29.21289806232599 0
      vertex 16.865115141613114 29.57429963994055 -1.8683408783878228
    endloop
  endfacet
  facet normal -0.7445502263417548 0.12650417157268723 0.6554705600018583
    outer loop
      vertex 16.865115141613114 29.57429963994055 -1.8683408783878228
      vertex 18.51496280368322 29.603958807269475 0
      vertex 16.86831739547906 29.59314675629295 -1.8683408783878228
    endloop
  endfacet
  facet normal -0.7445502263417458 0.12650417157278507 0.6554705600018497
    outer loop
      vertex 16.86831739547906 29.59314675629295 -1.8683408783878228
      vertex 18.51496280368322 29.603958807269475 0
      vertex 16.87127466355781 29.602248291573925 -1.8667382855320547
    endloop
  endfacet
  facet normal -0.7445502263417614 0.12650417157262098 0.6554705600018637
    outer loop
      vertex 16.87127466355781 29.602248291573925 -1.8667382855320547
      vertex 18.51496280368322 29.603958807269475 0
      vertex 16.873562948950465 29.624019872774948 -1.8683408783878228
    endloop
  endfacet
  facet normal -0.7445502263417524 0.12650417157271152 0.6554705600018566
    outer loop
      vertex 16.873562948950465 29.624019872774948 -1.8683408783878228
      vertex 18.51496280368322 29.603958807269475 0
      vertex 16.90105100686876 29.78580299415603 -1.8683408783878228
    endloop
  endfacet
  facet normal -0.7540326240895985 0.04234556386927652 0.6554705600018563
    outer loop
      vertex 16.90105100686876 29.78580299415603 -1.8683408783878228
      vertex 18.537204 30 0
      vertex 16.913080052697545 30 -1.8683408783878228
    endloop
  endfacet
  facet normal -0.2090719159191836 -0.7257046774995566 0.6554705600018558
    outer loop
      vertex 15.631850285250087 31.80572437128667 -1.8683408783878228
      vertex 16.168264419064066 33.33870789150008 0
      vertex 15.78710193767401 33.448518910681194 0
    endloop
  endfacet
  facet normal 0.2890104596166215 0.6977329712741416 0.6554705600018563
    outer loop
      vertex 14.169945673504373 28.27637443071439 -1.8683408783878228
      vertex 13.465264702458416 26.81308931658009 0
      vertex 13.831735580935936 26.66129210849992 0
    endloop
  endfacet
  facet normal 0.36531452909661455 0.6609868681008507 0.6554705600018564
    outer loop
      vertex 13.982180047023256 28.380148824320067 -1.8683408783878228
      vertex 13.118094010821645 27.004963775592916 0
      vertex 13.465264702458416 26.81308931658009 0
    endloop
  endfacet
  facet normal 0.20907191591918628 0.7257046774995558 0.6554705600018558
    outer loop
      vertex 14.368149714749913 28.19427562871333 -1.8683408783878228
      vertex 13.831735580935936 26.66129210849992 0
      vertex 14.212898062325987 26.551481089318806 0
    endloop
  endfacet
  facet normal 0.12650417157271335 0.744550226341752 0.6554705600018566
    outer loop
      vertex 14.574299639940545 28.13488485838689 -1.8683408783878228
      vertex 14.212898062325987 26.551481089318806 0
      vertex 14.603958807269475 26.48503719631678 0
    endloop
  endfacet
  facet normal 0.04234556386927449 0.7540326240895985 0.6554705600018566
    outer loop
      vertex 14.78580299415603 28.09894899313124 -1.8683408783878228
      vertex 14.603958807269475 26.48503719631678 0
      vertex 15 26.462796 0
    endloop
  endfacet
  facet normal -0.04234556386927468 0.7540326240895986 0.6554705600018564
    outer loop
      vertex 15 28.086919947302455 -1.8683408783878228
      vertex 15 26.462796 0
      vertex 15.396041192730525 26.48503719631678 0
    endloop
  endfacet
  facet normal -0.1265041715727132 0.7445502263417519 0.6554705600018567
    outer loop
      vertex 15.21419700584397 28.09894899313124 -1.8683408783878228
      vertex 15.396041192730525 26.48503719631678 0
      vertex 15.787101937674013 26.551481089318806 0
    endloop
  endfacet
  facet normal -0.20907191591918534 0.7257046774995555 0.6554705600018564
    outer loop
      vertex 15.425700360059455 28.13488485838689 -1.8683408783878228
      vertex 15.787101937674013 26.551481089318806 0
      vertex 16.168264419064066 26.66129210849992 0
    endloop
  endfacet
  facet normal -0.2890104596166228 0.6977329712741414 0.6554705600018561
    outer loop
      vertex 15.631850285250087 28.19427562871333 -1.8683408783878228
      vertex 16.168264419064066 26.66129210849992 0
      vertex 16.534735297541584 26.81308931658009 0
    endloop
  endfacet
  facet normal -0.3653145290966133 0.6609868681008515 0.6554705600018564
    outer loop
      vertex 16.881905989178357 27.004963775592916 0
      vertex 15.830054326495627 28.27637443071439 -1.8683408783878228
      vertex 16.534735297541584 26.81308931658009 0
    endloop
  endfacet
  facet normal 0.5631244170947775 0.5032387463645059 0.6554705600018567
    outer loop
      vertex 13.504293786319462 28.807214097003712 -1.8683408783878228
      vertex 12.234502552888156 27.79458937890608 0
      vertex 12.498819065159818 27.498819065159818 0
    endloop
  endfacet
  facet normal 0.43702455641278315 0.6159284715476813 0.6554705600018563
    outer loop
      vertex 13.807214097003712 28.50429378631946 -1.8683408783878228
      vertex 12.79458937890608 27.234502552888156 0
      vertex 13.118094010821645 27.004963775592916 0
    endloop
  endfacet
  facet normal 0.503238746364504 0.5631244170947792 0.6554705600018566
    outer loop
      vertex 13.647248121784846 28.64724812178485 -1.8683408783878228
      vertex 12.498819065159818 27.498819065159818 0
      vertex 12.79458937890608 27.234502552888156 0
    endloop
  endfacet
  facet normal 0.6159284715476836 0.4370245564127801 0.6554705600018562
    outer loop
      vertex 13.380148824320067 28.982180047023256 -1.8683408783878228
      vertex 12.004963775592916 28.118094010821647 0
      vertex 12.234502552888156 27.79458937890608 0
    endloop
  endfacet
  facet normal 0.6609868681008516 0.3653145290966137 0.655470560001856
    outer loop
      vertex 12.004963775592916 28.118094010821647 0
      vertex 13.276374430714391 29.169945673504373 -1.8683408783878228
      vertex 11.813089316580092 28.465264702458416 0
    endloop
  endfacet
  facet normal 0.6977329712741399 0.28901045961662564 0.6554705600018561
    outer loop
      vertex 11.813089316580092 28.465264702458416 0
      vertex 13.194275628713333 29.36814971474991 -1.8683408783878228
      vertex 11.661292108499921 28.831735580935934 0
    endloop
  endfacet
  facet normal 0.7257046774995545 0.2090719159191885 0.6554705600018566
    outer loop
      vertex 11.661292108499921 28.831735580935934 0
      vertex 13.134884858386888 29.57429963994055 -1.8683408783878228
      vertex 11.551481089318804 29.212898062325987 0
    endloop
  endfacet
  facet normal 0.7445502263417527 0.12650417157271007 0.6554705600018563
    outer loop
      vertex 11.551481089318804 29.212898062325987 0
      vertex 13.09894899313124 29.785802994156032 -1.8683408783878228
      vertex 11.485037196316782 29.603958807269475 0
    endloop
  endfacet
  facet normal 0.7540326240895985 0.042345563869278 0.6554705600018563
    outer loop
      vertex 13.086919947302453 30 -1.8683408783878228
      vertex 11.462795999999999 30 0
      vertex 11.485037196316782 29.603958807269475 0
    endloop
  endfacet
  facet normal -0.43702455641278615 0.615928471547679 0.6554705600018566
    outer loop
      vertex 16.017819952976744 28.380148824320067 -1.8683408783878228
      vertex 16.881905989178357 27.004963775592916 0
      vertex 17.205410621093918 27.234502552888156 0
    endloop
  endfacet
  facet normal -0.5032387463645026 0.5631244170947809 0.6554705600018562
    outer loop
      vertex 16.192785902996288 28.50429378631946 -1.8683408783878228
      vertex 17.205410621093918 27.234502552888156 0
      vertex 17.501180934840182 27.498819065159818 0
    endloop
  endfacet
  facet normal -0.5631244170947807 0.5032387463645023 0.6554705600018568
    outer loop
      vertex 16.35275187821515 28.64724812178485 -1.8683408783878228
      vertex 17.501180934840182 27.498819065159818 0
      vertex 17.765497447111844 27.794589378906082 0
    endloop
  endfacet
  facet normal -0.6159284715476793 0.43702455641278637 0.6554705600018563
    outer loop
      vertex 16.49570621368054 28.807214097003712 -1.8683408783878228
      vertex 17.765497447111844 27.794589378906082 0
      vertex 17.995036224407084 28.118094010821643 0
    endloop
  endfacet
  facet normal -0.6609868681008514 0.3653145290966131 0.6554705600018567
    outer loop
      vertex 16.619851175679933 28.982180047023256 -1.8683408783878228
      vertex 17.995036224407084 28.118094010821643 0
      vertex 18.18691068341991 28.465264702458416 0
    endloop
  endfacet
  facet normal -0.28901045961662264 -0.697732971274141 0.6554705600018563
    outer loop
      vertex 15.830054326495627 31.72362556928561 -1.8683408783878228
      vertex 16.534735297541584 33.18691068341991 0
      vertex 16.168264419064066 33.33870789150008 0
    endloop
  endfacet
  facet normal -0.7257046774995566 0.20907191591918378 0.6554705600018558
    outer loop
      vertex 16.80572437128667 29.36814971474991 -1.8683408783878228
      vertex 18.33870789150008 28.831735580935934 0
      vertex 18.448518910681194 29.21289806232599 0
    endloop
  endfacet
  facet normal -0.7445502263417525 0.12650417157271465 0.6554705600018558
    outer loop
      vertex 16.865115141613114 29.57429963994055 -1.8683408783878228
      vertex 18.448518910681194 29.21289806232599 0
      vertex 18.51496280368322 29.603958807269475 0
    endloop
  endfacet
  facet normal -0.7540326240895985 0.042345563869274364 0.6554705600018566
    outer loop
      vertex 16.90105100686876 29.78580299415603 -1.8683408783878228
      vertex 18.51496280368322 29.603958807269475 0
      vertex 18.537204 30 0
    endloop
  endfacet
  facet normal -0.36531452909661843 -0.660986868100849 0.6554705600018561
    outer loop
      vertex 16.017819952976744 31.619851175679933 -1.8683408783878228
      vertex 16.881905989178357 32.99503622440708 0
      vertex 16.534735297541584 33.18691068341991 0
    endloop
  endfacet
  facet normal 0 0 1
    outer loop
      vertex 13.086919947302453 30 -1.8683408783878228
      vertex 13.126437051049534 30.37598012722505 -1.8683408783878228
      vertex 13.09894899313124 30.214197005843968 -1.8683408783878228
    endloop
  endfacet
  facet normal 0 0 1
    outer loop
      vertex 13.194275628713333 30.63185028525009 -1.8683408783878228
      vertex 13.134884858386888 30.42570036005945 -1.8683408783878228
      vertex 13.13168260452094 30.40685324370705 -1.8683408783878228
    endloop
  endfacet
  facet normal 0 0 1
    outer loop
      vertex 13.13168260452094 30.40685324370705 -1.8683408783878228
      vertex 13.24304275107444 30.749584533452182 -1.8683408783878228
      vertex 13.194275628713333 30.63185028525009 -1.8683408783878228
    endloop
  endfacet
  facet normal 0 0 1
    outer loop
      vertex 13.380148824320067 31.017819952976744 -1.8683408783878228
      vertex 13.276374430714391 30.830054326495627 -1.8683408783878228
      vertex 13.26133200036934 30.793738687145552 -1.8683408783878228
    endloop
  endfacet
  facet normal 0 0 1
    outer loop
      vertex 13.26133200036934 30.793738687145552 -1.8683408783878228
      vertex 13.436812816197207 31.097680375913054 -1.8683408783878228
      vertex 13.380148824320067 31.017819952976744 -1.8683408783878228
    endloop
  endfacet
  facet normal 0 0 1
    outer loop
      vertex 13.647248121784846 31.35275187821515 -1.8683408783878228
      vertex 13.504293786319462 31.192785902996288 -1.8683408783878228
      vertex 13.46899784896899 31.14304093460695 -1.8683408783878228
    endloop
  endfacet
  facet normal 0 0 1
    outer loop
      vertex 13.46899784896899 31.14304093460695 -1.8683408783878228
      vertex 13.701378259613357 31.40112552686973 -1.8683408783878228
      vertex 13.647248121784846 31.35275187821515 -1.8683408783878228
    endloop
  endfacet
  facet normal 0 0 1
    outer loop
      vertex 13.982180047023256 31.619851175679933 -1.8683408783878228
      vertex 13.807214097003712 31.49570621368054 -1.8683408783878228
      vertex 13.743945402081662 31.439165851106754 -1.8683408783878228
    endloop
  endfacet
  facet normal 0 0 1
    outer loop
      vertex 13.743945402081662 31.439165851106754 -1.8683408783878228
      vertex 14.025879766288412 31.64400315680911 -1.8683408783878228
      vertex 13.982180047023256 31.619851175679933 -1.8683408783878228
    endloop
  endfacet
  facet normal 0 0 1
    outer loop
      vertex 16.873562948950465 30.375980127225052 -1.8683408783878228
      vertex 16.913080052697545 30 -1.8683408783878228
      vertex 16.90105100686876 30.21419700584397 -1.8683408783878228
    endloop
  endfacet
  facet normal 0 0 1
    outer loop
      vertex 16.75695724892556 30.749584533452182 -1.8683408783878228
      vertex 16.86831739547906 30.40685324370705 -1.8683408783878228
      vertex 16.865115141613114 30.42570036005945 -1.8683408783878228
    endloop
  endfacet
  facet normal 0 0 1
    outer loop
      vertex 16.75695724892556 30.749584533452182 -1.8683408783878228
      vertex 16.865115141613114 30.42570036005945 -1.8683408783878228
      vertex 16.80572437128667 30.63185028525009 -1.8683408783878228
    endloop
  endfacet
  facet normal 0 0 1
    outer loop
      vertex 16.563187183802793 31.097680375913054 -1.8683408783878228
      vertex 16.73866799963066 30.793738687145552 -1.8683408783878228
      vertex 16.72362556928561 30.830054326495627 -1.8683408783878228
    endloop
  endfacet
  facet normal 0 0 1
    outer loop
      vertex 16.563187183802793 31.097680375913054 -1.8683408783878228
      vertex 16.72362556928561 30.830054326495627 -1.8683408783878228
      vertex 16.619851175679933 31.017819952976744 -1.8683408783878228
    endloop
  endfacet
  facet normal 0 0 1
    outer loop
      vertex 16.298621740386643 31.40112552686973 -1.8683408783878228
      vertex 16.53100215103101 31.14304093460695 -1.8683408783878228
      vertex 16.49570621368054 31.192785902996288 -1.8683408783878228
    endloop
  endfacet
  facet normal 0 0 1
    outer loop
      vertex 14.368149714749913 31.80572437128667 -1.8683408783878228
      vertex 14.169945673504373 31.72362556928561 -1.8683408783878228
      vertex 14.071905581210661 31.66944072556584 -1.8683408783878228
    endloop
  endfacet
  facet normal 0 0 1
    outer loop
      vertex 14.071905581210661 31.66944072556584 -1.8683408783878228
      vertex 14.396070275763794 31.813768146345172 -1.8683408783878228
      vertex 14.368149714749913 31.80572437128667 -1.8683408783878228
    endloop
  endfacet
  facet normal 0 0 1
    outer loop
      vertex 14.78580299415603 31.90105100686876 -1.8683408783878228
      vertex 14.574299639940548 31.865115141613114 -1.8683408783878228
      vertex 14.435359442746394 31.825087160360933 -1.8683408783878228
    endloop
  endfacet
  facet normal 0 0 1
    outer loop
      vertex 16.49570621368054 31.192785902996288 -1.8683408783878228
      vertex 16.35275187821515 31.35275187821515 -1.8683408783878228
      vertex 16.298621740386643 31.40112552686973 -1.8683408783878228
    endloop
  endfacet
  facet normal 0 0 1
    outer loop
      vertex 15.974120233711588 31.64400315680911 -1.8683408783878228
      vertex 16.256054597918336 31.439165851106754 -1.8683408783878228
      vertex 16.192785902996288 31.49570621368054 -1.8683408783878228
    endloop
  endfacet
  facet normal 0 0 1
    outer loop
      vertex 15.204767394436873 31.901580562486572 -1.8683408783878228
      vertex 15.564640557253606 31.825087160360933 -1.8683408783878228
      vertex 15.425700360059452 31.865115141613114 -1.8683408783878228
    endloop
  endfacet
  facet normal 0 0 1
    outer loop
      vertex 15.603929724236206 31.813768146345172 -1.8683408783878228
      vertex 15.928094418789339 31.66944072556584 -1.8683408783878228
      vertex 15.830054326495627 31.72362556928561 -1.8683408783878228
    endloop
  endfacet
  facet normal 0 0 1
    outer loop
      vertex 15.603929724236206 31.813768146345172 -1.8683408783878228
      vertex 15.830054326495627 31.72362556928561 -1.8683408783878228
      vertex 15.631850285250087 31.80572437128667 -1.8683408783878228
    endloop
  endfacet
  facet normal 0 0 1
    outer loop
      vertex 15.974120233711588 31.64400315680911 -1.8683408783878228
      vertex 16.192785902996288 31.49570621368054 -1.8683408783878228
      vertex 16.017819952976744 31.619851175679933 -1.8683408783878228
    endloop
  endfacet
  facet normal 0 0 1
    outer loop
      vertex 14.435359442746394 31.825087160360933 -1.8683408783878228
      vertex 14.795232605563127 31.901580562486572 -1.8683408783878228
      vertex 14.78580299415603 31.90105100686876 -1.8683408783878228
    endloop
  endfacet
  facet normal 0 0 1
    outer loop
      vertex 14.813385372301978 31.9026 -1.8683408783878228
      vertex 15.186614627698022 31.9026 -1.8683408783878228
      vertex 15 31.913080052697545 -1.8683408783878228
    endloop
  endfacet
  facet normal 0 0 1
    outer loop
      vertex 15.425700360059452 31.865115141613114 -1.8683408783878228
      vertex 15.21419700584397 31.90105100686876 -1.8683408783878228
      vertex 15.204767394436873 31.901580562486572 -1.8683408783878228
    endloop
  endfacet
  facet normal 0.7540326240895985 -0.04234556386927722 0.6554705600018563
    outer loop
      vertex 13.09894899313124 30.214197005843968 -1.8683408783878228
      vertex 11.462795999999999 30 0
      vertex 13.086919947302453 30 -1.8683408783878228
    endloop
  endfacet
  facet normal 0.7445502263417525 -0.12650417157271154 0.6554705600018562
    outer loop
      vertex 13.126437051049534 30.37598012722505 -1.8683408783878228
      vertex 11.485037196316782 30.396041192730525 0
      vertex 13.09894899313124 30.214197005843968 -1.8683408783878228
    endloop
  endfacet
  facet normal 0.7445502263417516 -0.12650417157272023 0.6554705600018556
    outer loop
      vertex 13.128725336442193 30.397751708426075 -1.8667382855320547
      vertex 11.485037196316782 30.396041192730525 0
      vertex 13.126437051049534 30.37598012722505 -1.8683408783878228
    endloop
  endfacet
  facet normal 0.744550226341759 -0.12650417157264188 0.6554705600018622
    outer loop
      vertex 13.13168260452094 30.40685324370705 -1.8683408783878228
      vertex 11.485037196316782 30.396041192730525 0
      vertex 13.128725336442193 30.397751708426075 -1.8667382855320547
    endloop
  endfacet
  facet normal 0.7445502263417484 -0.1265041715727563 0.6554705600018522
    outer loop
      vertex 13.134884858386888 30.42570036005945 -1.8683408783878228
      vertex 11.485037196316782 30.396041192730525 0
      vertex 13.13168260452094 30.40685324370705 -1.8683408783878228
    endloop
  endfacet
  facet normal 0.7257046774995557 -0.20907191591918386 0.6554705600018567
    outer loop
      vertex 13.194275628713333 30.63185028525009 -1.8683408783878228
      vertex 11.551481089318804 30.787101937674013 0
      vertex 13.134884858386888 30.42570036005945 -1.8683408783878228
    endloop
  endfacet
  facet normal 0.6977329712741396 -0.28901045961662686 0.6554705600018562
    outer loop
      vertex 13.24304275107444 30.749584533452182 -1.8683408783878228
      vertex 11.661292108499921 31.168264419064066 0
      vertex 13.194275628713333 30.63185028525009 -1.8683408783878228
    endloop
  endfacet
  facet normal 0.6977329712741284 -0.2890104596166579 0.6554705600018543
    outer loop
      vertex 11.661292108499921 31.168264419064066 0
      vertex 13.24304275107444 30.749584533452182 -1.8683408783878228
      vertex 13.25231440775149 30.778119758569474 -1.8656285705085836
    endloop
  endfacet
  facet normal 0.6977329712741728 -0.2890104596165277 0.6554705600018643
    outer loop
      vertex 13.26133200036934 30.793738687145552 -1.8683408783878228
      vertex 11.661292108499921 31.168264419064066 0
      vertex 13.25231440775149 30.778119758569474 -1.8656285705085836
    endloop
  endfacet
  facet normal 0.6977329712741391 -0.28901045961662886 0.6554705600018557
    outer loop
      vertex 13.276374430714391 30.830054326495627 -1.8683408783878228
      vertex 11.661292108499921 31.168264419064066 0
      vertex 13.26133200036934 30.793738687145552 -1.8683408783878228
    endloop
  endfacet
  facet normal 0.6609868681008498 -0.36531452909661727 0.655470560001856
    outer loop
      vertex 13.380148824320067 31.017819952976744 -1.8683408783878228
      vertex 11.813089316580092 31.534735297541584 0
      vertex 13.276374430714391 30.830054326495627 -1.8683408783878228
    endloop
  endfacet
  facet normal 0.6159284715476848 -0.4370245564127782 0.6554705600018563
    outer loop
      vertex 13.436812816197207 31.097680375913054 -1.8683408783878228
      vertex 12.004963775592916 31.881905989178353 0
      vertex 13.380148824320067 31.017819952976744 -1.8683408783878228
    endloop
  endfacet
  facet normal 0.6159284715476918 -0.43702455641276794 0.6554705600018567
    outer loop
      vertex 12.004963775592916 31.881905989178353 0
      vertex 13.436812816197207 31.097680375913054 -1.8683408783878228
      vertex 13.452285725767965 31.124480241430525 -1.8650119816676156
    endloop
  endfacet
  facet normal 0.6159284715476835 -0.43702455641278065 0.655470560001856
    outer loop
      vertex 13.46899784896899 31.14304093460695 -1.8683408783878228
      vertex 12.004963775592916 31.881905989178353 0
      vertex 13.452285725767965 31.124480241430525 -1.8650119816676156
    endloop
  endfacet
  facet normal 0.6159284715476714 -0.43702455641280025 0.6554705600018543
    outer loop
      vertex 13.504293786319462 31.192785902996288 -1.8683408783878228
      vertex 12.004963775592916 31.881905989178353 0
      vertex 13.46899784896899 31.14304093460695 -1.8683408783878228
    endloop
  endfacet
  facet normal 0.5631244170947791 -0.5032387463645047 0.6554705600018561
    outer loop
      vertex 13.647248121784846 31.35275187821515 -1.8683408783878228
      vertex 12.234502552888156 32.20541062109392 0
      vertex 13.504293786319462 31.192785902996288 -1.8683408783878228
    endloop
  endfacet
  facet normal 0.5032387463645046 -0.5631244170947796 0.6554705600018559
    outer loop
      vertex 13.701378259613357 31.40112552686973 -1.8683408783878228
      vertex 12.498819065159818 32.50118093484018 0
      vertex 13.647248121784846 31.35275187821515 -1.8683408783878228
    endloop
  endfacet
  facet normal 0.5032387463645143 -0.5631244170947713 0.6554705600018558
    outer loop
      vertex 12.498819065159818 32.50118093484018 0
      vertex 13.701378259613357 31.40112552686973 -1.8683408783878228
      vertex 13.719899584325454 31.4216955418862 -1.864888656999499
    endloop
  endfacet
  facet normal 0.5032387463645172 -0.5631244170947671 0.6554705600018568
    outer loop
      vertex 13.743945402081662 31.439165851106754 -1.8683408783878228
      vertex 12.498819065159818 32.50118093484018 0
      vertex 13.719899584325454 31.4216955418862 -1.864888656999499
    endloop
  endfacet
  facet normal 0.5032387463644988 -0.5631244170947856 0.655470560001855
    outer loop
      vertex 13.807214097003712 31.49570621368054 -1.8683408783878228
      vertex 12.498819065159818 32.50118093484018 0
      vertex 13.743945402081662 31.439165851106754 -1.8683408783878228
    endloop
  endfacet
  facet normal 0.4370245564127825 -0.6159284715476812 0.655470560001857
    outer loop
      vertex 13.982180047023256 31.619851175679933 -1.8683408783878228
      vertex 12.79458937890608 32.76549744711185 0
      vertex 13.807214097003712 31.49570621368054 -1.8683408783878228
    endloop
  endfacet
  facet normal 0.36531452909661627 -0.660986868100849 0.6554705600018573
    outer loop
      vertex 14.025879766288412 31.64400315680911 -1.8683408783878228
      vertex 13.118094010821645 32.99503622440709 0
      vertex 13.982180047023256 31.619851175679933 -1.8683408783878228
    endloop
  endfacet
  facet normal 0.36531452909658685 -0.6609868681008665 0.6554705600018559
    outer loop
      vertex 13.118094010821645 32.99503622440709 0
      vertex 14.025879766288412 31.64400315680911 -1.8683408783878228
      vertex 14.043459973651228 31.656775925109347 -1.8652586241038485
    endloop
  endfacet
  facet normal 0.3653145290966607 -0.6609868681008216 0.6554705600018601
    outer loop
      vertex 14.071905581210661 31.66944072556584 -1.8683408783878228
      vertex 13.118094010821645 32.99503622440709 0
      vertex 14.043459973651228 31.656775925109347 -1.8652586241038485
    endloop
  endfacet
  facet normal 0.36531452909661033 -0.6609868681008529 0.6554705600018566
    outer loop
      vertex 14.169945673504373 31.72362556928561 -1.8683408783878228
      vertex 13.118094010821645 32.99503622440709 0
      vertex 14.071905581210661 31.66944072556584 -1.8683408783878228
    endloop
  endfacet
  facet normal 0.2890104596166265 -0.6977329712741394 0.6554705600018564
    outer loop
      vertex 14.368149714749913 31.80572437128667 -1.8683408783878228
      vertex 13.465264702458416 33.18691068341991 0
      vertex 14.169945673504373 31.72362556928561 -1.8683408783878228
    endloop
  endfacet
  facet normal -0.7540326240895984 -0.042345563869276515 0.6554705600018567
    outer loop
      vertex 16.913080052697545 30 -1.8683408783878228
      vertex 18.51496280368322 30.396041192730525 0
      vertex 16.90105100686876 30.21419700584397 -1.8683408783878228
    endloop
  endfacet
  facet normal -0.7445502263417526 -0.12650417157271154 0.6554705600018562
    outer loop
      vertex 16.90105100686876 30.21419700584397 -1.8683408783878228
      vertex 18.448518910681194 30.78710193767401 0
      vertex 16.873562948950465 30.375980127225052 -1.8683408783878228
    endloop
  endfacet
  facet normal -0.7445502263417715 -0.1265041715726212 0.6554705600018521
    outer loop
      vertex 16.873562948950465 30.375980127225052 -1.8683408783878228
      vertex 18.448518910681194 30.78710193767401 0
      vertex 16.87127466355781 30.397751708426075 -1.8667382855320547
    endloop
  endfacet
  facet normal -0.7445502263417383 -0.12650417157278362 0.6554705600018583
    outer loop
      vertex 18.448518910681194 30.78710193767401 0
      vertex 16.86831739547906 30.40685324370705 -1.8683408783878228
      vertex 16.87127466355781 30.397751708426075 -1.8667382855320547
    endloop
  endfacet
  facet normal -0.7445502263417577 -0.1265041715726877 0.6554705600018549
    outer loop
      vertex 16.86831739547906 30.40685324370705 -1.8683408783878228
      vertex 18.448518910681194 30.78710193767401 0
      vertex 16.865115141613114 30.42570036005945 -1.8683408783878228
    endloop
  endfacet
  facet normal -0.7257046774995565 -0.2090719159191841 0.6554705600018557
    outer loop
      vertex 16.865115141613114 30.42570036005945 -1.8683408783878228
      vertex 18.33870789150008 31.168264419064066 0
      vertex 16.80572437128667 30.63185028525009 -1.8683408783878228
    endloop
  endfacet
  facet normal -0.6977329712741349 -0.2890104596166354 0.6554705600018572
    outer loop
      vertex 16.80572437128667 30.63185028525009 -1.8683408783878228
      vertex 18.18691068341991 31.534735297541584 0
      vertex 16.75695724892556 30.749584533452182 -1.8683408783878228
    endloop
  endfacet
  facet normal -0.6977329712741429 -0.2890104596166187 0.6554705600018563
    outer loop
      vertex 16.75695724892556 30.749584533452182 -1.8683408783878228
      vertex 18.18691068341991 31.534735297541584 0
      vertex 16.747685592248512 30.778119758569474 -1.8656285705085836
    endloop
  endfacet
  facet normal -0.6977329712741526 -0.2890104596166012 0.6554705600018536
    outer loop
      vertex 18.18691068341991 31.534735297541584 0
      vertex 16.73866799963066 30.793738687145552 -1.8683408783878228
      vertex 16.747685592248512 30.778119758569474 -1.8656285705085836
    endloop
  endfacet
  facet normal -0.6977329712741385 -0.28901045961662863 0.6554705600018566
    outer loop
      vertex 16.73866799963066 30.793738687145552 -1.8683408783878228
      vertex 18.18691068341991 31.534735297541584 0
      vertex 16.72362556928561 30.830054326495627 -1.8683408783878228
    endloop
  endfacet
  facet normal -0.6609868681008492 -0.3653145290966169 0.6554705600018568
    outer loop
      vertex 16.72362556928561 30.830054326495627 -1.8683408783878228
      vertex 17.995036224407084 31.881905989178357 0
      vertex 16.619851175679933 31.017819952976744 -1.8683408783878228
    endloop
  endfacet
  facet normal 0.20907191591917376 -0.7257046774995597 0.6554705600018554
    outer loop
      vertex 14.396070275763794 31.813768146345172 -1.8683408783878228
      vertex 13.831735580935936 33.33870789150008 0
      vertex 14.368149714749913 31.80572437128667 -1.8683408783878228
    endloop
  endfacet
  facet normal 0.20907191591909619 -0.7257046774995851 0.6554705600018522
    outer loop
      vertex 13.831735580935936 33.33870789150008 0
      vertex 14.396070275763794 31.813768146345172 -1.8683408783878228
      vertex 14.408825752116739 31.819447250312276 -1.8661218001833664
    endloop
  endfacet
  facet normal 0.20907191591923185 -0.7257046774995403 0.6554705600018583
    outer loop
      vertex 14.435359442746394 31.825087160360933 -1.8683408783878228
      vertex 13.831735580935936 33.33870789150008 0
      vertex 14.408825752116739 31.819447250312276 -1.8661218001833664
    endloop
  endfacet
  facet normal 0.2090719159191885 -0.7257046774995549 0.655470560001856
    outer loop
      vertex 14.574299639940548 31.865115141613114 -1.8683408783878228
      vertex 13.831735580935936 33.33870789150008 0
      vertex 14.435359442746394 31.825087160360933 -1.8683408783878228
    endloop
  endfacet
  facet normal 0.1265041715727024 -0.7445502263417548 0.6554705600018554
    outer loop
      vertex 14.78580299415603 31.90105100686876 -1.8683408783878228
      vertex 14.21289806232599 33.448518910681194 0
      vertex 14.574299639940548 31.865115141613114 -1.8683408783878228
    endloop
  endfacet
  facet normal 0.04234556386922404 -0.7540326240896026 0.6554705600018552
    outer loop
      vertex 14.795232605563127 31.901580562486572 -1.8683408783878228
      vertex 14.603958807269475 33.51496280368322 0
      vertex 14.78580299415603 31.90105100686876 -1.8683408783878228
    endloop
  endfacet
  facet normal 0.042345563869595954 -0.7540326240895707 0.6554705600018678
    outer loop
      vertex 14.603958807269475 33.51496280368322 0
      vertex 14.795232605563127 31.901580562486572 -1.8683408783878228
      vertex 14.800028681983523 31.9026 -1.867477992062371
    endloop
  endfacet
  facet normal 0.042345563869245574 -0.7540326240896013 0.6554705600018554
    outer loop
      vertex 14.813385372301978 31.9026 -1.8683408783878228
      vertex 14.603958807269475 33.51496280368322 0
      vertex 14.800028681983523 31.9026 -1.867477992062371
    endloop
  endfacet
  facet normal 0.042345563869273725 -0.7540326240895987 0.6554705600018563
    outer loop
      vertex 15 31.913080052697545 -1.8683408783878228
      vertex 14.603958807269475 33.51496280368322 0
      vertex 14.813385372301978 31.9026 -1.8683408783878228
    endloop
  endfacet
  facet normal -0.04234556386927368 -0.7540326240895979 0.6554705600018573
    outer loop
      vertex 15.186614627698022 31.9026 -1.8683408783878228
      vertex 15 33.537204 0
      vertex 15 31.913080052697545 -1.8683408783878228
    endloop
  endfacet
  facet normal -0.042345563869245845 -0.7540326240895974 0.6554705600018597
    outer loop
      vertex 15.199971318016477 31.9026 -1.867477992062371
      vertex 15 33.537204 0
      vertex 15.186614627698022 31.9026 -1.8683408783878228
    endloop
  endfacet
  facet normal -0.04234556386959744 -0.7540326240896049 0.6554705600018285
    outer loop
      vertex 15.204767394436873 31.901580562486572 -1.8683408783878228
      vertex 15 33.537204 0
      vertex 15.199971318016477 31.9026 -1.867477992062371
    endloop
  endfacet
  facet normal -0.0423455638692237 -0.7540326240895965 0.6554705600018622
    outer loop
      vertex 15.21419700584397 31.90105100686876 -1.8683408783878228
      vertex 15 33.537204 0
      vertex 15.204767394436873 31.901580562486572 -1.8683408783878228
    endloop
  endfacet
  facet normal -0.437024556412783 -0.6159284715476819 0.655470560001856
    outer loop
      vertex 16.192785902996288 31.49570621368054 -1.8683408783878228
      vertex 16.881905989178357 32.99503622440708 0
      vertex 16.017819952976744 31.619851175679933 -1.8683408783878228
    endloop
  endfacet
  facet normal -0.3653145290966167 -0.6609868681008497 0.6554705600018563
    outer loop
      vertex 16.017819952976744 31.619851175679933 -1.8683408783878228
      vertex 16.534735297541584 33.18691068341991 0
      vertex 15.974120233711588 31.64400315680911 -1.8683408783878228
    endloop
  endfacet
  facet normal -0.36531452909658635 -0.660986868100864 0.655470560001859
    outer loop
      vertex 15.974120233711588 31.64400315680911 -1.8683408783878228
      vertex 16.534735297541584 33.18691068341991 0
      vertex 15.956540026348772 31.656775925109347 -1.8652586241038485
    endloop
  endfacet
  facet normal -0.3653145290966618 -0.6609868681008274 0.6554705600018537
    outer loop
      vertex 16.534735297541584 33.18691068341991 0
      vertex 15.928094418789339 31.66944072556584 -1.8683408783878228
      vertex 15.956540026348772 31.656775925109347 -1.8652586241038485
    endloop
  endfacet
  facet normal -0.12650417157270225 -0.7445502263417537 0.655470560001857
    outer loop
      vertex 15.425700360059452 31.865115141613114 -1.8683408783878228
      vertex 15.396041192730525 33.51496280368322 0
      vertex 15.21419700584397 31.90105100686876 -1.8683408783878228
    endloop
  endfacet
  facet normal -0.20907191591908666 -0.7257046774995768 0.6554705600018642
    outer loop
      vertex 15.603929724236206 31.813768146345172 -1.8683408783878228
      vertex 15.78710193767401 33.448518910681194 0
      vertex 15.591174247883261 31.819447250312276 -1.8661218001833664
    endloop
  endfacet
  facet normal -0.20907191591923485 -0.7257046774995454 0.6554705600018518
    outer loop
      vertex 15.78710193767401 33.448518910681194 0
      vertex 15.564640557253606 31.825087160360933 -1.8683408783878228
      vertex 15.591174247883261 31.819447250312276 -1.8661218001833664
    endloop
  endfacet
  facet normal -0.2090719159191886 -0.7257046774995554 0.6554705600018556
    outer loop
      vertex 15.564640557253606 31.825087160360933 -1.8683408783878228
      vertex 15.78710193767401 33.448518910681194 0
      vertex 15.425700360059452 31.865115141613114 -1.8683408783878228
    endloop
  endfacet
  facet normal -0.2090719159191734 -0.7257046774995585 0.6554705600018568
    outer loop
      vertex 15.631850285250087 31.80572437128667 -1.8683408783878228
      vertex 15.78710193767401 33.448518910681194 0
      vertex 15.603929724236206 31.813768146345172 -1.8683408783878228
    endloop
  endfacet
  facet normal -0.36531452909661033 -0.6609868681008529 0.6554705600018563
    outer loop
      vertex 15.928094418789339 31.66944072556584 -1.8683408783878228
      vertex 16.534735297541584 33.18691068341991 0
      vertex 15.830054326495627 31.72362556928561 -1.8683408783878228
    endloop
  endfacet
  facet normal -0.2890104596166267 -0.6977329712741398 0.655470560001856
    outer loop
      vertex 15.830054326495627 31.72362556928561 -1.8683408783878228
      vertex 16.168264419064066 33.33870789150008 0
      vertex 15.631850285250087 31.80572437128667 -1.8683408783878228
    endloop
  endfacet
  facet normal -0.6159284715476853 -0.4370245564127786 0.6554705600018556
    outer loop
      vertex 16.619851175679933 31.017819952976744 -1.8683408783878228
      vertex 17.765497447111844 32.20541062109392 0
      vertex 16.563187183802793 31.097680375913054 -1.8683408783878228
    endloop
  endfacet
  facet normal -0.6159284715476945 -0.43702455641276716 0.6554705600018547
    outer loop
      vertex 16.563187183802793 31.097680375913054 -1.8683408783878228
      vertex 17.765497447111844 32.20541062109392 0
      vertex 16.547714274232035 31.124480241430525 -1.8650119816676156
    endloop
  endfacet
  facet normal -0.615928471547683 -0.43702455641278165 0.6554705600018557
    outer loop
      vertex 17.765497447111844 32.20541062109392 0
      vertex 16.53100215103101 31.14304093460695 -1.8683408783878228
      vertex 16.547714274232035 31.124480241430525 -1.8650119816676156
    endloop
  endfacet
  facet normal -0.6159284715476697 -0.437024556412799 0.6554705600018568
    outer loop
      vertex 16.53100215103101 31.14304093460695 -1.8683408783878228
      vertex 17.765497447111844 32.20541062109392 0
      vertex 16.49570621368054 31.192785902996288 -1.8683408783878228
    endloop
  endfacet
  facet normal -0.5631244170947759 -0.5032387463645082 0.6554705600018564
    outer loop
      vertex 16.49570621368054 31.192785902996288 -1.8683408783878228
      vertex 17.501180934840182 32.50118093484018 0
      vertex 16.35275187821515 31.35275187821515 -1.8683408783878228
    endloop
  endfacet
  facet normal -0.5032387463645138 -0.5631244170947713 0.655470560001856
    outer loop
      vertex 16.35275187821515 31.35275187821515 -1.8683408783878228
      vertex 17.205410621093918 32.76549744711185 0
      vertex 16.298621740386643 31.40112552686973 -1.8683408783878228
    endloop
  endfacet
  facet normal -0.5032387463645153 -0.5631244170947702 0.6554705600018559
    outer loop
      vertex 16.298621740386643 31.40112552686973 -1.8683408783878228
      vertex 17.205410621093918 32.76549744711185 0
      vertex 16.280100415674546 31.4216955418862 -1.864888656999499
    endloop
  endfacet
  facet normal -0.5032387463645057 -0.5631244170947776 0.6554705600018567
    outer loop
      vertex 16.256054597918336 31.439165851106754 -1.8683408783878228
      vertex 17.205410621093918 32.76549744711185 0
      vertex 16.192785902996288 31.49570621368054 -1.8683408783878228
    endloop
  endfacet
  facet normal -0.5032387463644957 -0.5631244170947871 0.6554705600018562
    outer loop
      vertex 17.205410621093918 32.76549744711185 0
      vertex 16.256054597918336 31.439165851106754 -1.8683408783878228
      vertex 16.280100415674546 31.4216955418862 -1.864888656999499
    endloop
  endfacet
  facet normal 0.7540326240895986 -0.042345563869277986 0.6554705600018563
    outer loop
      vertex 13.09894899313124 30.214197005843968 -1.8683408783878228
      vertex 11.485037196316782 30.396041192730525 0
      vertex 11.462795999999999 30 0
    endloop
  endfacet
  facet normal 0.7445502263417524 -0.1265041715727101 0.6554705600018566
    outer loop
      vertex 13.134884858386888 30.42570036005945 -1.8683408783878228
      vertex 11.551481089318804 30.787101937674013 0
      vertex 11.485037196316782 30.396041192730525 0
    endloop
  endfacet
  facet normal 0.7257046774995547 -0.20907191591918878 0.6554705600018562
    outer loop
      vertex 13.194275628713333 30.63185028525009 -1.8683408783878228
      vertex 11.661292108499921 31.168264419064066 0
      vertex 11.551481089318804 30.787101937674013 0
    endloop
  endfacet
  facet normal 0.6977329712741401 -0.2890104596166256 0.655470560001856
    outer loop
      vertex 13.276374430714391 30.830054326495627 -1.8683408783878228
      vertex 11.813089316580092 31.534735297541584 0
      vertex 11.661292108499921 31.168264419064066 0
    endloop
  endfacet
  facet normal 0.6609868681008514 -0.36531452909661355 0.6554705600018562
    outer loop
      vertex 13.380148824320067 31.017819952976744 -1.8683408783878228
      vertex 12.004963775592916 31.881905989178353 0
      vertex 11.813089316580092 31.534735297541584 0
    endloop
  endfacet
  facet normal 0.6159284715476816 -0.4370245564127833 0.6554705600018562
    outer loop
      vertex 12.004963775592916 31.881905989178353 0
      vertex 13.504293786319462 31.192785902996288 -1.8683408783878228
      vertex 12.234502552888156 32.20541062109392 0
    endloop
  endfacet
  facet normal 0.5631244170947781 -0.5032387463645062 0.6554705600018559
    outer loop
      vertex 13.647248121784846 31.35275187821515 -1.8683408783878228
      vertex 12.498819065159818 32.50118093484018 0
      vertex 12.234502552888156 32.20541062109392 0
    endloop
  endfacet
  facet normal 0.5032387463645116 -0.5631244170947723 0.6554705600018568
    outer loop
      vertex 13.807214097003712 31.49570621368054 -1.8683408783878228
      vertex 12.79458937890608 32.76549744711185 0
      vertex 12.498819065159818 32.50118093484018 0
    endloop
  endfacet
  facet normal 0.43702455641278304 -0.6159284715476807 0.655470560001857
    outer loop
      vertex 13.982180047023256 31.619851175679933 -1.8683408783878228
      vertex 13.118094010821645 32.99503622440709 0
      vertex 12.79458937890608 32.76549744711185 0
    endloop
  endfacet
  facet normal -0.7540326240895986 -0.04234556386927462 0.6554705600018564
    outer loop
      vertex 16.913080052697545 30 -1.8683408783878228
      vertex 18.537204 30 0
      vertex 18.51496280368322 30.396041192730525 0
    endloop
  endfacet
  facet normal -0.7445502263417518 -0.12650417157271462 0.6554705600018564
    outer loop
      vertex 16.90105100686876 30.21419700584397 -1.8683408783878228
      vertex 18.51496280368322 30.396041192730525 0
      vertex 18.448518910681194 30.78710193767401 0
    endloop
  endfacet
  facet normal -0.7257046774995567 -0.20907191591918367 0.6554705600018557
    outer loop
      vertex 16.865115141613114 30.42570036005945 -1.8683408783878228
      vertex 18.448518910681194 30.78710193767401 0
      vertex 18.33870789150008 31.168264419064066 0
    endloop
  endfacet
  facet normal -0.6977329712741415 -0.2890104596166229 0.6554705600018559
    outer loop
      vertex 16.80572437128667 30.63185028525009 -1.8683408783878228
      vertex 18.33870789150008 31.168264419064066 0
      vertex 18.18691068341991 31.534735297541584 0
    endloop
  endfacet
  facet normal -0.6159284715476789 -0.4370245564127864 0.6554705600018566
    outer loop
      vertex 16.619851175679933 31.017819952976744 -1.8683408783878228
      vertex 17.995036224407084 31.881905989178357 0
      vertex 17.765497447111844 32.20541062109392 0
    endloop
  endfacet
  facet normal -0.6609868681008515 -0.36531452909661327 0.6554705600018563
    outer loop
      vertex 16.72362556928561 30.830054326495627 -1.8683408783878228
      vertex 18.18691068341991 31.534735297541584 0
      vertex 17.995036224407084 31.881905989178357 0
    endloop
  endfacet
  facet normal -0.5631244170947779 -0.5032387463645063 0.6554705600018561
    outer loop
      vertex 16.49570621368054 31.192785902996288 -1.8683408783878228
      vertex 17.765497447111844 32.20541062109392 0
      vertex 17.501180934840182 32.50118093484018 0
    endloop
  endfacet
  facet normal -0.4370245564127772 -0.6159284715476852 0.6554705600018567
    outer loop
      vertex 16.192785902996288 31.49570621368054 -1.8683408783878228
      vertex 17.205410621093918 32.76549744711185 0
      vertex 16.881905989178357 32.99503622440708 0
    endloop
  endfacet
  facet normal -0.5032387463645099 -0.5631244170947742 0.6554705600018564
    outer loop
      vertex 16.35275187821515 31.35275187821515 -1.8683408783878228
      vertex 17.501180934840182 32.50118093484018 0
      vertex 17.205410621093918 32.76549744711185 0
    endloop
  endfacet
  facet normal 0.36531452909660955 -0.6609868681008535 0.6554705600018566
    outer loop
      vertex 13.118094010821645 32.99503622440709 0
      vertex 14.169945673504373 31.72362556928561 -1.8683408783878228
      vertex 13.465264702458416 33.18691068341991 0
    endloop
  endfacet
  facet normal 0.28901045961662164 -0.6977329712741419 0.655470560001856
    outer loop
      vertex 13.465264702458416 33.18691068341991 0
      vertex 14.368149714749913 31.80572437128667 -1.8683408783878228
      vertex 13.831735580935936 33.33870789150008 0
    endloop
  endfacet
  facet normal 0.2090719159191847 -0.7257046774995564 0.6554705600018557
    outer loop
      vertex 13.831735580935936 33.33870789150008 0
      vertex 14.574299639940548 31.865115141613114 -1.8683408783878228
      vertex 14.21289806232599 33.448518910681194 0
    endloop
  endfacet
  facet normal 0.12650417157271435 -0.7445502263417518 0.6554705600018567
    outer loop
      vertex 14.78580299415603 31.90105100686876 -1.8683408783878228
      vertex 14.603958807269475 33.51496280368322 0
      vertex 14.21289806232599 33.448518910681194 0
    endloop
  endfacet
  facet normal -0.697732971274141 0.28901045961662275 0.6554705600018562
    outer loop
      vertex 16.72362556928561 29.169945673504373 -1.8683408783878228
      vertex 18.18691068341991 28.465264702458416 0
      vertex 18.33870789150008 28.831735580935934 0
    endloop
  endfacet
  facet normal 0.042345563869207764 0.7540326240895969 0.6554705600018628
    outer loop
      vertex 74.78580299415603 28.09894899313124 -1.8683408783878228
      vertex 75 26.462796 0
      vertex 74.79523260556313 28.098419437513428 -1.8683408783878228
    endloop
  endfacet
  facet normal 0 0 1
    outer loop
      vertex 74.81338537230198 28.0974 -1.8683408783878228
      vertex 75 28.086919947302455 -1.8683408783878228
      vertex 75.18661462769802 28.0974 -1.8683408783878228
    endloop
  endfacet
  facet normal 0.36531452909659995 0.6609868681008582 0.6554705600018572
    outer loop
      vertex 74.07190558121066 28.33055927443416 -1.8683408783878228
      vertex 73.46526470245841 26.81308931658009 0
      vertex 74.16994567350437 28.27637443071439 -1.8683408783878228
    endloop
  endfacet
  facet normal 0.12650417157271548 0.7445502263417518 0.6554705600018563
    outer loop
      vertex 74.57429963994055 28.13488485838689 -1.8683408783878228
      vertex 74.60395880726948 26.48503719631678 0
      vertex 74.78580299415603 28.09894899313124 -1.8683408783878228
    endloop
  endfacet
  facet normal -0.2890104596166155 -0.697732971274144 0.6554705600018564
    outer loop
      vertex 75.83005432649563 31.72362556928561 -1.8683408783878228
      vertex 76.53473529754159 33.18691068341991 0
      vertex 76.16826441906406 33.33870789150008 0
    endloop
  endfacet
  facet normal -0.36531452909662765 -0.6609868681008451 0.6554705600018549
    outer loop
      vertex 76.01781995297675 31.619851175679933 -1.8683408783878228
      vertex 76.88190598917835 32.99503622440708 0
      vertex 76.53473529754159 33.18691068341991 0
    endloop
  endfacet
  facet normal -0.20907191591918714 -0.7257046774995554 0.6554705600018558
    outer loop
      vertex 75.63185028525008 31.80572437128667 -1.8683408783878228
      vertex 76.16826441906406 33.33870789150008 0
      vertex 75.78710193767401 33.448518910681194 0
    endloop
  endfacet
  facet normal -0.04234556386928163 -0.7540326240895979 0.6554705600018567
    outer loop
      vertex 75.21419700584397 31.90105100686876 -1.8683408783878228
      vertex 75.39604119273052 33.51496280368322 0
      vertex 75 33.537204 0
    endloop
  endfacet
  facet normal -0.12650417157271343 -0.7445502263417527 0.6554705600018558
    outer loop
      vertex 75.42570036005945 31.865115141613114 -1.8683408783878228
      vertex 75.78710193767401 33.448518910681194 0
      vertex 75.39604119273052 33.51496280368322 0
    endloop
  endfacet
  facet normal -0.6159284715476713 -0.4370245564127946 0.6554705600018583
    outer loop
      vertex 76.61985117567993 31.017819952976744 -1.8683408783878228
      vertex 77.99503622440709 31.881905989178357 0
      vertex 77.76549744711184 32.20541062109392 0
    endloop
  endfacet
  facet normal -0.6609868681008532 -0.3653145290966075 0.655470560001858
    outer loop
      vertex 76.7236255692856 30.830054326495627 -1.8683408783878228
      vertex 78.18691068341991 31.534735297541584 0
      vertex 77.99503622440709 31.881905989178357 0
    endloop
  endfacet
  facet normal -0.43702455641277116 -0.6159284715476904 0.655470560001856
    outer loop
      vertex 76.19278590299629 31.49570621368054 -1.8683408783878228
      vertex 77.20541062109392 32.76549744711185 0
      vertex 76.88190598917835 32.99503622440708 0
    endloop
  endfacet
  facet normal -0.5032387463645142 -0.5631244170947721 0.6554705600018549
    outer loop
      vertex 76.35275187821516 31.35275187821515 -1.8683408783878228
      vertex 77.50118093484018 32.50118093484018 0
      vertex 77.20541062109392 32.76549744711185 0
    endloop
  endfacet
  facet normal -0.5631244170947779 -0.5032387463645063 0.6554705600018561
    outer loop
      vertex 76.49570621368053 31.192785902996288 -1.8683408783878228
      vertex 77.76549744711184 32.20541062109392 0
      vertex 77.50118093484018 32.50118093484018 0
    endloop
  endfacet
  facet normal -0.697732971274142 -0.2890104596166231 0.6554705600018551
    outer loop
      vertex 76.80572437128667 30.63185028525009 -1.8683408783878228
      vertex 78.33870789150008 31.168264419064066 0
      vertex 78.18691068341991 31.534735297541584 0
    endloop
  endfacet
  facet normal -0.7257046774995527 -0.2090719159191961 0.655470560001856
    outer loop
      vertex 76.86511514161312 30.42570036005945 -1.8683408783878228
      vertex 78.4485189106812 30.78710193767401 0
      vertex 78.33870789150008 31.168264419064066 0
    endloop
  endfacet
  facet normal -0.744550226341753 -0.12650417157270089 0.6554705600018575
    outer loop
      vertex 76.90105100686876 30.21419700584397 -1.8683408783878228
      vertex 78.51496280368322 30.396041192730525 0
      vertex 78.4485189106812 30.78710193767401 0
    endloop
  endfacet
  facet normal -0.7540326240895991 -0.04234556386928139 0.6554705600018554
    outer loop
      vertex 76.91308005269755 30 -1.8683408783878228
      vertex 78.537204 30 0
      vertex 78.51496280368322 30.396041192730525 0
    endloop
  endfacet
  facet normal -0.3653145290965693 -0.6609868681008715 0.6554705600018608
    outer loop
      vertex 76.01781995297675 31.619851175679933 -1.8683408783878228
      vertex 76.53473529754159 33.18691068341991 0
      vertex 75.97412023371159 31.64400315680911 -1.8683408783878228
    endloop
  endfacet
  facet normal -0.43702455641279 -0.6159284715476792 0.6554705600018539
    outer loop
      vertex 76.19278590299629 31.49570621368054 -1.8683408783878228
      vertex 76.88190598917835 32.99503622440708 0
      vertex 76.01781995297675 31.619851175679933 -1.8683408783878228
    endloop
  endfacet
  facet normal -0.5032387463645221 -0.5631244170947642 0.6554705600018557
    outer loop
      vertex 76.25605459791834 31.439165851106754 -1.8683408783878228
      vertex 77.20541062109392 32.76549744711185 0
      vertex 76.19278590299629 31.49570621368054 -1.8683408783878228
    endloop
  endfacet
  facet normal -0.5032387463645882 -0.5631244170947112 0.6554705600018506
    outer loop
      vertex 77.20541062109392 32.76549744711185 0
      vertex 76.25605459791834 31.439165851106754 -1.8683408783878228
      vertex 76.28010041567454 31.4216955418862 -1.864888656999499
    endloop
  endfacet
  facet normal -0.20907191591918114 -0.7257046774995572 0.6554705600018558
    outer loop
      vertex 75.56464055725361 31.825087160360933 -1.8683408783878228
      vertex 75.78710193767401 33.448518910681194 0
      vertex 75.42570036005945 31.865115141613114 -1.8683408783878228
    endloop
  endfacet
  facet normal -0.20907191591928806 -0.725704677499534 0.6554705600018473
    outer loop
      vertex 75.78710193767401 33.448518910681194 0
      vertex 75.56464055725361 31.825087160360933 -1.8683408783878228
      vertex 75.59117424788326 31.819447250312276 -1.8661218001833664
    endloop
  endfacet
  facet normal -0.20907191591900584 -0.725704677499594 0.655470560001871
    outer loop
      vertex 75.60392972423621 31.813768146345172 -1.8683408783878228
      vertex 75.78710193767401 33.448518910681194 0
      vertex 75.59117424788326 31.819447250312276 -1.8661218001833664
    endloop
  endfacet
  facet normal -0.20907191591923616 -0.7257046774995455 0.6554705600018512
    outer loop
      vertex 75.63185028525008 31.80572437128667 -1.8683408783878228
      vertex 75.78710193767401 33.448518910681194 0
      vertex 75.60392972423621 31.813768146345172 -1.8683408783878228
    endloop
  endfacet
  facet normal -0.36531452909659995 -0.6609868681008582 0.6554705600018572
    outer loop
      vertex 75.92809441878934 31.66944072556584 -1.8683408783878228
      vertex 76.53473529754159 33.18691068341991 0
      vertex 75.83005432649563 31.72362556928561 -1.8683408783878228
    endloop
  endfacet
  facet normal 0 0 1
    outer loop
      vertex 74.57429963994055 28.13488485838689 -1.8683408783878228
      vertex 74.78580299415603 28.09894899313124 -1.8683408783878228
      vertex 74.79523260556313 28.098419437513428 -1.8683408783878228
    endloop
  endfacet
  facet normal 0 0 1
    outer loop
      vertex 73.50429378631947 28.807214097003712 -1.8683408783878228
      vertex 73.64724812178484 28.64724812178485 -1.8683408783878228
      vertex 73.70137825961336 28.59887447313027 -1.8683408783878228
    endloop
  endfacet
  facet normal 0 0 1
    outer loop
      vertex 74.39607027576379 28.186231853654828 -1.8683408783878228
      vertex 74.07190558121066 28.33055927443416 -1.8683408783878228
      vertex 74.16994567350437 28.27637443071439 -1.8683408783878228
    endloop
  endfacet
  facet normal 0 0 1
    outer loop
      vertex 74.16994567350437 28.27637443071439 -1.8683408783878228
      vertex 74.36814971474992 28.19427562871333 -1.8683408783878228
      vertex 74.39607027576379 28.186231853654828 -1.8683408783878228
    endloop
  endfacet
  facet normal 0 0 1
    outer loop
      vertex 73.80721409700371 28.50429378631946 -1.8683408783878228
      vertex 73.98218004702325 28.380148824320067 -1.8683408783878228
      vertex 74.02587976628841 28.35599684319089 -1.8683408783878228
    endloop
  endfacet
  facet normal 0 0 1
    outer loop
      vertex 74.79523260556313 28.098419437513428 -1.8683408783878228
      vertex 74.43535944274639 28.174912839639067 -1.8683408783878228
      vertex 74.57429963994055 28.13488485838689 -1.8683408783878228
    endloop
  endfacet
  facet normal 0 0 1
    outer loop
      vertex 73.80721409700371 28.50429378631946 -1.8683408783878228
      vertex 74.02587976628841 28.35599684319089 -1.8683408783878228
      vertex 73.74394540208166 28.560834148893246 -1.8683408783878228
    endloop
  endfacet
  facet normal 0 0 1
    outer loop
      vertex 73.70137825961336 28.59887447313027 -1.8683408783878228
      vertex 73.468997848969 28.85695906539305 -1.8683408783878228
      vertex 73.50429378631947 28.807214097003712 -1.8683408783878228
    endloop
  endfacet
  facet normal 0 0 1
    outer loop
      vertex 73.2763744307144 29.169945673504373 -1.8683408783878228
      vertex 73.38014882432006 28.982180047023256 -1.8683408783878228
      vertex 73.4368128161972 28.902319624086946 -1.8683408783878228
    endloop
  endfacet
  facet normal 0 0 1
    outer loop
      vertex 73.4368128161972 28.902319624086946 -1.8683408783878228
      vertex 73.26133200036934 29.206261312854448 -1.8683408783878228
      vertex 73.2763744307144 29.169945673504373 -1.8683408783878228
    endloop
  endfacet
  facet normal 0 0 1
    outer loop
      vertex 73.13488485838688 29.57429963994055 -1.8683408783878228
      vertex 73.19427562871333 29.36814971474991 -1.8683408783878228
      vertex 73.24304275107444 29.250415466547818 -1.8683408783878228
    endloop
  endfacet
  facet normal 0 0 1
    outer loop
      vertex 73.24304275107444 29.250415466547818 -1.8683408783878228
      vertex 73.13168260452095 29.59314675629295 -1.8683408783878228
      vertex 73.13488485838688 29.57429963994055 -1.8683408783878228
    endloop
  endfacet
  facet normal 0 0 1
    outer loop
      vertex 73.12643705104954 29.62401987277495 -1.8683408783878228
      vertex 73.08691994730245 30 -1.8683408783878228
      vertex 73.09894899313124 29.785802994156032 -1.8683408783878228
    endloop
  endfacet
  facet normal 0.3653145290965693 0.6609868681008715 0.6554705600018608
    outer loop
      vertex 73.98218004702325 28.380148824320067 -1.8683408783878228
      vertex 73.46526470245841 26.81308931658009 0
      vertex 74.02587976628841 28.35599684319089 -1.8683408783878228
    endloop
  endfacet
  facet normal 0.4370245564127896 0.6159284715476787 0.6554705600018547
    outer loop
      vertex 73.80721409700371 28.50429378631946 -1.8683408783878228
      vertex 73.11809401082165 27.004963775592916 0
      vertex 73.98218004702325 28.380148824320067 -1.8683408783878228
    endloop
  endfacet
  facet normal 0.5032387463645225 0.5631244170947647 0.655470560001855
    outer loop
      vertex 73.74394540208166 28.560834148893246 -1.8683408783878228
      vertex 72.79458937890608 27.234502552888156 0
      vertex 73.80721409700371 28.50429378631946 -1.8683408783878228
    endloop
  endfacet
  facet normal 0.503238746364589 0.5631244170947127 0.6554705600018488
    outer loop
      vertex 72.79458937890608 27.234502552888156 0
      vertex 73.74394540208166 28.560834148893246 -1.8683408783878228
      vertex 73.71989958432546 28.5783044581138 -1.864888656999499
    endloop
  endfacet
  facet normal 0.20907191591916371 0.7257046774995611 0.6554705600018571
    outer loop
      vertex 74.43535944274639 28.174912839639067 -1.8683408783878228
      vertex 74.21289806232599 26.551481089318806 0
      vertex 74.57429963994055 28.13488485838689 -1.8683408783878228
    endloop
  endfacet
  facet normal 0.20907191591928806 0.725704677499534 0.6554705600018473
    outer loop
      vertex 74.21289806232599 26.551481089318806 0
      vertex 74.43535944274639 28.174912839639067 -1.8683408783878228
      vertex 74.40882575211674 28.180552749687724 -1.8661218001833664
    endloop
  endfacet
  facet normal 0.20907191591900584 0.725704677499594 0.655470560001871
    outer loop
      vertex 74.39607027576379 28.186231853654828 -1.8683408783878228
      vertex 74.21289806232599 26.551481089318806 0
      vertex 74.40882575211674 28.180552749687724 -1.8661218001833664
    endloop
  endfacet
  facet normal 0.20907191591923616 0.7257046774995455 0.6554705600018512
    outer loop
      vertex 74.36814971474992 28.19427562871333 -1.8683408783878228
      vertex 74.21289806232599 26.551481089318806 0
      vertex 74.39607027576379 28.186231853654828 -1.8683408783878228
    endloop
  endfacet
  facet normal -0.2890104596166201 -0.6977329712741426 0.655470560001856
    outer loop
      vertex 75.83005432649563 31.72362556928561 -1.8683408783878228
      vertex 76.16826441906406 33.33870789150008 0
      vertex 75.63185028525008 31.80572437128667 -1.8683408783878228
    endloop
  endfacet
  facet normal -0.1265041715727033 -0.7445502263417536 0.6554705600018568
    outer loop
      vertex 75.42570036005945 31.865115141613114 -1.8683408783878228
      vertex 75.39604119273052 33.51496280368322 0
      vertex 75.21419700584397 31.90105100686876 -1.8683408783878228
    endloop
  endfacet
  facet normal -0.04234556386920772 -0.7540326240895963 0.6554705600018635
    outer loop
      vertex 75.21419700584397 31.90105100686876 -1.8683408783878228
      vertex 75 33.537204 0
      vertex 75.20476739443687 31.901580562486572 -1.8683408783878228
    endloop
  endfacet
  facet normal -0.04234556386964548 -0.7540326240896058 0.6554705600018241
    outer loop
      vertex 75.20476739443687 31.901580562486572 -1.8683408783878228
      vertex 75 33.537204 0
      vertex 75.19997131801648 31.9026 -1.867477992062371
    endloop
  endfacet
  facet normal 0.04234556386964579 0.7540326240896066 0.6554705600018234
    outer loop
      vertex 74.79523260556313 28.098419437513428 -1.8683408783878228
      vertex 75 26.462796 0
      vertex 74.80002868198352 28.0974 -1.867477992062371
    endloop
  endfacet
  facet normal 0.04234556386922899 0.7540326240895978 0.6554705600018602
    outer loop
      vertex 74.80002868198352 28.0974 -1.867477992062371
      vertex 75 26.462796 0
      vertex 74.81338537230198 28.0974 -1.8683408783878228
    endloop
  endfacet
  facet normal 0.04234556386927412 0.7540326240895986 0.6554705600018564
    outer loop
      vertex 74.81338537230198 28.0974 -1.8683408783878228
      vertex 75 26.462796 0
      vertex 75 28.086919947302455 -1.8683408783878228
    endloop
  endfacet
  facet normal 0.3653145290966618 0.6609868681008274 0.6554705600018537
    outer loop
      vertex 73.46526470245841 26.81308931658009 0
      vertex 74.07190558121066 28.33055927443416 -1.8683408783878228
      vertex 74.04345997365122 28.343224074890653 -1.8652586241038485
    endloop
  endfacet
  facet normal 0.36531452909664175 0.6609868681008376 0.6554705600018546
    outer loop
      vertex 74.02587976628841 28.35599684319089 -1.8683408783878228
      vertex 73.46526470245841 26.81308931658009 0
      vertex 74.04345997365122 28.343224074890653 -1.8652586241038485
    endloop
  endfacet
  facet normal 0.5631244170947958 0.5032387463644884 0.6554705600018543
    outer loop
      vertex 73.50429378631947 28.807214097003712 -1.8683408783878228
      vertex 72.49881906515982 27.498819065159818 0
      vertex 73.64724812178484 28.64724812178485 -1.8683408783878228
    endloop
  endfacet
  facet normal 0.5032387463644359 0.5631244170948321 0.6554705600018634
    outer loop
      vertex 73.64724812178484 28.64724812178485 -1.8683408783878228
      vertex 72.79458937890608 27.234502552888156 0
      vertex 73.70137825961336 28.59887447313027 -1.8683408783878228
    endloop
  endfacet
  facet normal 0.5032387463645148 0.5631244170947699 0.6554705600018563
    outer loop
      vertex 73.70137825961336 28.59887447313027 -1.8683408783878228
      vertex 72.79458937890608 27.234502552888156 0
      vertex 73.71989958432546 28.5783044581138 -1.864888656999499
    endloop
  endfacet
  facet normal 0.6159284715476909 0.4370245564127701 0.6554705600018562
    outer loop
      vertex 73.468997848969 28.85695906539305 -1.8683408783878228
      vertex 72.23450255288816 27.79458937890608 0
      vertex 73.50429378631947 28.807214097003712 -1.8683408783878228
    endloop
  endfacet
  facet normal 0.6159284715475751 0.43702455641291904 0.6554705600018657
    outer loop
      vertex 72.23450255288816 27.79458937890608 0
      vertex 73.468997848969 28.85695906539305 -1.8683408783878228
      vertex 73.45228572576796 28.875519758569475 -1.8650119816676156
    endloop
  endfacet
  facet normal 0.6159284715476504 0.4370245564128238 0.6554705600018583
    outer loop
      vertex 73.4368128161972 28.902319624086946 -1.8683408783878228
      vertex 72.23450255288816 27.79458937890608 0
      vertex 73.45228572576796 28.875519758569475 -1.8650119816676156
    endloop
  endfacet
  facet normal 0.615928471547672 0.4370245564127966 0.6554705600018562
    outer loop
      vertex 73.38014882432006 28.982180047023256 -1.8683408783878228
      vertex 72.23450255288816 27.79458937890608 0
      vertex 73.4368128161972 28.902319624086946 -1.8683408783878228
    endloop
  endfacet
  facet normal 0.7445502263418362 0.12650417157228003 0.6554705600018443
    outer loop
      vertex 73.13168260452095 29.59314675629295 -1.8683408783878228
      vertex 71.5514810893188 29.212898062325987 0
      vertex 73.13488485838688 29.57429963994055 -1.8683408783878228
    endloop
  endfacet
  facet normal 0.7445502263415736 0.12650417157360117 0.6554705600018879
    outer loop
      vertex 71.5514810893188 29.212898062325987 0
      vertex 73.13168260452095 29.59314675629295 -1.8683408783878228
      vertex 73.12872533644219 29.602248291573925 -1.8667382855320547
    endloop
  endfacet
  facet normal 0.7445502263417989 0.12650417157248164 0.655470560001848
    outer loop
      vertex 73.12643705104954 29.62401987277495 -1.8683408783878228
      vertex 71.5514810893188 29.212898062325987 0
      vertex 73.12872533644219 29.602248291573925 -1.8667382855320547
    endloop
  endfacet
  facet normal 0.7445502263417542 0.1265041715726955 0.6554705600018573
    outer loop
      vertex 73.09894899313124 29.785802994156032 -1.8683408783878228
      vertex 71.5514810893188 29.212898062325987 0
      vertex 73.12643705104954 29.62401987277495 -1.8683408783878228
    endloop
  endfacet
  facet normal 0.7540326240895946 0.04234556386931452 0.6554705600018585
    outer loop
      vertex 73.08691994730245 30 -1.8683408783878228
      vertex 71.48503719631678 29.603958807269475 0
      vertex 73.09894899313124 29.785802994156032 -1.8683408783878228
    endloop
  endfacet
  facet normal 0.660986868100872 0.3653145290965795 0.6554705600018543
    outer loop
      vertex 73.2763744307144 29.169945673504373 -1.8683408783878228
      vertex 72.00496377559291 28.118094010821647 0
      vertex 73.38014882432006 28.982180047023256 -1.8683408783878228
    endloop
  endfacet
  facet normal 0.6977329712740606 0.2890104596168011 0.6554705600018633
    outer loop
      vertex 73.26133200036934 29.206261312854448 -1.8683408783878228
      vertex 71.81308931658009 28.465264702458416 0
      vertex 73.2763744307144 29.169945673504373 -1.8683408783878228
    endloop
  endfacet
  facet normal 0.6977329712741529 0.2890104596166008 0.6554705600018533
    outer loop
      vertex 71.81308931658009 28.465264702458416 0
      vertex 73.26133200036934 29.206261312854448 -1.8683408783878228
      vertex 73.25231440775148 29.221880241430526 -1.8656285705085836
    endloop
  endfacet
  facet normal 0.6977329712741785 0.289010459616543 0.6554705600018518
    outer loop
      vertex 73.24304275107444 29.250415466547818 -1.8683408783878228
      vertex 71.81308931658009 28.465264702458416 0
      vertex 73.25231440775148 29.221880241430526 -1.8656285705085836
    endloop
  endfacet
  facet normal 0.6977329712741267 0.28901045961665306 0.6554705600018583
    outer loop
      vertex 73.19427562871333 29.36814971474991 -1.8683408783878228
      vertex 71.81308931658009 28.465264702458416 0
      vertex 73.24304275107444 29.250415466547818 -1.8683408783878228
    endloop
  endfacet
  facet normal 0.7257046774995571 0.20907191591918428 0.6554705600018549
    outer loop
      vertex 73.13488485838688 29.57429963994055 -1.8683408783878228
      vertex 71.66129210849992 28.831735580935934 0
      vertex 73.19427562871333 29.36814971474991 -1.8683408783878228
    endloop
  endfacet
  facet normal -0.04234556386922904 -0.754032624089597 0.6554705600018609
    outer loop
      vertex 75.19997131801648 31.9026 -1.867477992062371
      vertex 75 33.537204 0
      vertex 75.18661462769802 31.9026 -1.8683408783878228
    endloop
  endfacet
  facet normal -0.04234556386927408 -0.7540326240895978 0.6554705600018572
    outer loop
      vertex 75.18661462769802 31.9026 -1.8683408783878228
      vertex 75 33.537204 0
      vertex 75 31.913080052697545 -1.8683408783878228
    endloop
  endfacet
  facet normal -0.3653145290966618 -0.6609868681008274 0.6554705600018537
    outer loop
      vertex 76.53473529754159 33.18691068341991 0
      vertex 75.92809441878934 31.66944072556584 -1.8683408783878228
      vertex 75.95654002634878 31.656775925109347 -1.8652586241038485
    endloop
  endfacet
  facet normal -0.36531452909664175 -0.6609868681008376 0.6554705600018546
    outer loop
      vertex 75.97412023371159 31.64400315680911 -1.8683408783878228
      vertex 76.53473529754159 33.18691068341991 0
      vertex 75.95654002634878 31.656775925109347 -1.8652586241038485
    endloop
  endfacet
  facet normal -0.5631244170947961 -0.5032387463644887 0.6554705600018538
    outer loop
      vertex 76.49570621368053 31.192785902996288 -1.8683408783878228
      vertex 77.50118093484018 32.50118093484018 0
      vertex 76.35275187821516 31.35275187821515 -1.8683408783878228
    endloop
  endfacet
  facet normal -0.5032387463644357 -0.5631244170948317 0.6554705600018641
    outer loop
      vertex 76.35275187821516 31.35275187821515 -1.8683408783878228
      vertex 77.20541062109392 32.76549744711185 0
      vertex 76.29862174038664 31.40112552686973 -1.8683408783878228
    endloop
  endfacet
  facet normal -0.5032387463645143 -0.5631244170947696 0.6554705600018569
    outer loop
      vertex 76.29862174038664 31.40112552686973 -1.8683408783878228
      vertex 77.20541062109392 32.76549744711185 0
      vertex 76.28010041567454 31.4216955418862 -1.864888656999499
    endloop
  endfacet
  facet normal -0.6159284715476913 -0.4370245564127703 0.6554705600018558
    outer loop
      vertex 76.531002151031 31.14304093460695 -1.8683408783878228
      vertex 77.76549744711184 32.20541062109392 0
      vertex 76.49570621368053 31.192785902996288 -1.8683408783878228
    endloop
  endfacet
  facet normal -0.6159284715475759 -0.43702455641291993 0.6554705600018643
    outer loop
      vertex 77.76549744711184 32.20541062109392 0
      vertex 76.531002151031 31.14304093460695 -1.8683408783878228
      vertex 76.54771427423204 31.124480241430525 -1.8650119816676156
    endloop
  endfacet
  facet normal -0.6159284715476507 -0.43702455641282395 0.6554705600018579
    outer loop
      vertex 76.5631871838028 31.097680375913054 -1.8683408783878228
      vertex 77.76549744711184 32.20541062109392 0
      vertex 76.54771427423204 31.124480241430525 -1.8650119816676156
    endloop
  endfacet
  facet normal -0.6159284715477281 -0.43702455641272675 0.6554705600018501
    outer loop
      vertex 76.61985117567993 31.017819952976744 -1.8683408783878228
      vertex 77.76549744711184 32.20541062109392 0
      vertex 76.5631871838028 31.097680375913054 -1.8683408783878228
    endloop
  endfacet
  facet normal -0.7445502263418363 -0.12650417157228003 0.6554705600018442
    outer loop
      vertex 76.86831739547905 30.40685324370705 -1.8683408783878228
      vertex 78.4485189106812 30.78710193767401 0
      vertex 76.86511514161312 30.42570036005945 -1.8683408783878228
    endloop
  endfacet
  facet normal -0.7445502263415721 -0.1265041715736011 0.6554705600018895
    outer loop
      vertex 78.4485189106812 30.78710193767401 0
      vertex 76.86831739547905 30.40685324370705 -1.8683408783878228
      vertex 76.87127466355781 30.397751708426075 -1.8667382855320547
    endloop
  endfacet
  facet normal -0.7445502263417949 -0.1265041715725019 0.6554705600018486
    outer loop
      vertex 76.87356294895046 30.375980127225052 -1.8683408783878228
      vertex 78.4485189106812 30.78710193767401 0
      vertex 76.87127466355781 30.397751708426075 -1.8667382855320547
    endloop
  endfacet
  facet normal 0.2890104596166155 0.697732971274144 0.6554705600018564
    outer loop
      vertex 74.16994567350437 28.27637443071439 -1.8683408783878228
      vertex 73.46526470245841 26.81308931658009 0
      vertex 73.83173558093594 26.66129210849992 0
    endloop
  endfacet
  facet normal 0.3653145290966222 0.6609868681008475 0.6554705600018553
    outer loop
      vertex 73.98218004702325 28.380148824320067 -1.8683408783878228
      vertex 73.11809401082165 27.004963775592916 0
      vertex 73.46526470245841 26.81308931658009 0
    endloop
  endfacet
  facet normal 0.20907191591918714 0.7257046774995554 0.6554705600018558
    outer loop
      vertex 74.36814971474992 28.19427562871333 -1.8683408783878228
      vertex 73.83173558093594 26.66129210849992 0
      vertex 74.21289806232599 26.551481089318806 0
    endloop
  endfacet
  facet normal 0.04234556386927486 0.7540326240895985 0.6554705600018564
    outer loop
      vertex 74.78580299415603 28.09894899313124 -1.8683408783878228
      vertex 74.60395880726948 26.48503719631678 0
      vertex 75 26.462796 0
    endloop
  endfacet
  facet normal 0.12650417157271335 0.744550226341752 0.6554705600018566
    outer loop
      vertex 74.57429963994055 28.13488485838689 -1.8683408783878228
      vertex 74.21289806232599 26.551481089318806 0
      vertex 74.60395880726948 26.48503719631678 0
    endloop
  endfacet
  facet normal 0.6159284715476779 0.4370245564127896 0.6554705600018552
    outer loop
      vertex 73.38014882432006 28.982180047023256 -1.8683408783878228
      vertex 72.00496377559291 28.118094010821647 0
      vertex 72.23450255288816 27.79458937890608 0
    endloop
  endfacet
  facet normal 0.6609868681008516 0.3653145290966104 0.6554705600018579
    outer loop
      vertex 72.00496377559291 28.118094010821647 0
      vertex 73.2763744307144 29.169945673504373 -1.8683408783878228
      vertex 71.81308931658009 28.465264702458416 0
    endloop
  endfacet
  facet normal 0.4370245564127804 0.6159284715476843 0.6554705600018556
    outer loop
      vertex 73.80721409700371 28.50429378631946 -1.8683408783878228
      vertex 72.79458937890608 27.234502552888156 0
      vertex 73.11809401082165 27.004963775592916 0
    endloop
  endfacet
  facet normal 0.5032387463645064 0.5631244170947787 0.6554705600018552
    outer loop
      vertex 73.64724812178484 28.64724812178485 -1.8683408783878228
      vertex 72.49881906515982 27.498819065159818 0
      vertex 72.79458937890608 27.234502552888156 0
    endloop
  endfacet
  facet normal 0.5631244170947775 0.5032387463645059 0.6554705600018567
    outer loop
      vertex 73.50429378631947 28.807214097003712 -1.8683408783878228
      vertex 72.23450255288816 27.79458937890608 0
      vertex 72.49881906515982 27.498819065159818 0
    endloop
  endfacet
  facet normal 0.697732971274142 0.2890104596166231 0.6554705600018551
    outer loop
      vertex 73.19427562871333 29.36814971474991 -1.8683408783878228
      vertex 71.66129210849992 28.831735580935934 0
      vertex 71.81308931658009 28.465264702458416 0
    endloop
  endfacet
  facet normal 0.7257046774995521 0.20907191591919788 0.6554705600018563
    outer loop
      vertex 73.13488485838688 29.57429963994055 -1.8683408783878228
      vertex 71.5514810893188 29.212898062325987 0
      vertex 71.66129210849992 28.831735580935934 0
    endloop
  endfacet
  facet normal 0.7445502263417532 0.12650417157269997 0.6554705600018579
    outer loop
      vertex 71.5514810893188 29.212898062325987 0
      vertex 73.09894899313124 29.785802994156032 -1.8683408783878228
      vertex 71.48503719631678 29.603958807269475 0
    endloop
  endfacet
  facet normal 0.7540326240895991 0.04234556386928139 0.6554705600018554
    outer loop
      vertex 73.08691994730245 30 -1.8683408783878228
      vertex 71.462796 30 0
      vertex 71.48503719631678 29.603958807269475 0
    endloop
  endfacet
  facet normal 0 0 1
    outer loop
      vertex 73.08691994730245 30 -1.8683408783878228
      vertex 73.12643705104954 30.37598012722505 -1.8683408783878228
      vertex 73.09894899313124 30.214197005843968 -1.8683408783878228
    endloop
  endfacet
  facet normal 0 0 1
    outer loop
      vertex 73.19427562871333 30.63185028525009 -1.8683408783878228
      vertex 73.13488485838688 30.42570036005945 -1.8683408783878228
      vertex 73.13168260452095 30.40685324370705 -1.8683408783878228
    endloop
  endfacet
  facet normal 0 0 1
    outer loop
      vertex 73.13168260452095 30.40685324370705 -1.8683408783878228
      vertex 73.24304275107444 30.749584533452182 -1.8683408783878228
      vertex 73.19427562871333 30.63185028525009 -1.8683408783878228
    endloop
  endfacet
  facet normal 0 0 1
    outer loop
      vertex 73.38014882432006 31.017819952976744 -1.8683408783878228
      vertex 73.2763744307144 30.830054326495627 -1.8683408783878228
      vertex 73.26133200036934 30.793738687145552 -1.8683408783878228
    endloop
  endfacet
  facet normal 0 0 1
    outer loop
      vertex 73.26133200036934 30.793738687145552 -1.8683408783878228
      vertex 73.4368128161972 31.097680375913054 -1.8683408783878228
      vertex 73.38014882432006 31.017819952976744 -1.8683408783878228
    endloop
  endfacet
  facet normal 0 0 1
    outer loop
      vertex 73.64724812178484 31.35275187821515 -1.8683408783878228
      vertex 73.50429378631947 31.192785902996288 -1.8683408783878228
      vertex 73.468997848969 31.14304093460695 -1.8683408783878228
    endloop
  endfacet
  facet normal 0 0 1
    outer loop
      vertex 73.468997848969 31.14304093460695 -1.8683408783878228
      vertex 73.70137825961336 31.40112552686973 -1.8683408783878228
      vertex 73.64724812178484 31.35275187821515 -1.8683408783878228
    endloop
  endfacet
  facet normal 0 0 1
    outer loop
      vertex 73.98218004702325 31.619851175679933 -1.8683408783878228
      vertex 73.80721409700371 31.49570621368054 -1.8683408783878228
      vertex 73.74394540208166 31.439165851106754 -1.8683408783878228
    endloop
  endfacet
  facet normal 0 0 1
    outer loop
      vertex 73.74394540208166 31.439165851106754 -1.8683408783878228
      vertex 74.02587976628841 31.64400315680911 -1.8683408783878228
      vertex 73.98218004702325 31.619851175679933 -1.8683408783878228
    endloop
  endfacet
  facet normal 0 0 1
    outer loop
      vertex 74.36814971474992 31.80572437128667 -1.8683408783878228
      vertex 74.16994567350437 31.72362556928561 -1.8683408783878228
      vertex 74.07190558121066 31.66944072556584 -1.8683408783878228
    endloop
  endfacet
  facet normal 0 0 1
    outer loop
      vertex 74.07190558121066 31.66944072556584 -1.8683408783878228
      vertex 74.39607027576379 31.813768146345172 -1.8683408783878228
      vertex 74.36814971474992 31.80572437128667 -1.8683408783878228
    endloop
  endfacet
  facet normal 0 0 1
    outer loop
      vertex 74.78580299415603 31.90105100686876 -1.8683408783878228
      vertex 74.57429963994055 31.865115141613114 -1.8683408783878228
      vertex 74.43535944274639 31.825087160360933 -1.8683408783878228
    endloop
  endfacet
  facet normal 0 0 1
    outer loop
      vertex 74.43535944274639 31.825087160360933 -1.8683408783878228
      vertex 74.79523260556313 31.901580562486572 -1.8683408783878228
      vertex 74.78580299415603 31.90105100686876 -1.8683408783878228
    endloop
  endfacet
  facet normal 0.754032624089598 -0.04234556386931472 0.6554705600018544
    outer loop
      vertex 73.09894899313124 30.214197005843968 -1.8683408783878228
      vertex 71.462796 30 0
      vertex 73.08691994730245 30 -1.8683408783878228
    endloop
  endfacet
  facet normal 0.7445502263417538 -0.12650417157269542 0.655470560001858
    outer loop
      vertex 73.12643705104954 30.37598012722505 -1.8683408783878228
      vertex 71.48503719631678 30.396041192730525 0
      vertex 73.09894899313124 30.214197005843968 -1.8683408783878228
    endloop
  endfacet
  facet normal 0.7445502263417755 -0.12650417157248114 0.6554705600018746
    outer loop
      vertex 73.12872533644219 30.397751708426075 -1.8667382855320547
      vertex 71.48503719631678 30.396041192730525 0
      vertex 73.12643705104954 30.37598012722505 -1.8683408783878228
    endloop
  endfacet
  facet normal 0.7445502263416647 -0.12650417157364358 0.6554705600017761
    outer loop
      vertex 73.13168260452095 30.40685324370705 -1.8683408783878228
      vertex 71.48503719631678 30.396041192730525 0
      vertex 73.12872533644219 30.397751708426075 -1.8667382855320547
    endloop
  endfacet
  facet normal 0.7445502263417919 -0.12650417157227248 0.6554705600018961
    outer loop
      vertex 73.13488485838688 30.42570036005945 -1.8683408783878228
      vertex 71.48503719631678 30.396041192730525 0
      vertex 73.13168260452095 30.40685324370705 -1.8683408783878228
    endloop
  endfacet
  facet normal 0.7257046774995557 -0.20907191591918386 0.6554705600018567
    outer loop
      vertex 73.19427562871333 30.63185028525009 -1.8683408783878228
      vertex 71.5514810893188 30.787101937674013 0
      vertex 73.13488485838688 30.42570036005945 -1.8683408783878228
    endloop
  endfacet
  facet normal 0.69773297127413 -0.28901045961665445 0.6554705600018542
    outer loop
      vertex 73.24304275107444 30.749584533452182 -1.8683408783878228
      vertex 71.66129210849992 31.168264419064066 0
      vertex 73.19427562871333 30.63185028525009 -1.8683408783878228
    endloop
  endfacet
  facet normal 0.6977329712741688 -0.2890104596165415 0.6554705600018627
    outer loop
      vertex 71.66129210849992 31.168264419064066 0
      vertex 73.24304275107444 30.749584533452182 -1.8683408783878228
      vertex 73.25231440775148 30.778119758569474 -1.8656285705085836
    endloop
  endfacet
  facet normal 0.6977329712741509 -0.28901045961659555 0.6554705600018578
    outer loop
      vertex 73.26133200036934 30.793738687145552 -1.8683408783878228
      vertex 71.66129210849992 31.168264419064066 0
      vertex 73.25231440775148 30.778119758569474 -1.8656285705085836
    endloop
  endfacet
  facet normal 0.6977329712740796 -0.28901045961680893 0.6554705600018396
    outer loop
      vertex 73.2763744307144 30.830054326495627 -1.8683408783878228
      vertex 71.66129210849992 31.168264419064066 0
      vertex 73.26133200036934 30.793738687145552 -1.8683408783878228
    endloop
  endfacet
  facet normal 0.6609868681008687 -0.3653145290965777 0.6554705600018589
    outer loop
      vertex 73.38014882432006 31.017819952976744 -1.8683408783878228
      vertex 71.81308931658009 31.534735297541584 0
      vertex 73.2763744307144 30.830054326495627 -1.8683408783878228
    endloop
  endfacet
  facet normal 0.6159284715476728 -0.4370245564127971 0.655470560001855
    outer loop
      vertex 73.4368128161972 31.097680375913054 -1.8683408783878228
      vertex 72.00496377559291 31.881905989178353 0
      vertex 73.38014882432006 31.017819952976744 -1.8683408783878228
    endloop
  endfacet
  facet normal 0.6159284715476546 -0.43702455641282767 0.6554705600018518
    outer loop
      vertex 72.00496377559291 31.881905989178353 0
      vertex 73.4368128161972 31.097680375913054 -1.8683408783878228
      vertex 73.45228572576796 31.124480241430525 -1.8650119816676156
    endloop
  endfacet
  facet normal 0.6159284715475879 -0.4370245564129324 0.6554705600018447
    outer loop
      vertex 73.468997848969 31.14304093460695 -1.8683408783878228
      vertex 72.00496377559291 31.881905989178353 0
      vertex 73.45228572576796 31.124480241430525 -1.8650119816676156
    endloop
  endfacet
  facet normal 0.6159284715476888 -0.43702455641276866 0.655470560001859
    outer loop
      vertex 73.50429378631947 31.192785902996288 -1.8683408783878228
      vertex 72.00496377559291 31.881905989178353 0
      vertex 73.468997848969 31.14304093460695 -1.8683408783878228
    endloop
  endfacet
  facet normal 0.5631244170947942 -0.5032387463644871 0.6554705600018569
    outer loop
      vertex 73.64724812178484 31.35275187821515 -1.8683408783878228
      vertex 72.23450255288816 32.20541062109392 0
      vertex 73.50429378631947 31.192785902996288 -1.8683408783878228
    endloop
  endfacet
  facet normal 0.5032387463644425 -0.5631244170948394 0.6554705600018522
    outer loop
      vertex 73.70137825961336 31.40112552686973 -1.8683408783878228
      vertex 72.49881906515982 32.50118093484018 0
      vertex 73.64724812178484 31.35275187821515 -1.8683408783878228
    endloop
  endfacet
  facet normal 0.5032387463645135 -0.5631244170947702 0.6554705600018572
    outer loop
      vertex 72.49881906515982 32.50118093484018 0
      vertex 73.70137825961336 31.40112552686973 -1.8683408783878228
      vertex 73.71989958432546 31.4216955418862 -1.864888656999499
    endloop
  endfacet
  facet normal 0.5032387463645823 -0.5631244170947022 0.6554705600018628
    outer loop
      vertex 73.74394540208166 31.439165851106754 -1.8683408783878228
      vertex 72.49881906515982 32.50118093484018 0
      vertex 73.71989958432546 31.4216955418862 -1.864888656999499
    endloop
  endfacet
  facet normal 0.5032387463645213 -0.5631244170947634 0.6554705600018569
    outer loop
      vertex 73.80721409700371 31.49570621368054 -1.8683408783878228
      vertex 72.49881906515982 32.50118093484018 0
      vertex 73.74394540208166 31.439165851106754 -1.8683408783878228
    endloop
  endfacet
  facet normal 0.4370245564127886 -0.6159284715476773 0.6554705600018564
    outer loop
      vertex 73.98218004702325 31.619851175679933 -1.8683408783878228
      vertex 72.79458937890608 32.76549744711185 0
      vertex 73.80721409700371 31.49570621368054 -1.8683408783878228
    endloop
  endfacet
  facet normal 0.365314529096572 -0.6609868681008763 0.6554705600018544
    outer loop
      vertex 74.02587976628841 31.64400315680911 -1.8683408783878228
      vertex 73.11809401082165 32.99503622440709 0
      vertex 73.98218004702325 31.619851175679933 -1.8683408783878228
    endloop
  endfacet
  facet normal 0.36531452909663803 -0.6609868681008367 0.6554705600018575
    outer loop
      vertex 73.11809401082165 32.99503622440709 0
      vertex 74.02587976628841 31.64400315680911 -1.8683408783878228
      vertex 74.04345997365122 31.656775925109347 -1.8652586241038485
    endloop
  endfacet
  facet normal 0.36531452909666096 -0.6609868681008225 0.6554705600018591
    outer loop
      vertex 74.07190558121066 31.66944072556584 -1.8683408783878228
      vertex 73.11809401082165 32.99503622440709 0
      vertex 74.04345997365122 31.656775925109347 -1.8652586241038485
    endloop
  endfacet
  facet normal 0.3653145290966009 -0.6609868681008598 0.655470560001855
    outer loop
      vertex 74.16994567350437 31.72362556928561 -1.8683408783878228
      vertex 73.11809401082165 32.99503622440709 0
      vertex 74.07190558121066 31.66944072556584 -1.8683408783878228
    endloop
  endfacet
  facet normal 0.28901045961661986 -0.6977329712741421 0.6554705600018567
    outer loop
      vertex 74.36814971474992 31.80572437128667 -1.8683408783878228
      vertex 73.46526470245841 33.18691068341991 0
      vertex 74.16994567350437 31.72362556928561 -1.8683408783878228
    endloop
  endfacet
  facet normal 0.20907191591923474 -0.7257046774995406 0.6554705600018573
    outer loop
      vertex 74.39607027576379 31.813768146345172 -1.8683408783878228
      vertex 73.83173558093594 33.33870789150008 0
      vertex 74.36814971474992 31.80572437128667 -1.8683408783878228
    endloop
  endfacet
  facet normal 0.2090719159190203 -0.7257046774996114 0.6554705600018472
    outer loop
      vertex 73.83173558093594 33.33870789150008 0
      vertex 74.39607027576379 31.813768146345172 -1.8683408783878228
      vertex 74.40882575211674 31.819447250312276 -1.8661218001833664
    endloop
  endfacet
  facet normal 0.2090719159192844 -0.7257046774995234 0.6554705600018603
    outer loop
      vertex 74.43535944274639 31.825087160360933 -1.8683408783878228
      vertex 73.83173558093594 33.33870789150008 0
      vertex 74.40882575211674 31.819447250312276 -1.8661218001833664
    endloop
  endfacet
  facet normal 0.20907191591918134 -0.7257046774995579 0.6554705600018551
    outer loop
      vertex 74.57429963994055 31.865115141613114 -1.8683408783878228
      vertex 73.83173558093594 33.33870789150008 0
      vertex 74.43535944274639 31.825087160360933 -1.8683408783878228
    endloop
  endfacet
  facet normal 0.12650417157270344 -0.7445502263417546 0.6554705600018554
    outer loop
      vertex 74.78580299415603 31.90105100686876 -1.8683408783878228
      vertex 74.21289806232599 33.448518910681194 0
      vertex 74.57429963994055 31.865115141613114 -1.8683408783878228
    endloop
  endfacet
  facet normal 0.04234556386920816 -0.7540326240896039 0.6554705600018547
    outer loop
      vertex 74.79523260556313 31.901580562486572 -1.8683408783878228
      vertex 74.60395880726948 33.51496280368322 0
      vertex 74.78580299415603 31.90105100686876 -1.8683408783878228
    endloop
  endfacet
  facet normal 0.04234556386964197 -0.7540326240895686 0.6554705600018672
    outer loop
      vertex 74.60395880726948 33.51496280368322 0
      vertex 74.79523260556313 31.901580562486572 -1.8683408783878228
      vertex 74.80002868198352 31.9026 -1.867477992062371
    endloop
  endfacet
  facet normal 0.042345563869228636 -0.7540326240896028 0.6554705600018547
    outer loop
      vertex 74.81338537230198 31.9026 -1.8683408783878228
      vertex 74.60395880726948 33.51496280368322 0
      vertex 74.80002868198352 31.9026 -1.867477992062371
    endloop
  endfacet
  facet normal 0.042345563869274135 -0.7540326240895987 0.6554705600018563
    outer loop
      vertex 75 31.913080052697545 -1.8683408783878228
      vertex 74.60395880726948 33.51496280368322 0
      vertex 74.81338537230198 31.9026 -1.8683408783878228
    endloop
  endfacet
  facet normal -0.7445502263417545 -0.12650417157269553 0.6554705600018571
    outer loop
      vertex 76.90105100686876 30.21419700584397 -1.8683408783878228
      vertex 78.4485189106812 30.78710193767401 0
      vertex 76.87356294895046 30.375980127225052 -1.8683408783878228
    endloop
  endfacet
  facet normal -0.7540326240895945 -0.042345563869313825 0.6554705600018583
    outer loop
      vertex 76.91308005269755 30 -1.8683408783878228
      vertex 78.51496280368322 30.396041192730525 0
      vertex 76.90105100686876 30.21419700584397 -1.8683408783878228
    endloop
  endfacet
  facet normal -0.6609868681008475 -0.365314529096616 0.655470560001859
    outer loop
      vertex 76.7236255692856 30.830054326495627 -1.8683408783878228
      vertex 77.99503622440709 31.881905989178357 0
      vertex 76.61985117567993 31.017819952976744 -1.8683408783878228
    endloop
  endfacet
  facet normal -0.6977329712740606 -0.2890104596168011 0.6554705600018633
    outer loop
      vertex 76.73866799963066 30.793738687145552 -1.8683408783878228
      vertex 78.18691068341991 31.534735297541584 0
      vertex 76.7236255692856 30.830054326495627 -1.8683408783878228
    endloop
  endfacet
  facet normal -0.6977329712741529 -0.2890104596166008 0.6554705600018533
    outer loop
      vertex 78.18691068341991 31.534735297541584 0
      vertex 76.73866799963066 30.793738687145552 -1.8683408783878228
      vertex 76.74768559224852 30.778119758569474 -1.8656285705085836
    endloop
  endfacet
  facet normal -0.6977329712741785 -0.289010459616543 0.6554705600018518
    outer loop
      vertex 76.75695724892556 30.749584533452182 -1.8683408783878228
      vertex 78.18691068341991 31.534735297541584 0
      vertex 76.74768559224852 30.778119758569474 -1.8656285705085836
    endloop
  endfacet
  facet normal -0.6977329712741267 -0.28901045961665306 0.6554705600018583
    outer loop
      vertex 76.80572437128667 30.63185028525009 -1.8683408783878228
      vertex 78.18691068341991 31.534735297541584 0
      vertex 76.75695724892556 30.749584533452182 -1.8683408783878228
    endloop
  endfacet
  facet normal -0.7257046774995571 -0.20907191591918428 0.6554705600018549
    outer loop
      vertex 76.86511514161312 30.42570036005945 -1.8683408783878228
      vertex 78.33870789150008 31.168264419064066 0
      vertex 76.80572437128667 30.63185028525009 -1.8683408783878228
    endloop
  endfacet
  facet normal 0 0 1
    outer loop
      vertex 75.42570036005945 31.865115141613114 -1.8683408783878228
      vertex 75.21419700584397 31.90105100686876 -1.8683408783878228
      vertex 75.20476739443687 31.901580562486572 -1.8683408783878228
    endloop
  endfacet
  facet normal 0 0 1
    outer loop
      vertex 74.81338537230198 31.9026 -1.8683408783878228
      vertex 75.18661462769802 31.9026 -1.8683408783878228
      vertex 75 31.913080052697545 -1.8683408783878228
    endloop
  endfacet
  facet normal 0 0 1
    outer loop
      vertex 76.29862174038664 31.40112552686973 -1.8683408783878228
      vertex 76.49570621368053 31.192785902996288 -1.8683408783878228
      vertex 76.35275187821516 31.35275187821515 -1.8683408783878228
    endloop
  endfacet
  facet normal 0 0 1
    outer loop
      vertex 75.60392972423621 31.813768146345172 -1.8683408783878228
      vertex 75.92809441878934 31.66944072556584 -1.8683408783878228
      vertex 75.83005432649563 31.72362556928561 -1.8683408783878228
    endloop
  endfacet
  facet normal 0 0 1
    outer loop
      vertex 75.60392972423621 31.813768146345172 -1.8683408783878228
      vertex 75.83005432649563 31.72362556928561 -1.8683408783878228
      vertex 75.63185028525008 31.80572437128667 -1.8683408783878228
    endloop
  endfacet
  facet normal 0 0 1
    outer loop
      vertex 75.97412023371159 31.64400315680911 -1.8683408783878228
      vertex 76.19278590299629 31.49570621368054 -1.8683408783878228
      vertex 76.01781995297675 31.619851175679933 -1.8683408783878228
    endloop
  endfacet
  facet normal 0 0 1
    outer loop
      vertex 75.20476739443687 31.901580562486572 -1.8683408783878228
      vertex 75.56464055725361 31.825087160360933 -1.8683408783878228
      vertex 75.42570036005945 31.865115141613114 -1.8683408783878228
    endloop
  endfacet
  facet normal 0 0 1
    outer loop
      vertex 75.97412023371159 31.64400315680911 -1.8683408783878228
      vertex 76.25605459791834 31.439165851106754 -1.8683408783878228
      vertex 76.19278590299629 31.49570621368054 -1.8683408783878228
    endloop
  endfacet
  facet normal 0 0 1
    outer loop
      vertex 76.29862174038664 31.40112552686973 -1.8683408783878228
      vertex 76.531002151031 31.14304093460695 -1.8683408783878228
      vertex 76.49570621368053 31.192785902996288 -1.8683408783878228
    endloop
  endfacet
  facet normal 0 0 1
    outer loop
      vertex 76.5631871838028 31.097680375913054 -1.8683408783878228
      vertex 76.7236255692856 30.830054326495627 -1.8683408783878228
      vertex 76.61985117567993 31.017819952976744 -1.8683408783878228
    endloop
  endfacet
  facet normal 0 0 1
    outer loop
      vertex 76.5631871838028 31.097680375913054 -1.8683408783878228
      vertex 76.73866799963066 30.793738687145552 -1.8683408783878228
      vertex 76.7236255692856 30.830054326495627 -1.8683408783878228
    endloop
  endfacet
  facet normal 0 0 1
    outer loop
      vertex 76.75695724892556 30.749584533452182 -1.8683408783878228
      vertex 76.86511514161312 30.42570036005945 -1.8683408783878228
      vertex 76.80572437128667 30.63185028525009 -1.8683408783878228
    endloop
  endfacet
  facet normal 0 0 1
    outer loop
      vertex 76.75695724892556 30.749584533452182 -1.8683408783878228
      vertex 76.86831739547905 30.40685324370705 -1.8683408783878228
      vertex 76.86511514161312 30.42570036005945 -1.8683408783878228
    endloop
  endfacet
  facet normal 0 0 1
    outer loop
      vertex 76.87356294895046 30.375980127225052 -1.8683408783878228
      vertex 76.91308005269755 30 -1.8683408783878228
      vertex 76.90105100686876 30.21419700584397 -1.8683408783878228
    endloop
  endfacet
  facet normal -0.7540326240895973 0.04234556386928148 0.6554705600018575
    outer loop
      vertex 76.90105100686876 29.78580299415603 -1.8683408783878228
      vertex 78.51496280368322 29.603958807269475 0
      vertex 78.537204 30 0
    endloop
  endfacet
  facet normal -0.7445502263417543 0.1265041715727014 0.6554705600018562
    outer loop
      vertex 76.86511514161312 29.57429963994055 -1.8683408783878228
      vertex 78.4485189106812 29.21289806232599 0
      vertex 78.51496280368322 29.603958807269475 0
    endloop
  endfacet
  facet normal -0.7257046774995534 0.20907191591919638 0.6554705600018553
    outer loop
      vertex 76.80572437128667 29.36814971474991 -1.8683408783878228
      vertex 78.33870789150008 28.831735580935934 0
      vertex 78.4485189106812 29.21289806232599 0
    endloop
  endfacet
  facet normal -0.6977329712741398 0.2890104596166222 0.6554705600018578
    outer loop
      vertex 76.7236255692856 29.169945673504373 -1.8683408783878228
      vertex 78.18691068341991 28.465264702458416 0
      vertex 78.33870789150008 28.831735580935934 0
    endloop
  endfacet
  facet normal 0.7540326240895973 -0.04234556386928148 0.6554705600018577
    outer loop
      vertex 73.09894899313124 30.214197005843968 -1.8683408783878228
      vertex 71.48503719631678 30.396041192730525 0
      vertex 71.462796 30 0
    endloop
  endfacet
  facet normal 0.7445502263417545 -0.1265041715727003 0.6554705600018563
    outer loop
      vertex 73.13488485838688 30.42570036005945 -1.8683408783878228
      vertex 71.5514810893188 30.787101937674013 0
      vertex 71.48503719631678 30.396041192730525 0
    endloop
  endfacet
  facet normal 0.7257046774995527 -0.20907191591919813 0.6554705600018553
    outer loop
      vertex 71.5514810893188 30.787101937674013 0
      vertex 73.19427562871333 30.63185028525009 -1.8683408783878228
      vertex 71.66129210849992 31.168264419064066 0
    endloop
  endfacet
  facet normal 0.6977329712741399 -0.2890104596166222 0.6554705600018578
    outer loop
      vertex 71.66129210849992 31.168264419064066 0
      vertex 73.2763744307144 30.830054326495627 -1.8683408783878228
      vertex 71.81308931658009 31.534735297541584 0
    endloop
  endfacet
  facet normal 0.6609868681008535 -0.3653145290966113 0.6554705600018554
    outer loop
      vertex 73.38014882432006 31.017819952976744 -1.8683408783878228
      vertex 72.00496377559291 31.881905989178353 0
      vertex 71.81308931658009 31.534735297541584 0
    endloop
  endfacet
  facet normal 0.6159284715476749 -0.4370245564127921 0.6554705600018564
    outer loop
      vertex 72.00496377559291 31.881905989178353 0
      vertex 73.50429378631947 31.192785902996288 -1.8683408783878228
      vertex 72.23450255288816 32.20541062109392 0
    endloop
  endfacet
  facet normal 0.5631244170947792 -0.5032387463645069 0.6554705600018544
    outer loop
      vertex 73.64724812178484 31.35275187821515 -1.8683408783878228
      vertex 72.49881906515982 32.50118093484018 0
      vertex 72.23450255288816 32.20541062109392 0
    endloop
  endfacet
  facet normal 0.2890104596166201 0.6977329712741426 0.655470560001856
    outer loop
      vertex 74.16994567350437 28.27637443071439 -1.8683408783878228
      vertex 73.83173558093594 26.66129210849992 0
      vertex 74.36814971474992 28.19427562871333 -1.8683408783878228
    endloop
  endfacet
  facet normal 0.4370245564127806 -0.6159284715476842 0.6554705600018553
    outer loop
      vertex 73.98218004702325 31.619851175679933 -1.8683408783878228
      vertex 73.11809401082165 32.99503622440709 0
      vertex 72.79458937890608 32.76549744711185 0
    endloop
  endfacet
  facet normal 0.3653145290966164 -0.6609868681008495 0.6554705600018567
    outer loop
      vertex 74.16994567350437 31.72362556928561 -1.8683408783878228
      vertex 73.46526470245841 33.18691068341991 0
      vertex 73.11809401082165 32.99503622440709 0
    endloop
  endfacet
  facet normal 0.28901045961661553 -0.6977329712741441 0.6554705600018561
    outer loop
      vertex 74.36814971474992 31.80572437128667 -1.8683408783878228
      vertex 73.83173558093594 33.33870789150008 0
      vertex 73.46526470245841 33.18691068341991 0
    endloop
  endfacet
  facet normal 0.20907191591918733 -0.7257046774995557 0.6554705600018556
    outer loop
      vertex 74.57429963994055 31.865115141613114 -1.8683408783878228
      vertex 74.21289806232599 33.448518910681194 0
      vertex 73.83173558093594 33.33870789150008 0
    endloop
  endfacet
  facet normal 0.12650417157271324 -0.744550226341752 0.6554705600018563
    outer loop
      vertex 74.78580299415603 31.90105100686876 -1.8683408783878228
      vertex 74.60395880726948 33.51496280368322 0
      vertex 74.21289806232599 33.448518910681194 0
    endloop
  endfacet
  facet normal 0.042345563869281656 -0.7540326240895976 0.6554705600018571
    outer loop
      vertex 74.60395880726948 33.51496280368322 0
      vertex 75 31.913080052697545 -1.8683408783878228
      vertex 75 33.537204 0
    endloop
  endfacet
  facet normal -0.6609868681008527 0.3653145290966071 0.6554705600018585
    outer loop
      vertex 76.61985117567993 28.982180047023256 -1.8683408783878228
      vertex 77.99503622440709 28.118094010821643 0
      vertex 78.18691068341991 28.465264702458416 0
    endloop
  endfacet
  facet normal -0.6159284715476726 0.43702455641279514 0.6554705600018567
    outer loop
      vertex 76.49570621368053 28.807214097003712 -1.8683408783878228
      vertex 77.76549744711184 27.794589378906082 0
      vertex 77.99503622440709 28.118094010821643 0
    endloop
  endfacet
  facet normal -0.5631244170947818 0.5032387463645034 0.6554705600018549
    outer loop
      vertex 76.35275187821516 28.64724812178485 -1.8683408783878228
      vertex 77.50118093484018 27.498819065159818 0
      vertex 77.76549744711184 27.794589378906082 0
    endloop
  endfacet
  facet normal -0.5032387463645064 0.5631244170947782 0.6554705600018556
    outer loop
      vertex 76.19278590299629 28.50429378631946 -1.8683408783878228
      vertex 77.20541062109392 27.234502552888156 0
      vertex 77.50118093484018 27.498819065159818 0
    endloop
  endfacet
  facet normal -0.4370245564127806 0.6159284715476848 0.6554705600018549
    outer loop
      vertex 76.01781995297675 28.380148824320067 -1.8683408783878228
      vertex 76.88190598917835 27.004963775592916 0
      vertex 77.20541062109392 27.234502552888156 0
    endloop
  endfacet
  facet normal -0.3653145290966217 0.6609868681008467 0.6554705600018566
    outer loop
      vertex 75.83005432649563 28.27637443071439 -1.8683408783878228
      vertex 76.53473529754159 26.81308931658009 0
      vertex 76.88190598917835 27.004963775592916 0
    endloop
  endfacet
  facet normal -0.28901045961661553 0.6977329712741441 0.6554705600018561
    outer loop
      vertex 75.63185028525008 28.19427562871333 -1.8683408783878228
      vertex 76.16826441906406 26.66129210849992 0
      vertex 76.53473529754159 26.81308931658009 0
    endloop
  endfacet
  facet normal -0.2090719159191871 0.725704677499555 0.6554705600018563
    outer loop
      vertex 75.42570036005945 28.13488485838689 -1.8683408783878228
      vertex 75.78710193767401 26.551481089318806 0
      vertex 76.16826441906406 26.66129210849992 0
    endloop
  endfacet
  facet normal -0.12650417157271324 0.744550226341752 0.6554705600018563
    outer loop
      vertex 75.21419700584397 28.09894899313124 -1.8683408783878228
      vertex 75.39604119273052 26.48503719631678 0
      vertex 75.78710193767401 26.551481089318806 0
    endloop
  endfacet
  facet normal -0.042345563869275064 0.7540326240895986 0.6554705600018564
    outer loop
      vertex 75 28.086919947302455 -1.8683408783878228
      vertex 75 26.462796 0
      vertex 75.39604119273052 26.48503719631678 0
    endloop
  endfacet
  facet normal -0.754032624089598 0.04234556386931402 0.6554705600018544
    outer loop
      vertex 76.90105100686876 29.78580299415603 -1.8683408783878228
      vertex 78.537204 30 0
      vertex 76.91308005269755 30 -1.8683408783878228
    endloop
  endfacet
  facet normal -0.7445502263417539 0.12650417157269545 0.6554705600018578
    outer loop
      vertex 76.87356294895046 29.624019872774948 -1.8683408783878228
      vertex 78.51496280368322 29.603958807269475 0
      vertex 76.90105100686876 29.78580299415603 -1.8683408783878228
    endloop
  endfacet
  facet normal -0.7445502263417735 0.12650417157250146 0.655470560001873
    outer loop
      vertex 76.87127466355781 29.602248291573925 -1.8667382855320547
      vertex 78.51496280368322 29.603958807269475 0
      vertex 76.87356294895046 29.624019872774948 -1.8683408783878228
    endloop
  endfacet
  facet normal -0.7445502263416647 0.12650417157364358 0.6554705600017761
    outer loop
      vertex 76.86831739547905 29.59314675629295 -1.8683408783878228
      vertex 78.51496280368322 29.603958807269475 0
      vertex 76.87127466355781 29.602248291573925 -1.8667382855320547
    endloop
  endfacet
  facet normal -0.7445502263417919 0.12650417157227248 0.6554705600018961
    outer loop
      vertex 76.86511514161312 29.57429963994055 -1.8683408783878228
      vertex 78.51496280368322 29.603958807269475 0
      vertex 76.86831739547905 29.59314675629295 -1.8683408783878228
    endloop
  endfacet
  facet normal -0.7257046774995559 0.20907191591918392 0.6554705600018566
    outer loop
      vertex 76.80572437128667 29.36814971474991 -1.8683408783878228
      vertex 78.4485189106812 29.21289806232599 0
      vertex 76.86511514161312 29.57429963994055 -1.8683408783878228
    endloop
  endfacet
  facet normal -0.69773297127413 0.28901045961665445 0.6554705600018542
    outer loop
      vertex 76.75695724892556 29.250415466547818 -1.8683408783878228
      vertex 78.33870789150008 28.831735580935934 0
      vertex 76.80572437128667 29.36814971474991 -1.8683408783878228
    endloop
  endfacet
  facet normal -0.6977329712741688 0.2890104596165415 0.6554705600018627
    outer loop
      vertex 78.33870789150008 28.831735580935934 0
      vertex 76.75695724892556 29.250415466547818 -1.8683408783878228
      vertex 76.74768559224852 29.221880241430526 -1.8656285705085836
    endloop
  endfacet
  facet normal -0.6977329712741509 0.28901045961659555 0.6554705600018578
    outer loop
      vertex 76.73866799963066 29.206261312854448 -1.8683408783878228
      vertex 78.33870789150008 28.831735580935934 0
      vertex 76.74768559224852 29.221880241430526 -1.8656285705085836
    endloop
  endfacet
  facet normal -0.6977329712740796 0.28901045961680893 0.6554705600018396
    outer loop
      vertex 76.7236255692856 29.169945673504373 -1.8683408783878228
      vertex 78.33870789150008 28.831735580935934 0
      vertex 76.73866799963066 29.206261312854448 -1.8683408783878228
    endloop
  endfacet
  facet normal -0.6609868681008485 0.3653145290966165 0.6554705600018577
    outer loop
      vertex 76.61985117567993 28.982180047023256 -1.8683408783878228
      vertex 78.18691068341991 28.465264702458416 0
      vertex 76.7236255692856 29.169945673504373 -1.8683408783878228
    endloop
  endfacet
  facet normal -0.6159284715477206 0.4370245564127214 0.6554705600018607
    outer loop
      vertex 76.5631871838028 28.902319624086946 -1.8683408783878228
      vertex 77.99503622440709 28.118094010821643 0
      vertex 76.61985117567993 28.982180047023256 -1.8683408783878228
    endloop
  endfacet
  facet normal -0.6159284715476542 0.4370245564128277 0.6554705600018521
    outer loop
      vertex 77.99503622440709 28.118094010821643 0
      vertex 76.5631871838028 28.902319624086946 -1.8683408783878228
      vertex 76.54771427423204 28.875519758569475 -1.8650119816676156
    endloop
  endfacet
  facet normal -0.6159284715475877 0.43702455641293203 0.655470560001845
    outer loop
      vertex 76.531002151031 28.85695906539305 -1.8683408783878228
      vertex 77.99503622440709 28.118094010821643 0
      vertex 76.54771427423204 28.875519758569475 -1.8650119816676156
    endloop
  endfacet
  facet normal -0.6159284715476885 0.43702455641276844 0.6554705600018594
    outer loop
      vertex 76.49570621368053 28.807214097003712 -1.8683408783878228
      vertex 77.99503622440709 28.118094010821643 0
      vertex 76.531002151031 28.85695906539305 -1.8683408783878228
    endloop
  endfacet
  facet normal -0.5631244170947942 0.5032387463644871 0.6554705600018569
    outer loop
      vertex 76.35275187821516 28.64724812178485 -1.8683408783878228
      vertex 77.76549744711184 27.794589378906082 0
      vertex 76.49570621368053 28.807214097003712 -1.8683408783878228
    endloop
  endfacet
  facet normal -0.5032387463644421 0.563124417094839 0.6554705600018528
    outer loop
      vertex 76.29862174038664 28.59887447313027 -1.8683408783878228
      vertex 77.50118093484018 27.498819065159818 0
      vertex 76.35275187821516 28.64724812178485 -1.8683408783878228
    endloop
  endfacet
  facet normal -0.5032387463645134 0.5631244170947706 0.6554705600018569
    outer loop
      vertex 77.50118093484018 27.498819065159818 0
      vertex 76.29862174038664 28.59887447313027 -1.8683408783878228
      vertex 76.28010041567454 28.5783044581138 -1.864888656999499
    endloop
  endfacet
  facet normal -0.5032387463645821 0.5631244170947017 0.6554705600018634
    outer loop
      vertex 76.25605459791834 28.560834148893246 -1.8683408783878228
      vertex 77.50118093484018 27.498819065159818 0
      vertex 76.28010041567454 28.5783044581138 -1.864888656999499
    endloop
  endfacet
  facet normal -0.5032387463645209 0.5631244170947629 0.6554705600018575
    outer loop
      vertex 76.19278590299629 28.50429378631946 -1.8683408783878228
      vertex 77.50118093484018 27.498819065159818 0
      vertex 76.25605459791834 28.560834148893246 -1.8683408783878228
    endloop
  endfacet
  facet normal -0.4370245564127889 0.6159284715476778 0.6554705600018559
    outer loop
      vertex 76.01781995297675 28.380148824320067 -1.8683408783878228
      vertex 77.20541062109392 27.234502552888156 0
      vertex 76.19278590299629 28.50429378631946 -1.8683408783878228
    endloop
  endfacet
  facet normal -0.3653145290965723 0.6609868681008768 0.6554705600018538
    outer loop
      vertex 75.97412023371159 28.35599684319089 -1.8683408783878228
      vertex 76.88190598917835 27.004963775592916 0
      vertex 76.01781995297675 28.380148824320067 -1.8683408783878228
    endloop
  endfacet
  facet normal -0.36531452909663903 0.6609868681008374 0.6554705600018563
    outer loop
      vertex 76.88190598917835 27.004963775592916 0
      vertex 75.97412023371159 28.35599684319089 -1.8683408783878228
      vertex 75.95654002634878 28.343224074890653 -1.8652586241038485
    endloop
  endfacet
  facet normal -0.3653145290966611 0.6609868681008231 0.6554705600018583
    outer loop
      vertex 75.92809441878934 28.33055927443416 -1.8683408783878228
      vertex 76.88190598917835 27.004963775592916 0
      vertex 75.95654002634878 28.343224074890653 -1.8652586241038485
    endloop
  endfacet
  facet normal -0.36531452909660117 0.6609868681008604 0.6554705600018542
    outer loop
      vertex 75.83005432649563 28.27637443071439 -1.8683408783878228
      vertex 76.88190598917835 27.004963775592916 0
      vertex 75.92809441878934 28.33055927443416 -1.8683408783878228
    endloop
  endfacet
  facet normal -0.28901045961661986 0.6977329712741421 0.6554705600018567
    outer loop
      vertex 75.63185028525008 28.19427562871333 -1.8683408783878228
      vertex 76.53473529754159 26.81308931658009 0
      vertex 75.83005432649563 28.27637443071439 -1.8683408783878228
    endloop
  endfacet
  facet normal -0.20907191591923474 0.7257046774995406 0.6554705600018573
    outer loop
      vertex 75.60392972423621 28.186231853654828 -1.8683408783878228
      vertex 76.16826441906406 26.66129210849992 0
      vertex 75.63185028525008 28.19427562871333 -1.8683408783878228
    endloop
  endfacet
  facet normal -0.2090719159190203 0.7257046774996114 0.6554705600018472
    outer loop
      vertex 76.16826441906406 26.66129210849992 0
      vertex 75.60392972423621 28.186231853654828 -1.8683408783878228
      vertex 75.59117424788326 28.180552749687724 -1.8661218001833664
    endloop
  endfacet
  facet normal -0.2090719159192844 0.7257046774995234 0.6554705600018603
    outer loop
      vertex 75.56464055725361 28.174912839639067 -1.8683408783878228
      vertex 76.16826441906406 26.66129210849992 0
      vertex 75.59117424788326 28.180552749687724 -1.8661218001833664
    endloop
  endfacet
  facet normal -0.20907191591916444 0.7257046774995636 0.6554705600018542
    outer loop
      vertex 75.42570036005945 28.13488485838689 -1.8683408783878228
      vertex 76.16826441906406 26.66129210849992 0
      vertex 75.56464055725361 28.174912839639067 -1.8683408783878228
    endloop
  endfacet
  facet normal -0.12650417157271546 0.7445502263417516 0.6554705600018567
    outer loop
      vertex 75.21419700584397 28.09894899313124 -1.8683408783878228
      vertex 75.78710193767401 26.551481089318806 0
      vertex 75.42570036005945 28.13488485838689 -1.8683408783878228
    endloop
  endfacet
  facet normal -0.04234556386920816 0.7540326240896039 0.6554705600018547
    outer loop
      vertex 75.20476739443687 28.098419437513428 -1.8683408783878228
      vertex 75.39604119273052 26.48503719631678 0
      vertex 75.21419700584397 28.09894899313124 -1.8683408783878228
    endloop
  endfacet
  facet normal -0.04234556386964197 0.7540326240895686 0.6554705600018672
    outer loop
      vertex 75.39604119273052 26.48503719631678 0
      vertex 75.20476739443687 28.098419437513428 -1.8683408783878228
      vertex 75.19997131801648 28.0974 -1.867477992062371
    endloop
  endfacet
  facet normal -0.042345563869228636 0.7540326240896028 0.6554705600018547
    outer loop
      vertex 75.18661462769802 28.0974 -1.8683408783878228
      vertex 75.39604119273052 26.48503719631678 0
      vertex 75.19997131801648 28.0974 -1.867477992062371
    endloop
  endfacet
  facet normal -0.042345563869274135 0.7540326240895987 0.6554705600018563
    outer loop
      vertex 75 28.086919947302455 -1.8683408783878228
      vertex 75.39604119273052 26.48503719631678 0
      vertex 75.18661462769802 28.0974 -1.8683408783878228
    endloop
  endfacet
  facet normal 0 0 1
    outer loop
      vertex 76.91308005269755 30 -1.8683408783878228
      vertex 76.87356294895046 29.624019872774948 -1.8683408783878228
      vertex 76.90105100686876 29.78580299415603 -1.8683408783878228
    endloop
  endfacet
  facet normal 0 0 1
    outer loop
      vertex 76.86831739547905 29.59314675629295 -1.8683408783878228
      vertex 76.80572437128667 29.36814971474991 -1.8683408783878228
      vertex 76.86511514161312 29.57429963994055 -1.8683408783878228
    endloop
  endfacet
  facet normal 0 0 1
    outer loop
      vertex 76.75695724892556 29.250415466547818 -1.8683408783878228
      vertex 76.80572437128667 29.36814971474991 -1.8683408783878228
      vertex 76.86831739547905 29.59314675629295 -1.8683408783878228
    endloop
  endfacet
  facet normal 0 0 1
    outer loop
      vertex 76.73866799963066 29.206261312854448 -1.8683408783878228
      vertex 76.61985117567993 28.982180047023256 -1.8683408783878228
      vertex 76.7236255692856 29.169945673504373 -1.8683408783878228
    endloop
  endfacet
  facet normal 0 0 1
    outer loop
      vertex 76.5631871838028 28.902319624086946 -1.8683408783878228
      vertex 76.61985117567993 28.982180047023256 -1.8683408783878228
      vertex 76.73866799963066 29.206261312854448 -1.8683408783878228
    endloop
  endfacet
  facet normal 0 0 1
    outer loop
      vertex 76.531002151031 28.85695906539305 -1.8683408783878228
      vertex 76.35275187821516 28.64724812178485 -1.8683408783878228
      vertex 76.49570621368053 28.807214097003712 -1.8683408783878228
    endloop
  endfacet
  facet normal 0 0 1
    outer loop
      vertex 76.29862174038664 28.59887447313027 -1.8683408783878228
      vertex 76.35275187821516 28.64724812178485 -1.8683408783878228
      vertex 76.531002151031 28.85695906539305 -1.8683408783878228
    endloop
  endfacet
  facet normal 0 0 1
    outer loop
      vertex 76.01781995297675 28.380148824320067 -1.8683408783878228
      vertex 76.19278590299629 28.50429378631946 -1.8683408783878228
      vertex 76.25605459791834 28.560834148893246 -1.8683408783878228
    endloop
  endfacet
  facet normal 0 0 1
    outer loop
      vertex 75.97412023371159 28.35599684319089 -1.8683408783878228
      vertex 76.01781995297675 28.380148824320067 -1.8683408783878228
      vertex 76.25605459791834 28.560834148893246 -1.8683408783878228
    endloop
  endfacet
  facet normal 0 0 1
    outer loop
      vertex 75.63185028525008 28.19427562871333 -1.8683408783878228
      vertex 75.83005432649563 28.27637443071439 -1.8683408783878228
      vertex 75.92809441878934 28.33055927443416 -1.8683408783878228
    endloop
  endfacet
  facet normal 0 0 1
    outer loop
      vertex 75.60392972423621 28.186231853654828 -1.8683408783878228
      vertex 75.63185028525008 28.19427562871333 -1.8683408783878228
      vertex 75.92809441878934 28.33055927443416 -1.8683408783878228
    endloop
  endfacet
  facet normal 0 0 1
    outer loop
      vertex 75.21419700584397 28.09894899313124 -1.8683408783878228
      vertex 75.42570036005945 28.13488485838689 -1.8683408783878228
      vertex 75.56464055725361 28.174912839639067 -1.8683408783878228
    endloop
  endfacet
  facet normal 0 0 1
    outer loop
      vertex 75.20476739443687 28.098419437513428 -1.8683408783878228
      vertex 75.21419700584397 28.09894899313124 -1.8683408783878228
      vertex 75.56464055725361 28.174912839639067 -1.8683408783878228
    endloop
  endfacet
  facet normal 0.5032387463645137 -0.5631244170947713 0.655470560001856
    outer loop
      vertex 73.80721409700371 31.49570621368054 -1.8683408783878228
      vertex 72.79458937890608 32.76549744711185 0
      vertex 72.49881906515982 32.50118093484018 0
    endloop
  endfacet
  facet normal -0.40673664307585894 -0.9135454576425747 0
    outer loop
      vertex 135.95654002634876 31.656775925109347 -4
      vertex 135.95654002634876 31.656775925109347 -1.8652586241038485
      vertex 135.92809441878933 31.66944072556584 -1.8683408783878228
    endloop
  endfacet
  facet normal -0.5877852522925273 -0.809016994374908 0
    outer loop
      vertex 135.95654002634876 31.656775925109347 -1.8652586241038485
      vertex 135.95654002634876 31.656775925109347 -4
      vertex 135.97412023371157 31.64400315680911 -1.8683408783878228
    endloop
  endfacet
  facet normal -0.5877852522924547 -0.8090169943749608 -9.133548465115974e-16
    outer loop
      vertex 135.95654002634876 31.656775925109347 -4
      vertex 136.25605459791834 31.439165851106754 -1.8683408783878228
      vertex 135.97412023371157 31.64400315680911 -1.8683408783878228
    endloop
  endfacet
  facet normal -0.587785252292344 -0.8090169943750414 0
    outer loop
      vertex 136.28010041567455 31.4216955418862 -4
      vertex 136.28010041567455 31.4216955418862 -1.864888656999499
      vertex 136.25605459791834 31.439165851106754 -1.8683408783878228
    endloop
  endfacet
  facet normal -0.7431448254776626 -0.6691306063585601 0
    outer loop
      vertex 136.28010041567455 31.4216955418862 -1.864888656999499
      vertex 136.28010041567455 31.4216955418862 -4
      vertex 136.29862174038664 31.40112552686973 -1.8683408783878228
    endloop
  endfacet
  facet normal -0.7431448254773918 -0.669130606358861 -5.257670195281115e-15
    outer loop
      vertex 136.28010041567455 31.4216955418862 -4
      vertex 136.531002151031 31.14304093460695 -1.8683408783878228
      vertex 136.29862174038664 31.40112552686973 -1.8683408783878228
    endloop
  endfacet
  facet normal -0.8660254037841989 -0.5000000000004154 0
    outer loop
      vertex 136.54771427423202 31.124480241430525 -1.8650119816676156
      vertex 136.54771427423202 31.124480241430525 -4
      vertex 136.5631871838028 31.097680375913054 -1.8683408783878228
    endloop
  endfacet
  facet normal -0.7431448254775415 -0.6691306063586947 0
    outer loop
      vertex 136.54771427423202 31.124480241430525 -4
      vertex 136.54771427423202 31.124480241430525 -1.8650119816676156
      vertex 136.531002151031 31.14304093460695 -1.8683408783878228
    endloop
  endfacet
  facet normal -0.8660254037844546 -0.49999999999997224 7.428933950821006e-15
    outer loop
      vertex 136.54771427423202 31.124480241430525 -4
      vertex 136.73866799963065 30.793738687145552 -1.8683408783878228
      vertex 136.5631871838028 31.097680375913054 -1.8683408783878228
    endloop
  endfacet
  facet normal -0.8660254037844514 -0.49999999999997785 0
    outer loop
      vertex 136.7476855922485 30.778119758569474 -4
      vertex 136.7476855922485 30.778119758569474 -1.8656285705085836
      vertex 136.73866799963065 30.793738687145552 -1.8683408783878228
    endloop
  endfacet
  facet normal -0.9510565162949199 -0.30901699437566643 0
    outer loop
      vertex 136.7476855922485 30.778119758569474 -1.8656285705085836
      vertex 136.7476855922485 30.778119758569474 -4
      vertex 136.75695724892557 30.749584533452182 -1.8683408783878228
    endloop
  endfacet
  facet normal -0.9510565162951586 -0.30901699437493185 1.0872258270003077e-14
    outer loop
      vertex 136.7476855922485 30.778119758569474 -4
      vertex 136.86831739547907 30.40685324370705 -1.8683408783878228
      vertex 136.75695724892557 30.749584533452182 -1.8683408783878228
    endloop
  endfacet
  facet normal -0.9510565162952327 -0.30901699437470387 0
    outer loop
      vertex 136.8712746635578 30.397751708426075 -4
      vertex 136.8712746635578 30.397751708426075 -1.8667382855320547
      vertex 136.86831739547907 30.40685324370705 -1.8683408783878228
    endloop
  endfacet
  facet normal -0.9945218953682357 -0.1045284632680127 0
    outer loop
      vertex 136.8712746635578 30.397751708426075 -1.8667382855320547
      vertex 136.8712746635578 30.397751708426075 -4
      vertex 136.87356294895048 30.375980127225052 -1.8683408783878228
    endloop
  endfacet
  facet normal -0.9945218953682754 -0.10452846326763345 3.916235490971707e-15
    outer loop
      vertex 136.87356294895048 30.375980127225052 -1.8683408783878228
      vertex 136.8712746635578 30.397751708426075 -4
      vertex 136.91308005269755 30 -1.8683408783878228
    endloop
  endfacet
  facet normal -0.20791169081776567 -0.9781476007338042 1.7386599055949404e-16
    outer loop
      vertex 135.19997131801648 31.9026 -4
      vertex 135.5646405572536 31.825087160360933 -1.8683408783878228
      vertex 135.20476739443689 31.901580562486572 -1.8683408783878228
    endloop
  endfacet
  facet normal -0.20791169081769176 -0.97814760073382 0
    outer loop
      vertex 135.19997131801648 31.9026 -1.867477992062371
      vertex 135.19997131801648 31.9026 -4
      vertex 135.20476739443689 31.901580562486572 -1.8683408783878228
    endloop
  endfacet
  facet normal 0 -1 0
    outer loop
      vertex 135.19997131801648 31.9026 -4
      vertex 135.19997131801648 31.9026 -1.867477992062371
      vertex 135.18661462769802 31.9026 -1.8683408783878228
    endloop
  endfacet
  facet normal 0 -1 0
    outer loop
      vertex 134.80002868198352 31.9026 -4
      vertex 135.18661462769802 31.9026 -1.8683408783878228
      vertex 134.81338537230198 31.9026 -1.8683408783878228
    endloop
  endfacet
  facet normal 0 -1 0
    outer loop
      vertex 134.80002868198352 31.9026 -1.867477992062371
      vertex 134.80002868198352 31.9026 -4
      vertex 134.81338537230198 31.9026 -1.8683408783878228
    endloop
  endfacet
  facet normal 0.20791169081769176 -0.97814760073382 0
    outer loop
      vertex 134.80002868198352 31.9026 -4
      vertex 134.80002868198352 31.9026 -1.867477992062371
      vertex 134.79523260556311 31.901580562486572 -1.8683408783878228
    endloop
  endfacet
  facet normal -0.4067366430757981 -0.9135454576426018 -9.506585336618006e-16
    outer loop
      vertex 135.59117424788326 31.819447250312276 -4
      vertex 135.92809441878933 31.66944072556584 -1.8683408783878228
      vertex 135.6039297242362 31.813768146345172 -1.8683408783878228
    endloop
  endfacet
  facet normal -0.40673664307593077 -0.9135454576425428 0
    outer loop
      vertex 135.59117424788326 31.819447250312276 -1.8661218001833664
      vertex 135.59117424788326 31.819447250312276 -4
      vertex 135.6039297242362 31.813768146345172 -1.8683408783878228
    endloop
  endfacet
  facet normal -0.20791169081776384 -0.9781476007338047 0
    outer loop
      vertex 135.59117424788326 31.819447250312276 -4
      vertex 135.59117424788326 31.819447250312276 -1.8661218001833664
      vertex 135.5646405572536 31.825087160360933 -1.8683408783878228
    endloop
  endfacet
  facet normal 0.20791169081776567 -0.9781476007338042 -2.418625918856051e-17
    outer loop
      vertex 134.40882575211674 31.819447250312276 -4
      vertex 134.79523260556311 31.901580562486572 -1.8683408783878228
      vertex 134.4353594427464 31.825087160360933 -1.8683408783878228
    endloop
  endfacet
  facet normal 0.20791169081776384 -0.9781476007338047 0
    outer loop
      vertex 134.40882575211674 31.819447250312276 -1.8661218001833664
      vertex 134.40882575211674 31.819447250312276 -4
      vertex 134.4353594427464 31.825087160360933 -1.8683408783878228
    endloop
  endfacet
  facet normal 0.40673664307593077 -0.9135454576425428 0
    outer loop
      vertex 134.40882575211674 31.819447250312276 -4
      vertex 134.40882575211674 31.819447250312276 -1.8661218001833664
      vertex 134.3960702757638 31.813768146345172 -1.8683408783878228
    endloop
  endfacet
  facet normal 0.40673664307585894 -0.9135454576425747 0
    outer loop
      vertex 134.04345997365124 31.656775925109347 -1.8652586241038485
      vertex 134.04345997365124 31.656775925109347 -4
      vertex 134.07190558121067 31.66944072556584 -1.8683408783878228
    endloop
  endfacet
  facet normal 0.5877852522925273 -0.809016994374908 0
    outer loop
      vertex 134.04345997365124 31.656775925109347 -4
      vertex 134.04345997365124 31.656775925109347 -1.8652586241038485
      vertex 134.02587976628843 31.64400315680911 -1.8683408783878228
    endloop
  endfacet
  facet normal 0.4067366430757981 -0.9135454576426018 9.728688411637408e-16
    outer loop
      vertex 134.04345997365124 31.656775925109347 -4
      vertex 134.3960702757638 31.813768146345172 -1.8683408783878228
      vertex 134.07190558121067 31.66944072556584 -1.8683408783878228
    endloop
  endfacet
  facet normal 0.587785252292344 -0.8090169943750414 0
    outer loop
      vertex 133.71989958432545 31.4216955418862 -1.864888656999499
      vertex 133.71989958432545 31.4216955418862 -4
      vertex 133.74394540208166 31.439165851106754 -1.8683408783878228
    endloop
  endfacet
  facet normal 0.7431448254776626 -0.6691306063585601 0
    outer loop
      vertex 133.71989958432545 31.4216955418862 -4
      vertex 133.71989958432545 31.4216955418862 -1.864888656999499
      vertex 133.70137825961336 31.40112552686973 -1.8683408783878228
    endloop
  endfacet
  facet normal 0.5877852522924547 -0.8090169943749608 -1.909262045054063e-15
    outer loop
      vertex 133.71989958432545 31.4216955418862 -4
      vertex 134.02587976628843 31.64400315680911 -1.8683408783878228
      vertex 133.74394540208166 31.439165851106754 -1.8683408783878228
    endloop
  endfacet
  facet normal 0.7431448254775415 -0.6691306063586947 0
    outer loop
      vertex 133.45228572576798 31.124480241430525 -1.8650119816676156
      vertex 133.45228572576798 31.124480241430525 -4
      vertex 133.468997848969 31.14304093460695 -1.8683408783878228
    endloop
  endfacet
  facet normal 0.8660254037841989 -0.5000000000004154 0
    outer loop
      vertex 133.45228572576798 31.124480241430525 -4
      vertex 133.45228572576798 31.124480241430525 -1.8650119816676156
      vertex 133.4368128161972 31.097680375913054 -1.8683408783878228
    endloop
  endfacet
  facet normal 0.7431448254773917 -0.669130606358861 2.623385303333957e-15
    outer loop
      vertex 133.45228572576798 31.124480241430525 -4
      vertex 133.70137825961336 31.40112552686973 -1.8683408783878228
      vertex 133.468997848969 31.14304093460695 -1.8683408783878228
    endloop
  endfacet
  facet normal 0.8660254037844514 -0.49999999999997785 0
    outer loop
      vertex 133.2523144077515 30.778119758569474 -1.8656285705085836
      vertex 133.2523144077515 30.778119758569474 -4
      vertex 133.26133200036935 30.793738687145552 -1.8683408783878228
    endloop
  endfacet
  facet normal 0.8660254037844547 -0.49999999999997224 -5.5466968740731484e-17
    outer loop
      vertex 133.2523144077515 30.778119758569474 -4
      vertex 133.4368128161972 31.097680375913054 -1.8683408783878228
      vertex 133.26133200036935 30.793738687145552 -1.8683408783878228
    endloop
  endfacet
  facet normal 0.9510565162949199 -0.30901699437566643 0
    outer loop
      vertex 133.2523144077515 30.778119758569474 -4
      vertex 133.2523144077515 30.778119758569474 -1.8656285705085836
      vertex 133.24304275107443 30.749584533452182 -1.8683408783878228
    endloop
  endfacet
  facet normal 0.9510565162951586 -0.3090169943749318 1.0763737739726046e-15
    outer loop
      vertex 133.1287253364422 30.397751708426075 -4
      vertex 133.24304275107443 30.749584533452182 -1.8683408783878228
      vertex 133.13168260452093 30.40685324370705 -1.8683408783878228
    endloop
  endfacet
  facet normal 0.9510565162952327 -0.30901699437470387 0
    outer loop
      vertex 133.1287253364422 30.397751708426075 -1.8667382855320547
      vertex 133.1287253364422 30.397751708426075 -4
      vertex 133.13168260452093 30.40685324370705 -1.8683408783878228
    endloop
  endfacet
  facet normal 0.9945218953682374 -0.10452846326799582 0
    outer loop
      vertex 133.1287253364422 30.397751708426075 -4
      vertex 133.1287253364422 30.397751708426075 -1.8667382855320547
      vertex 133.12643705104952 30.37598012722505 -1.8683408783878228
    endloop
  endfacet
  facet normal 0.9945218953682753 -0.10452846326763442 0
    outer loop
      vertex 133.08691994730245 30 -4
      vertex 133.12643705104952 30.37598012722505 -1.8683408783878228
      vertex 133.08691994730245 30 -1.8683408783878228
    endloop
  endfacet
  facet normal -0.5877852522924504 -0.8090169943749639 -1.835848917229609e-15
    outer loop
      vertex 136.25605459791834 31.439165851106754 -1.8683408783878228
      vertex 135.95654002634876 31.656775925109347 -4
      vertex 136.28010041567455 31.4216955418862 -4
    endloop
  endfacet
  facet normal -0.7431448254774198 -0.6691306063588298 2.130621305901386e-15
    outer loop
      vertex 136.531002151031 31.14304093460695 -1.8683408783878228
      vertex 136.28010041567455 31.4216955418862 -4
      vertex 136.54771427423202 31.124480241430525 -4
    endloop
  endfacet
  facet normal -0.8660254037844347 -0.5000000000000069 2.8224195368080213e-16
    outer loop
      vertex 136.73866799963065 30.793738687145552 -1.8683408783878228
      vertex 136.54771427423202 31.124480241430525 -4
      vertex 136.7476855922485 30.778119758569474 -4
    endloop
  endfacet
  facet normal -0.9510565162951425 -0.30901699437498154 1.3107043094237462e-15
    outer loop
      vertex 136.86831739547907 30.40685324370705 -1.8683408783878228
      vertex 136.7476855922485 30.778119758569474 -4
      vertex 136.8712746635578 30.397751708426075 -4
    endloop
  endfacet
  facet normal -0.9945218953682733 -0.1045284632676542 0
    outer loop
      vertex 136.91308005269755 30 -4
      vertex 136.91308005269755 30 -1.8683408783878228
      vertex 136.8712746635578 30.397751708426075 -4
    endloop
  endfacet
  facet normal 0 -1 0
    outer loop
      vertex 135.18661462769802 31.9026 -1.8683408783878228
      vertex 134.80002868198352 31.9026 -4
      vertex 135.19997131801648 31.9026 -4
    endloop
  endfacet
  facet normal -0.5877852522925273 0.809016994374908 0
    outer loop
      vertex 135.95654002634876 28.343224074890653 -4
      vertex 135.95654002634876 28.343224074890653 -1.8652586241038485
      vertex 135.97412023371157 28.35599684319089 -1.8683408783878228
    endloop
  endfacet
  facet normal -0.20791169081776467 -0.9781476007338045 -1.0612756331218801e-17
    outer loop
      vertex 135.5646405572536 31.825087160360933 -1.8683408783878228
      vertex 135.19997131801648 31.9026 -4
      vertex 135.59117424788326 31.819447250312276 -4
    endloop
  endfacet
  facet normal -0.40673664307580754 -0.9135454576425975 8.226624211062985e-16
    outer loop
      vertex 135.92809441878933 31.66944072556584 -1.8683408783878228
      vertex 135.59117424788326 31.819447250312276 -4
      vertex 135.95654002634876 31.656775925109347 -4
    endloop
  endfacet
  facet normal 0.20791169081776467 -0.9781476007338045 1.7140195684876367e-16
    outer loop
      vertex 134.79523260556311 31.901580562486572 -1.8683408783878228
      vertex 134.40882575211674 31.819447250312276 -4
      vertex 134.80002868198352 31.9026 -4
    endloop
  endfacet
  facet normal 0.40673664307580754 -0.9135454576425975 -8.837215005565839e-16
    outer loop
      vertex 134.3960702757638 31.813768146345172 -1.8683408783878228
      vertex 134.04345997365124 31.656775925109347 -4
      vertex 134.40882575211674 31.819447250312276 -4
    endloop
  endfacet
  facet normal 0.5877852522924504 -0.8090169943749639 -9.674704241063711e-16
    outer loop
      vertex 134.02587976628843 31.64400315680911 -1.8683408783878228
      vertex 133.71989958432545 31.4216955418862 -4
      vertex 134.04345997365124 31.656775925109347 -4
    endloop
  endfacet
  facet normal 0.7431448254774198 -0.6691306063588298 -4.712803750519042e-15
    outer loop
      vertex 133.70137825961336 31.40112552686973 -1.8683408783878228
      vertex 133.45228572576798 31.124480241430525 -4
      vertex 133.71989958432545 31.4216955418862 -4
    endloop
  endfacet
  facet normal 0.8660254037844347 -0.5000000000000068 6.849451241890412e-15
    outer loop
      vertex 133.4368128161972 31.097680375913054 -1.8683408783878228
      vertex 133.2523144077515 30.778119758569474 -4
      vertex 133.45228572576798 31.124480241430525 -4
    endloop
  endfacet
  facet normal 0.9510565162951425 -0.3090169943749815 1.0137032409096324e-14
    outer loop
      vertex 133.24304275107443 30.749584533452182 -1.8683408783878228
      vertex 133.1287253364422 30.397751708426075 -4
      vertex 133.2523144077515 30.778119758569474 -4
    endloop
  endfacet
  facet normal 0.9945218953682733 -0.10452846326765422 3.5276896844466208e-15
    outer loop
      vertex 133.12643705104952 30.37598012722505 -1.8683408783878228
      vertex 133.08691994730245 30 -4
      vertex 133.1287253364422 30.397751708426075 -4
    endloop
  endfacet
  facet normal -0.9945218953682754 0.10452846326763345 0
    outer loop
      vertex 136.91308005269755 30 -4
      vertex 136.87356294895048 29.624019872774948 -1.8683408783878228
      vertex 136.91308005269755 30 -1.8683408783878228
    endloop
  endfacet
  facet normal -0.9945218953682357 0.1045284632680127 0
    outer loop
      vertex 136.8712746635578 29.602248291573925 -4
      vertex 136.8712746635578 29.602248291573925 -1.8667382855320547
      vertex 136.87356294895048 29.624019872774948 -1.8683408783878228
    endloop
  endfacet
  facet normal -0.9510565162952327 0.30901699437470387 0
    outer loop
      vertex 136.8712746635578 29.602248291573925 -1.8667382855320547
      vertex 136.8712746635578 29.602248291573925 -4
      vertex 136.86831739547907 29.59314675629295 -1.8683408783878228
    endloop
  endfacet
  facet normal -0.9510565162951586 0.3090169943749318 1.0763737739726046e-15
    outer loop
      vertex 136.8712746635578 29.602248291573925 -4
      vertex 136.75695724892557 29.250415466547818 -1.8683408783878228
      vertex 136.86831739547907 29.59314675629295 -1.8683408783878228
    endloop
  endfacet
  facet normal -0.9510565162949199 0.30901699437566643 0
    outer loop
      vertex 136.7476855922485 29.221880241430526 -4
      vertex 136.7476855922485 29.221880241430526 -1.8656285705085836
      vertex 136.75695724892557 29.250415466547818 -1.8683408783878228
    endloop
  endfacet
  facet normal -0.8660254037844514 0.49999999999997785 0
    outer loop
      vertex 136.7476855922485 29.221880241430526 -1.8656285705085836
      vertex 136.7476855922485 29.221880241430526 -4
      vertex 136.73866799963065 29.206261312854448 -1.8683408783878228
    endloop
  endfacet
  facet normal -0.8660254037844547 0.49999999999997224 -5.5466968740731484e-17
    outer loop
      vertex 136.7476855922485 29.221880241430526 -4
      vertex 136.5631871838028 28.902319624086946 -1.8683408783878228
      vertex 136.73866799963065 29.206261312854448 -1.8683408783878228
    endloop
  endfacet
  facet normal -0.8660254037841989 0.5000000000004154 0
    outer loop
      vertex 136.54771427423202 28.875519758569475 -4
      vertex 136.54771427423202 28.875519758569475 -1.8650119816676156
      vertex 136.5631871838028 28.902319624086946 -1.8683408783878228
    endloop
  endfacet
  facet normal -0.7431448254775415 0.6691306063586947 0
    outer loop
      vertex 136.54771427423202 28.875519758569475 -1.8650119816676156
      vertex 136.54771427423202 28.875519758569475 -4
      vertex 136.531002151031 28.85695906539305 -1.8683408783878228
    endloop
  endfacet
  facet normal -0.7431448254773917 0.669130606358861 2.623385303333957e-15
    outer loop
      vertex 136.54771427423202 28.875519758569475 -4
      vertex 136.29862174038664 28.59887447313027 -1.8683408783878228
      vertex 136.531002151031 28.85695906539305 -1.8683408783878228
    endloop
  endfacet
  facet normal -0.7431448254776626 0.6691306063585601 0
    outer loop
      vertex 136.28010041567455 28.5783044581138 -4
      vertex 136.28010041567455 28.5783044581138 -1.864888656999499
      vertex 136.29862174038664 28.59887447313027 -1.8683408783878228
    endloop
  endfacet
  facet normal -0.587785252292344 0.8090169943750414 0
    outer loop
      vertex 136.28010041567455 28.5783044581138 -1.864888656999499
      vertex 136.28010041567455 28.5783044581138 -4
      vertex 136.25605459791834 28.560834148893246 -1.8683408783878228
    endloop
  endfacet
  facet normal 0 1 0
    outer loop
      vertex 134.81338537230198 28.0974 -1.8683408783878228
      vertex 135.19997131801648 28.0974 -4
      vertex 134.80002868198352 28.0974 -4
    endloop
  endfacet
  facet normal 0.40673664307580754 0.9135454576425975 8.226624211062985e-16
    outer loop
      vertex 134.07190558121067 28.33055927443416 -1.8683408783878228
      vertex 134.40882575211674 28.180552749687724 -4
      vertex 134.04345997365124 28.343224074890653 -4
    endloop
  endfacet
  facet normal 0.20791169081776467 0.9781476007338045 -1.0612756331218801e-17
    outer loop
      vertex 134.4353594427464 28.174912839639067 -1.8683408783878228
      vertex 134.80002868198352 28.0974 -4
      vertex 134.40882575211674 28.180552749687724 -4
    endloop
  endfacet
  facet normal 0.5877852522924504 0.8090169943749639 -1.835848917229609e-15
    outer loop
      vertex 133.74394540208166 28.560834148893246 -1.8683408783878228
      vertex 134.04345997365124 28.343224074890653 -4
      vertex 133.71989958432545 28.5783044581138 -4
    endloop
  endfacet
  facet normal -0.20791169081776467 0.9781476007338045 1.7140195684876367e-16
    outer loop
      vertex 135.20476739443689 28.098419437513428 -1.8683408783878228
      vertex 135.59117424788326 28.180552749687724 -4
      vertex 135.19997131801648 28.0974 -4
    endloop
  endfacet
  facet normal -0.40673664307580754 0.9135454576425975 -8.837215005565839e-16
    outer loop
      vertex 135.6039297242362 28.186231853654828 -1.8683408783878228
      vertex 135.95654002634876 28.343224074890653 -4
      vertex 135.59117424788326 28.180552749687724 -4
    endloop
  endfacet
  facet normal 0.7431448254774198 0.6691306063588298 2.130621305901386e-15
    outer loop
      vertex 133.468997848969 28.85695906539305 -1.8683408783878228
      vertex 133.71989958432545 28.5783044581138 -4
      vertex 133.45228572576798 28.875519758569475 -4
    endloop
  endfacet
  facet normal 0.8660254037844347 0.5000000000000069 2.8224195368080213e-16
    outer loop
      vertex 133.26133200036935 29.206261312854448 -1.8683408783878228
      vertex 133.45228572576798 28.875519758569475 -4
      vertex 133.2523144077515 29.221880241430526 -4
    endloop
  endfacet
  facet normal 0.9510565162951425 0.30901699437498154 1.3107043094237462e-15
    outer loop
      vertex 133.13168260452093 29.59314675629295 -1.8683408783878228
      vertex 133.2523144077515 29.221880241430526 -4
      vertex 133.1287253364422 29.602248291573925 -4
    endloop
  endfacet
  facet normal 0.9945218953682733 0.1045284632676542 0
    outer loop
      vertex 133.08691994730245 30 -4
      vertex 133.08691994730245 30 -1.8683408783878228
      vertex 133.1287253364422 29.602248291573925 -4
    endloop
  endfacet
  facet normal -0.5877852522924504 0.8090169943749639 -9.674704241063711e-16
    outer loop
      vertex 135.97412023371157 28.35599684319089 -1.8683408783878228
      vertex 136.28010041567455 28.5783044581138 -4
      vertex 135.95654002634876 28.343224074890653 -4
    endloop
  endfacet
  facet normal -0.7431448254774198 0.6691306063588298 -4.712803750519042e-15
    outer loop
      vertex 136.29862174038664 28.59887447313027 -1.8683408783878228
      vertex 136.54771427423202 28.875519758569475 -4
      vertex 136.28010041567455 28.5783044581138 -4
    endloop
  endfacet
  facet normal -0.8660254037844347 0.5000000000000068 6.849451241890412e-15
    outer loop
      vertex 136.5631871838028 28.902319624086946 -1.8683408783878228
      vertex 136.7476855922485 29.221880241430526 -4
      vertex 136.54771427423202 28.875519758569475 -4
    endloop
  endfacet
  facet normal -0.9510565162951425 0.3090169943749815 1.0137032409096324e-14
    outer loop
      vertex 136.75695724892557 29.250415466547818 -1.8683408783878228
      vertex 136.8712746635578 29.602248291573925 -4
      vertex 136.7476855922485 29.221880241430526 -4
    endloop
  endfacet
  facet normal -0.9945218953682733 0.10452846326765422 3.7019034843380296e-15
    outer loop
      vertex 136.87356294895048 29.624019872774948 -1.8683408783878228
      vertex 136.91308005269755 30 -4
      vertex 136.8712746635578 29.602248291573925 -4
    endloop
  endfacet
  facet normal -0.5877852522924547 0.8090169943749608 -1.909262045054063e-15
    outer loop
      vertex 136.28010041567455 28.5783044581138 -4
      vertex 135.97412023371157 28.35599684319089 -1.8683408783878228
      vertex 136.25605459791834 28.560834148893246 -1.8683408783878228
    endloop
  endfacet
  facet normal 0.20791169081776567 0.9781476007338042 1.7386599055949404e-16
    outer loop
      vertex 134.80002868198352 28.0974 -4
      vertex 134.4353594427464 28.174912839639067 -1.8683408783878228
      vertex 134.79523260556311 28.098419437513428 -1.8683408783878228
    endloop
  endfacet
  facet normal 0.20791169081769176 0.97814760073382 0
    outer loop
      vertex 134.80002868198352 28.0974 -1.867477992062371
      vertex 134.80002868198352 28.0974 -4
      vertex 134.79523260556311 28.098419437513428 -1.8683408783878228
    endloop
  endfacet
  facet normal 0 1 0
    outer loop
      vertex 134.80002868198352 28.0974 -4
      vertex 134.80002868198352 28.0974 -1.867477992062371
      vertex 134.81338537230198 28.0974 -1.8683408783878228
    endloop
  endfacet
  facet normal 0 1 0
    outer loop
      vertex 135.19997131801648 28.0974 -4
      vertex 134.81338537230198 28.0974 -1.8683408783878228
      vertex 135.18661462769802 28.0974 -1.8683408783878228
    endloop
  endfacet
  facet normal 0 1 0
    outer loop
      vertex 135.19997131801648 28.0974 -1.867477992062371
      vertex 135.19997131801648 28.0974 -4
      vertex 135.18661462769802 28.0974 -1.8683408783878228
    endloop
  endfacet
  facet normal -0.20791169081769176 0.97814760073382 0
    outer loop
      vertex 135.19997131801648 28.0974 -4
      vertex 135.19997131801648 28.0974 -1.867477992062371
      vertex 135.20476739443689 28.098419437513428 -1.8683408783878228
    endloop
  endfacet
  facet normal 0.5877852522924547 0.8090169943749608 -9.133548465115974e-16
    outer loop
      vertex 134.04345997365124 28.343224074890653 -4
      vertex 133.74394540208166 28.560834148893246 -1.8683408783878228
      vertex 134.02587976628843 28.35599684319089 -1.8683408783878228
    endloop
  endfacet
  facet normal 0.5877852522925273 0.809016994374908 0
    outer loop
      vertex 134.04345997365124 28.343224074890653 -1.8652586241038485
      vertex 134.04345997365124 28.343224074890653 -4
      vertex 134.02587976628843 28.35599684319089 -1.8683408783878228
    endloop
  endfacet
  facet normal 0.40673664307585894 0.9135454576425747 0
    outer loop
      vertex 134.04345997365124 28.343224074890653 -4
      vertex 134.04345997365124 28.343224074890653 -1.8652586241038485
      vertex 134.07190558121067 28.33055927443416 -1.8683408783878228
    endloop
  endfacet
  facet normal 0.40673664307593077 0.9135454576425428 0
    outer loop
      vertex 134.40882575211674 28.180552749687724 -1.8661218001833664
      vertex 134.40882575211674 28.180552749687724 -4
      vertex 134.3960702757638 28.186231853654828 -1.8683408783878228
    endloop
  endfacet
  facet normal 0.20791169081776384 0.9781476007338047 0
    outer loop
      vertex 134.40882575211674 28.180552749687724 -4
      vertex 134.40882575211674 28.180552749687724 -1.8661218001833664
      vertex 134.4353594427464 28.174912839639067 -1.8683408783878228
    endloop
  endfacet
  facet normal 0.4067366430757981 0.9135454576426018 -9.506585336618006e-16
    outer loop
      vertex 134.40882575211674 28.180552749687724 -4
      vertex 134.07190558121067 28.33055927443416 -1.8683408783878228
      vertex 134.3960702757638 28.186231853654828 -1.8683408783878228
    endloop
  endfacet
  facet normal 0.587785252292344 0.8090169943750414 0
    outer loop
      vertex 133.71989958432545 28.5783044581138 -4
      vertex 133.71989958432545 28.5783044581138 -1.864888656999499
      vertex 133.74394540208166 28.560834148893246 -1.8683408783878228
    endloop
  endfacet
  facet normal 0.7431448254776626 0.6691306063585601 0
    outer loop
      vertex 133.71989958432545 28.5783044581138 -1.864888656999499
      vertex 133.71989958432545 28.5783044581138 -4
      vertex 133.70137825961336 28.59887447313027 -1.8683408783878228
    endloop
  endfacet
  facet normal 0.7431448254773918 0.669130606358861 -5.257670195281115e-15
    outer loop
      vertex 133.71989958432545 28.5783044581138 -4
      vertex 133.468997848969 28.85695906539305 -1.8683408783878228
      vertex 133.70137825961336 28.59887447313027 -1.8683408783878228
    endloop
  endfacet
  facet normal -0.20791169081776567 0.9781476007338042 -2.418625918856051e-17
    outer loop
      vertex 135.59117424788326 28.180552749687724 -4
      vertex 135.20476739443689 28.098419437513428 -1.8683408783878228
      vertex 135.5646405572536 28.174912839639067 -1.8683408783878228
    endloop
  endfacet
  facet normal -0.20791169081776384 0.9781476007338047 0
    outer loop
      vertex 135.59117424788326 28.180552749687724 -1.8661218001833664
      vertex 135.59117424788326 28.180552749687724 -4
      vertex 135.5646405572536 28.174912839639067 -1.8683408783878228
    endloop
  endfacet
  facet normal -0.40673664307593077 0.9135454576425428 0
    outer loop
      vertex 135.59117424788326 28.180552749687724 -4
      vertex 135.59117424788326 28.180552749687724 -1.8661218001833664
      vertex 135.6039297242362 28.186231853654828 -1.8683408783878228
    endloop
  endfacet
  facet normal -0.4067366430757981 0.9135454576426018 9.728688411637408e-16
    outer loop
      vertex 135.95654002634876 28.343224074890653 -4
      vertex 135.6039297242362 28.186231853654828 -1.8683408783878228
      vertex 135.92809441878933 28.33055927443416 -1.8683408783878228
    endloop
  endfacet
  facet normal 0.8660254037841989 0.5000000000004154 0
    outer loop
      vertex 133.45228572576798 28.875519758569475 -1.8650119816676156
      vertex 133.45228572576798 28.875519758569475 -4
      vertex 133.4368128161972 28.902319624086946 -1.8683408783878228
    endloop
  endfacet
  facet normal 0.7431448254775415 0.6691306063586947 0
    outer loop
      vertex 133.45228572576798 28.875519758569475 -4
      vertex 133.45228572576798 28.875519758569475 -1.8650119816676156
      vertex 133.468997848969 28.85695906539305 -1.8683408783878228
    endloop
  endfacet
  facet normal 0.8660254037844546 0.49999999999997224 7.428933950821006e-15
    outer loop
      vertex 133.45228572576798 28.875519758569475 -4
      vertex 133.26133200036935 29.206261312854448 -1.8683408783878228
      vertex 133.4368128161972 28.902319624086946 -1.8683408783878228
    endloop
  endfacet
  facet normal 0.8660254037844514 0.49999999999997785 0
    outer loop
      vertex 133.2523144077515 29.221880241430526 -4
      vertex 133.2523144077515 29.221880241430526 -1.8656285705085836
      vertex 133.26133200036935 29.206261312854448 -1.8683408783878228
    endloop
  endfacet
  facet normal 0.9510565162951586 0.30901699437493185 1.0872258270003077e-14
    outer loop
      vertex 133.2523144077515 29.221880241430526 -4
      vertex 133.13168260452093 29.59314675629295 -1.8683408783878228
      vertex 133.24304275107443 29.250415466547818 -1.8683408783878228
    endloop
  endfacet
  facet normal 0.9510565162949199 0.30901699437566643 0
    outer loop
      vertex 133.2523144077515 29.221880241430526 -1.8656285705085836
      vertex 133.2523144077515 29.221880241430526 -4
      vertex 133.24304275107443 29.250415466547818 -1.8683408783878228
    endloop
  endfacet
  facet normal 0.9510565162952327 0.30901699437470387 0
    outer loop
      vertex 133.1287253364422 29.602248291573925 -4
      vertex 133.1287253364422 29.602248291573925 -1.8667382855320547
      vertex 133.13168260452093 29.59314675629295 -1.8683408783878228
    endloop
  endfacet
  facet normal 0.9945218953682374 0.10452846326799582 0
    outer loop
      vertex 133.1287253364422 29.602248291573925 -1.8667382855320547
      vertex 133.1287253364422 29.602248291573925 -4
      vertex 133.12643705104952 29.62401987277495 -1.8683408783878228
    endloop
  endfacet
  facet normal 0.9945218953682753 0.10452846326763442 3.731922050616738e-15
    outer loop
      vertex 133.12643705104952 29.62401987277495 -1.8683408783878228
      vertex 133.1287253364422 29.602248291573925 -4
      vertex 133.08691994730245 30 -1.8683408783878228
    endloop
  endfacet
  facet normal -0.40673664307585894 0.9135454576425747 0
    outer loop
      vertex 135.95654002634876 28.343224074890653 -1.8652586241038485
      vertex 135.95654002634876 28.343224074890653 -4
      vertex 135.92809441878933 28.33055927443416 -1.8683408783878228
    endloop
  endfacet
  facet normal -0.8660254037844514 0.49999999999997785 0
    outer loop
      vertex 16.747685592248512 29.221880241430526 -1.8656285705085836
      vertex 16.747685592248512 29.221880241430526 -4
      vertex 16.73866799963066 29.206261312854448 -1.8683408783878228
    endloop
  endfacet
  facet normal 0.9510565162951462 -0.30901699437497027 0
    outer loop
      vertex 13.25231440775149 30.778119758569474 -4
      vertex 13.25231440775149 30.778119758569474 -1.8656285705085836
      vertex 13.24304275107444 30.749584533452182 -1.8683408783878228
    endloop
  endfacet
  facet normal 0 1 0
    outer loop
      vertex 14.800028681983523 28.0974 -4
      vertex 14.800028681983523 28.0974 -1.867477992062371
      vertex 14.813385372301978 28.0974 -1.8683408783878228
    endloop
  endfacet
  facet normal 0 1 0
    outer loop
      vertex 15.199971318016477 28.0974 -4
      vertex 14.813385372301978 28.0974 -1.8683408783878228
      vertex 15.186614627698022 28.0974 -1.8683408783878228
    endloop
  endfacet
  facet normal 0 1 0
    outer loop
      vertex 15.199971318016477 28.0974 -1.867477992062371
      vertex 15.199971318016477 28.0974 -4
      vertex 15.186614627698022 28.0974 -1.8683408783878228
    endloop
  endfacet
  facet normal -0.20791169081806016 0.9781476007337417 0
    outer loop
      vertex 15.199971318016477 28.0974 -4
      vertex 15.199971318016477 28.0974 -1.867477992062371
      vertex 15.204767394436873 28.098419437513428 -1.8683408783878228
    endloop
  endfacet
  facet normal 0.4067366430757982 0.9135454576426019 7.439762868630552e-16
    outer loop
      vertex 14.408825752116739 28.180552749687724 -4
      vertex 14.071905581210661 28.33055927443416 -1.8683408783878228
      vertex 14.396070275763794 28.186231853654828 -1.8683408783878228
    endloop
  endfacet
  facet normal 0.4067366430756944 0.9135454576426479 0
    outer loop
      vertex 14.408825752116739 28.180552749687724 -1.8661218001833664
      vertex 14.408825752116739 28.180552749687724 -4
      vertex 14.396070275763794 28.186231853654828 -1.8683408783878228
    endloop
  endfacet
  facet normal 0.2079116908178171 0.9781476007337934 0
    outer loop
      vertex 14.408825752116739 28.180552749687724 -4
      vertex 14.408825752116739 28.180552749687724 -1.8661218001833664
      vertex 14.435359442746394 28.174912839639067 -1.8683408783878228
    endloop
  endfacet
  facet normal -0.20791169081775393 0.9781476007338067 8.22316399360194e-16
    outer loop
      vertex 15.591174247883261 28.180552749687724 -4
      vertex 15.204767394436873 28.098419437513428 -1.8683408783878228
      vertex 15.564640557253606 28.174912839639067 -1.8683408783878228
    endloop
  endfacet
  facet normal -0.2079116908178171 0.9781476007337934 0
    outer loop
      vertex 15.591174247883261 28.180552749687724 -1.8661218001833664
      vertex 15.591174247883261 28.180552749687724 -4
      vertex 15.564640557253606 28.174912839639067 -1.8683408783878228
    endloop
  endfacet
  facet normal -0.4067366430756944 0.9135454576426479 0
    outer loop
      vertex 15.591174247883261 28.180552749687724 -4
      vertex 15.591174247883261 28.180552749687724 -1.8661218001833664
      vertex 15.603929724236206 28.186231853654828 -1.8683408783878228
    endloop
  endfacet
  facet normal -0.4067366430757981 0.9135454576426018 9.728688411637408e-16
    outer loop
      vertex 15.956540026348772 28.343224074890653 -4
      vertex 15.603929724236206 28.186231853654828 -1.8683408783878228
      vertex 15.928094418789339 28.33055927443416 -1.8683408783878228
    endloop
  endfacet
  facet normal -0.40673664307585894 0.9135454576425747 0
    outer loop
      vertex 15.956540026348772 28.343224074890653 -1.8652586241038485
      vertex 15.956540026348772 28.343224074890653 -4
      vertex 15.928094418789339 28.33055927443416 -1.8683408783878228
    endloop
  endfacet
  facet normal 0.20791169081775393 0.9781476007338067 -7.201489017633651e-16
    outer loop
      vertex 14.800028681983523 28.0974 -4
      vertex 14.435359442746394 28.174912839639067 -1.8683408783878228
      vertex 14.795232605563127 28.098419437513428 -1.8683408783878228
    endloop
  endfacet
  facet normal 0.9945218953682733 0.10452846326765299 2.2491273971419317e-16
    outer loop
      vertex 13.126437051049534 29.62401987277495 -1.8683408783878228
      vertex 13.128725336442193 29.602248291573925 -4
      vertex 13.086919947302453 30 -1.8683408783878228
    endloop
  endfacet
  facet normal 0.9945218953682711 0.10452846326767479 0
    outer loop
      vertex 13.128725336442193 29.602248291573925 -1.8667382855320547
      vertex 13.128725336442193 29.602248291573925 -4
      vertex 13.126437051049534 29.62401987277495 -1.8683408783878228
    endloop
  endfacet
  facet normal 0.9510565162951781 0.30901699437487173 0
    outer loop
      vertex 13.128725336442193 29.602248291573925 -4
      vertex 13.128725336442193 29.602248291573925 -1.8667382855320547
      vertex 13.13168260452094 29.59314675629295 -1.8683408783878228
    endloop
  endfacet
  facet normal 0.9510565162951462 0.30901699437497027 0
    outer loop
      vertex 13.25231440775149 29.221880241430526 -1.8656285705085836
      vertex 13.25231440775149 29.221880241430526 -4
      vertex 13.24304275107444 29.250415466547818 -1.8683408783878228
    endloop
  endfacet
  facet normal 0.9510565162951529 0.30901699437494967 3.0546732002925885e-16
    outer loop
      vertex 13.25231440775149 29.221880241430526 -4
      vertex 13.13168260452094 29.59314675629295 -1.8683408783878228
      vertex 13.24304275107444 29.250415466547818 -1.8683408783878228
    endloop
  endfacet
  facet normal 0.8660254037844941 0.499999999999904 0
    outer loop
      vertex 13.25231440775149 29.221880241430526 -4
      vertex 13.25231440775149 29.221880241430526 -1.8656285705085836
      vertex 13.26133200036934 29.206261312854448 -1.8683408783878228
    endloop
  endfacet
  facet normal 0.8660254037844372 0.5000000000000026 -2.973860883262253e-16
    outer loop
      vertex 13.452285725767965 28.875519758569475 -4
      vertex 13.26133200036934 29.206261312854448 -1.8683408783878228
      vertex 13.436812816197207 28.902319624086946 -1.8683408783878228
    endloop
  endfacet
  facet normal 0.7431448254774 0.6691306063588518 0
    outer loop
      vertex 13.452285725767965 28.875519758569475 -4
      vertex 13.452285725767965 28.875519758569475 -1.8650119816676156
      vertex 13.46899784896899 28.85695906539305 -1.8683408783878228
    endloop
  endfacet
  facet normal 0.8660254037844474 0.4999999999999849 0
    outer loop
      vertex 13.452285725767965 28.875519758569475 -1.8650119816676156
      vertex 13.452285725767965 28.875519758569475 -4
      vertex 13.436812816197207 28.902319624086946 -1.8683408783878228
    endloop
  endfacet
  facet normal 0.7431448254773917 0.669130606358861 -3.0400218060923167e-16
    outer loop
      vertex 13.719899584325454 28.5783044581138 -4
      vertex 13.46899784896899 28.85695906539305 -1.8683408783878228
      vertex 13.701378259613357 28.59887447313027 -1.8683408783878228
    endloop
  endfacet
  facet normal -0.5877852522924496 0.8090169943749645 0
    outer loop
      vertex 15.956540026348772 28.343224074890653 -4
      vertex 15.956540026348772 28.343224074890653 -1.8652586241038485
      vertex 15.974120233711588 28.35599684319089 -1.8683408783878228
    endloop
  endfacet
  facet normal -0.5877852522924742 0.8090169943749467 -2.843791832761225e-16
    outer loop
      vertex 16.280100415674546 28.5783044581138 -4
      vertex 15.974120233711588 28.35599684319089 -1.8683408783878228
      vertex 16.256054597918336 28.560834148893246 -1.8683408783878228
    endloop
  endfacet
  facet normal -0.5877852522924576 0.8090169943749586 0
    outer loop
      vertex 16.280100415674546 28.5783044581138 -1.864888656999499
      vertex 16.280100415674546 28.5783044581138 -4
      vertex 16.256054597918336 28.560834148893246 -1.8683408783878228
    endloop
  endfacet
  facet normal -0.7431448254774073 0.6691306063588438 0
    outer loop
      vertex 16.280100415674546 28.5783044581138 -4
      vertex 16.280100415674546 28.5783044581138 -1.864888656999499
      vertex 16.298621740386643 28.59887447313027 -1.8683408783878228
    endloop
  endfacet
  facet normal -0.7431448254773918 0.669130606358861 1.4542609531345353e-16
    outer loop
      vertex 16.547714274232035 28.875519758569475 -4
      vertex 16.298621740386643 28.59887447313027 -1.8683408783878228
      vertex 16.53100215103101 28.85695906539305 -1.8683408783878228
    endloop
  endfacet
  facet normal -0.7431448254774 0.6691306063588518 0
    outer loop
      vertex 16.547714274232035 28.875519758569475 -1.8650119816676156
      vertex 16.547714274232035 28.875519758569475 -4
      vertex 16.53100215103101 28.85695906539305 -1.8683408783878228
    endloop
  endfacet
  facet normal -0.8660254037844474 0.4999999999999849 0
    outer loop
      vertex 16.547714274232035 28.875519758569475 -4
      vertex 16.547714274232035 28.875519758569475 -1.8650119816676156
      vertex 16.563187183802793 28.902319624086946 -1.8683408783878228
    endloop
  endfacet
  facet normal -0.8660254037844372 0.5000000000000026 2.412169734000221e-16
    outer loop
      vertex 16.747685592248512 29.221880241430526 -4
      vertex 16.563187183802793 28.902319624086946 -1.8683408783878228
      vertex 16.73866799963066 29.206261312854448 -1.8683408783878228
    endloop
  endfacet
  facet normal 0.5877852522924716 0.8090169943749486 2.4989362138086467e-16
    outer loop
      vertex 13.743945402081662 28.560834148893246 -1.8683408783878228
      vertex 14.043459973651228 28.343224074890653 -4
      vertex 13.719899584325454 28.5783044581138 -4
    endloop
  endfacet
  facet normal -0.9510565162951635 0.30901699437491675 0
    outer loop
      vertex 16.747685592248512 29.221880241430526 -4
      vertex 16.747685592248512 29.221880241430526 -1.8656285705085836
      vertex 16.75695724892556 29.250415466547818 -1.8683408783878228
    endloop
  endfacet
  facet normal 0.7431448254773934 0.6691306063588593 1.1833634719573182e-16
    outer loop
      vertex 13.46899784896899 28.85695906539305 -1.8683408783878228
      vertex 13.719899584325454 28.5783044581138 -4
      vertex 13.452285725767965 28.875519758569475 -4
    endloop
  endfacet
  facet normal 0.8660254037844406 0.49999999999999684 9.064321878708153e-16
    outer loop
      vertex 13.26133200036934 29.206261312854448 -1.8683408783878228
      vertex 13.452285725767965 28.875519758569475 -4
      vertex 13.25231440775149 29.221880241430526 -4
    endloop
  endfacet
  facet normal 0.951056516295153 0.30901699437494934 3.663081759802202e-16
    outer loop
      vertex 13.13168260452094 29.59314675629295 -1.8683408783878228
      vertex 13.25231440775149 29.221880241430526 -4
      vertex 13.128725336442193 29.602248291573925 -4
    endloop
  endfacet
  facet normal 0.9945218953682733 0.1045284632676542 0
    outer loop
      vertex 13.086919947302453 30 -4
      vertex 13.086919947302453 30 -1.8683408783878228
      vertex 13.128725336442193 29.602248291573925 -4
    endloop
  endfacet
  facet normal 0 1 0
    outer loop
      vertex 14.813385372301978 28.0974 -1.8683408783878228
      vertex 15.199971318016477 28.0974 -4
      vertex 14.800028681983523 28.0974 -4
    endloop
  endfacet
  facet normal 0.20791169081776198 0.9781476007338051 7.176852199157661e-16
    outer loop
      vertex 14.435359442746394 28.174912839639067 -1.8683408783878228
      vertex 14.800028681983523 28.0974 -4
      vertex 14.408825752116739 28.180552749687724 -4
    endloop
  endfacet
  facet normal 0.4067366430757994 0.9135454576426013 9.54604434415653e-16
    outer loop
      vertex 14.071905581210661 28.33055927443416 -1.8683408783878228
      vertex 14.408825752116739 28.180552749687724 -4
      vertex 14.043459973651228 28.343224074890653 -4
    endloop
  endfacet
  facet normal -0.20791169081776198 0.9781476007338051 -7.012105963636954e-16
    outer loop
      vertex 15.204767394436873 28.098419437513428 -1.8683408783878228
      vertex 15.591174247883261 28.180552749687724 -4
      vertex 15.199971318016477 28.0974 -4
    endloop
  endfacet
  facet normal -0.40673664307579926 0.9135454576426012 7.522315765302228e-16
    outer loop
      vertex 15.603929724236206 28.186231853654828 -1.8683408783878228
      vertex 15.956540026348772 28.343224074890653 -4
      vertex 15.591174247883261 28.180552749687724 -4
    endloop
  endfacet
  facet normal -0.5877852522924716 0.8090169943749486 2.777091684366697e-16
    outer loop
      vertex 15.974120233711588 28.35599684319089 -1.8683408783878228
      vertex 16.280100415674546 28.5783044581138 -4
      vertex 15.956540026348772 28.343224074890653 -4
    endloop
  endfacet
  facet normal -0.20791169081775393 -0.9781476007338067 -7.201489017633651e-16
    outer loop
      vertex 15.199971318016477 31.9026 -4
      vertex 15.564640557253606 31.825087160360933 -1.8683408783878228
      vertex 15.204767394436873 31.901580562486572 -1.8683408783878228
    endloop
  endfacet
  facet normal -0.20791169081806016 -0.9781476007337417 0
    outer loop
      vertex 15.199971318016477 31.9026 -1.867477992062371
      vertex 15.199971318016477 31.9026 -4
      vertex 15.204767394436873 31.901580562486572 -1.8683408783878228
    endloop
  endfacet
  facet normal 0 -1 0
    outer loop
      vertex 15.199971318016477 31.9026 -4
      vertex 15.199971318016477 31.9026 -1.867477992062371
      vertex 15.186614627698022 31.9026 -1.8683408783878228
    endloop
  endfacet
  facet normal 0 -1 0
    outer loop
      vertex 14.800028681983523 31.9026 -4
      vertex 15.186614627698022 31.9026 -1.8683408783878228
      vertex 14.813385372301978 31.9026 -1.8683408783878228
    endloop
  endfacet
  facet normal 0 -1 0
    outer loop
      vertex 14.800028681983523 31.9026 -1.867477992062371
      vertex 14.800028681983523 31.9026 -4
      vertex 14.813385372301978 31.9026 -1.8683408783878228
    endloop
  endfacet
  facet normal 0.20791169081806016 -0.9781476007337417 0
    outer loop
      vertex 14.800028681983523 31.9026 -4
      vertex 14.800028681983523 31.9026 -1.867477992062371
      vertex 14.795232605563127 31.901580562486572 -1.8683408783878228
    endloop
  endfacet
  facet normal -0.5877852522924496 -0.8090169943749645 0
    outer loop
      vertex 15.956540026348772 31.656775925109347 -1.8652586241038485
      vertex 15.956540026348772 31.656775925109347 -4
      vertex 15.974120233711588 31.64400315680911 -1.8683408783878228
    endloop
  endfacet
  facet normal -0.40673664307585894 -0.9135454576425747 0
    outer loop
      vertex 15.956540026348772 31.656775925109347 -4
      vertex 15.956540026348772 31.656775925109347 -1.8652586241038485
      vertex 15.928094418789339 31.66944072556584 -1.8683408783878228
    endloop
  endfacet
  facet normal -0.7431448254773934 0.6691306063588593 -2.7244208366464083e-16
    outer loop
      vertex 16.298621740386643 28.59887447313027 -1.8683408783878228
      vertex 16.547714274232035 28.875519758569475 -4
      vertex 16.280100415674546 28.5783044581138 -4
    endloop
  endfacet
  facet normal -0.8660254037844385 0.5000000000000001 -2.5503005886900984e-16
    outer loop
      vertex 16.563187183802793 28.902319624086946 -1.8683408783878228
      vertex 16.747685592248512 29.221880241430526 -4
      vertex 16.547714274232035 28.875519758569475 -4
    endloop
  endfacet
  facet normal -0.9510565162951529 0.30901699437494967 -4.2467264955313265e-16
    outer loop
      vertex 16.87127466355781 29.602248291573925 -4
      vertex 16.75695724892556 29.250415466547818 -1.8683408783878228
      vertex 16.86831739547906 29.59314675629295 -1.8683408783878228
    endloop
  endfacet
  facet normal -0.9510565162951237 0.3090169943750396 0
    outer loop
      vertex 16.87127466355781 29.602248291573925 -1.8667382855320547
      vertex 16.87127466355781 29.602248291573925 -4
      vertex 16.86831739547906 29.59314675629295 -1.8683408783878228
    endloop
  endfacet
  facet normal -0.9945218953682863 0.10452846326753115 0
    outer loop
      vertex 16.87127466355781 29.602248291573925 -4
      vertex 16.87127466355781 29.602248291573925 -1.8667382855320547
      vertex 16.873562948950465 29.624019872774948 -1.8683408783878228
    endloop
  endfacet
  facet normal -0.9945218953682735 0.10452846326765203 0
    outer loop
      vertex 16.913080052697545 30 -4
      vertex 16.873562948950465 29.624019872774948 -1.8683408783878228
      vertex 16.913080052697545 30 -1.8683408783878228
    endloop
  endfacet
  facet normal 0.9945218953682733 -0.1045284632676542 2.1269448651880797e-16
    outer loop
      vertex 13.126437051049534 30.37598012722505 -1.8683408783878228
      vertex 13.086919947302453 30 -4
      vertex 13.128725336442193 30.397751708426075 -4
    endloop
  endfacet
  facet normal 0.951056516295153 -0.3090169943749493 3.0991853106623104e-16
    outer loop
      vertex 13.24304275107444 30.749584533452182 -1.8683408783878228
      vertex 13.128725336442193 30.397751708426075 -4
      vertex 13.25231440775149 30.778119758569474 -4
    endloop
  endfacet
  facet normal 0.8660254037844405 -0.49999999999999684 -1.9918980737917062e-16
    outer loop
      vertex 13.436812816197207 31.097680375913054 -1.8683408783878228
      vertex 13.25231440775149 30.778119758569474 -4
      vertex 13.452285725767965 31.124480241430525 -4
    endloop
  endfacet
  facet normal 0.7431448254773934 -0.6691306063588593 -2.7244208366464083e-16
    outer loop
      vertex 13.701378259613357 31.40112552686973 -1.8683408783878228
      vertex 13.452285725767965 31.124480241430525 -4
      vertex 13.719899584325454 31.4216955418862 -4
    endloop
  endfacet
  facet normal 0.5877852522924716 -0.8090169943749486 2.777091684366697e-16
    outer loop
      vertex 14.025879766288412 31.64400315680911 -1.8683408783878228
      vertex 13.719899584325454 31.4216955418862 -4
      vertex 14.043459973651228 31.656775925109347 -4
    endloop
  endfacet
  facet normal -0.9945218953682742 -0.10452846326764542 0
    outer loop
      vertex 16.913080052697545 30 -4
      vertex 16.913080052697545 30 -1.8683408783878228
      vertex 16.87127466355781 30.397751708426075 -4
    endloop
  endfacet
  facet normal -0.951056516295153 -0.30901699437494934 -4.2612179977639894e-16
    outer loop
      vertex 16.86831739547906 30.40685324370705 -1.8683408783878228
      vertex 16.747685592248512 30.778119758569474 -4
      vertex 16.87127466355781 30.397751708426075 -4
    endloop
  endfacet
  facet normal -0.8660254037844385 -0.5000000000000001 2.1715469425993335e-16
    outer loop
      vertex 16.73866799963066 30.793738687145552 -1.8683408783878228
      vertex 16.547714274232035 31.124480241430525 -4
      vertex 16.747685592248512 30.778119758569474 -4
    endloop
  endfacet
  facet normal -0.7431448254773934 -0.6691306063588593 1.1833634719573182e-16
    outer loop
      vertex 16.53100215103101 31.14304093460695 -1.8683408783878228
      vertex 16.280100415674546 31.4216955418862 -4
      vertex 16.547714274232035 31.124480241430525 -4
    endloop
  endfacet
  facet normal 0.40673664307579926 -0.9135454576426012 7.522315765302228e-16
    outer loop
      vertex 14.396070275763794 31.813768146345172 -1.8683408783878228
      vertex 14.043459973651228 31.656775925109347 -4
      vertex 14.408825752116739 31.819447250312276 -4
    endloop
  endfacet
  facet normal 0.20791169081776198 -0.9781476007338051 -7.012105963636954e-16
    outer loop
      vertex 14.795232605563127 31.901580562486572 -1.8683408783878228
      vertex 14.408825752116739 31.819447250312276 -4
      vertex 14.800028681983523 31.9026 -4
    endloop
  endfacet
  facet normal -0.951056516295153 0.30901699437494934 -4.825625140837407e-16
    outer loop
      vertex 16.75695724892556 29.250415466547818 -1.8683408783878228
      vertex 16.87127466355781 29.602248291573925 -4
      vertex 16.747685592248512 29.221880241430526 -4
    endloop
  endfacet
  facet normal -0.9945218953682742 0.10452846326764542 -1.179862695376854e-15
    outer loop
      vertex 16.873562948950465 29.624019872774948 -1.8683408783878228
      vertex 16.913080052697545 30 -4
      vertex 16.87127466355781 29.602248291573925 -4
    endloop
  endfacet
  facet normal 0.5877852522924718 0.8090169943749485 2.7968546861475226e-16
    outer loop
      vertex 14.043459973651228 28.343224074890653 -4
      vertex 13.743945402081662 28.560834148893246 -1.8683408783878228
      vertex 14.025879766288412 28.35599684319089 -1.8683408783878228
    endloop
  endfacet
  facet normal 0.40673664307585894 0.9135454576425747 0
    outer loop
      vertex 14.043459973651228 28.343224074890653 -4
      vertex 14.043459973651228 28.343224074890653 -1.8652586241038485
      vertex 14.071905581210661 28.33055927443416 -1.8683408783878228
    endloop
  endfacet
  facet normal 0.5877852522924496 0.8090169943749645 0
    outer loop
      vertex 14.043459973651228 28.343224074890653 -1.8652586241038485
      vertex 14.043459973651228 28.343224074890653 -4
      vertex 14.025879766288412 28.35599684319089 -1.8683408783878228
    endloop
  endfacet
  facet normal 0.587785252292486 0.809016994374938 0
    outer loop
      vertex 13.719899584325454 28.5783044581138 -4
      vertex 13.719899584325454 28.5783044581138 -1.864888656999499
      vertex 13.743945402081662 28.560834148893246 -1.8683408783878228
    endloop
  endfacet
  facet normal 0.7431448254774073 0.6691306063588438 0
    outer loop
      vertex 13.719899584325454 28.5783044581138 -1.864888656999499
      vertex 13.719899584325454 28.5783044581138 -4
      vertex 13.701378259613357 28.59887447313027 -1.8683408783878228
    endloop
  endfacet
  facet normal -0.5877852522924741 -0.8090169943749467 3.102281470779494e-16
    outer loop
      vertex 15.956540026348772 31.656775925109347 -4
      vertex 16.256054597918336 31.439165851106754 -1.8683408783878228
      vertex 15.974120233711588 31.64400315680911 -1.8683408783878228
    endloop
  endfacet
  facet normal -0.5877852522924716 -0.8090169943749486 -2.402607030773713e-16
    outer loop
      vertex 16.256054597918336 31.439165851106754 -1.8683408783878228
      vertex 15.956540026348772 31.656775925109347 -4
      vertex 16.280100415674546 31.4216955418862 -4
    endloop
  endfacet
  facet normal -0.4067366430756944 -0.9135454576426479 0
    outer loop
      vertex 15.591174247883261 31.819447250312276 -1.8661218001833664
      vertex 15.591174247883261 31.819447250312276 -4
      vertex 15.603929724236206 31.813768146345172 -1.8683408783878228
    endloop
  endfacet
  facet normal -0.2079116908178171 -0.9781476007337934 0
    outer loop
      vertex 15.591174247883261 31.819447250312276 -4
      vertex 15.591174247883261 31.819447250312276 -1.8661218001833664
      vertex 15.564640557253606 31.825087160360933 -1.8683408783878228
    endloop
  endfacet
  facet normal -0.4067366430757982 -0.9135454576426019 7.439762868630552e-16
    outer loop
      vertex 15.591174247883261 31.819447250312276 -4
      vertex 15.928094418789339 31.66944072556584 -1.8683408783878228
      vertex 15.603929724236206 31.813768146345172 -1.8683408783878228
    endloop
  endfacet
  facet normal -0.5877852522924576 -0.8090169943749586 0
    outer loop
      vertex 16.280100415674546 31.4216955418862 -4
      vertex 16.280100415674546 31.4216955418862 -1.864888656999499
      vertex 16.256054597918336 31.439165851106754 -1.8683408783878228
    endloop
  endfacet
  facet normal -0.7431448254774073 -0.6691306063588438 0
    outer loop
      vertex 16.280100415674546 31.4216955418862 -1.864888656999499
      vertex 16.280100415674546 31.4216955418862 -4
      vertex 16.298621740386643 31.40112552686973 -1.8683408783878228
    endloop
  endfacet
  facet normal -0.7431448254773917 -0.669130606358861 -3.0400218060923167e-16
    outer loop
      vertex 16.280100415674546 31.4216955418862 -4
      vertex 16.53100215103101 31.14304093460695 -1.8683408783878228
      vertex 16.298621740386643 31.40112552686973 -1.8683408783878228
    endloop
  endfacet
  facet normal 0.20791169081775393 -0.9781476007338067 8.22316399360194e-16
    outer loop
      vertex 14.408825752116739 31.819447250312276 -4
      vertex 14.795232605563127 31.901580562486572 -1.8683408783878228
      vertex 14.435359442746394 31.825087160360933 -1.8683408783878228
    endloop
  endfacet
  facet normal 0.2079116908178171 -0.9781476007337934 0
    outer loop
      vertex 14.408825752116739 31.819447250312276 -1.8661218001833664
      vertex 14.408825752116739 31.819447250312276 -4
      vertex 14.435359442746394 31.825087160360933 -1.8683408783878228
    endloop
  endfacet
  facet normal 0.4067366430756944 -0.9135454576426479 0
    outer loop
      vertex 14.408825752116739 31.819447250312276 -4
      vertex 14.408825752116739 31.819447250312276 -1.8661218001833664
      vertex 14.396070275763794 31.813768146345172 -1.8683408783878228
    endloop
  endfacet
  facet normal 0.4067366430757981 -0.9135454576426018 9.728688411637408e-16
    outer loop
      vertex 14.043459973651228 31.656775925109347 -4
      vertex 14.396070275763794 31.813768146345172 -1.8683408783878228
      vertex 14.071905581210661 31.66944072556584 -1.8683408783878228
    endloop
  endfacet
  facet normal -0.8660254037844474 -0.4999999999999849 0
    outer loop
      vertex 16.547714274232035 31.124480241430525 -1.8650119816676156
      vertex 16.547714274232035 31.124480241430525 -4
      vertex 16.563187183802793 31.097680375913054 -1.8683408783878228
    endloop
  endfacet
  facet normal -0.7431448254774 -0.6691306063588518 0
    outer loop
      vertex 16.547714274232035 31.124480241430525 -4
      vertex 16.547714274232035 31.124480241430525 -1.8650119816676156
      vertex 16.53100215103101 31.14304093460695 -1.8683408783878228
    endloop
  endfacet
  facet normal -0.8660254037844372 -0.5000000000000026 -2.973860883262253e-16
    outer loop
      vertex 16.547714274232035 31.124480241430525 -4
      vertex 16.73866799963066 30.793738687145552 -1.8683408783878228
      vertex 16.563187183802793 31.097680375913054 -1.8683408783878228
    endloop
  endfacet
  facet normal -0.8660254037844514 -0.49999999999997785 0
    outer loop
      vertex 16.747685592248512 30.778119758569474 -4
      vertex 16.747685592248512 30.778119758569474 -1.8656285705085836
      vertex 16.73866799963066 30.793738687145552 -1.8683408783878228
    endloop
  endfacet
  facet normal -0.9510565162951635 -0.30901699437491675 0
    outer loop
      vertex 16.747685592248512 30.778119758569474 -1.8656285705085836
      vertex 16.747685592248512 30.778119758569474 -4
      vertex 16.75695724892556 30.749584533452182 -1.8683408783878228
    endloop
  endfacet
  facet normal -0.9510565162951528 -0.30901699437494967 -4.87233333087589e-16
    outer loop
      vertex 16.747685592248512 30.778119758569474 -4
      vertex 16.86831739547906 30.40685324370705 -1.8683408783878228
      vertex 16.75695724892556 30.749584533452182 -1.8683408783878228
    endloop
  endfacet
  facet normal -0.9510565162951237 -0.3090169943750396 0
    outer loop
      vertex 16.87127466355781 30.397751708426075 -4
      vertex 16.87127466355781 30.397751708426075 -1.8667382855320547
      vertex 16.86831739547906 30.40685324370705 -1.8683408783878228
    endloop
  endfacet
  facet normal -0.9945218953682863 -0.10452846326753115 0
    outer loop
      vertex 16.87127466355781 30.397751708426075 -1.8667382855320547
      vertex 16.87127466355781 30.397751708426075 -4
      vertex 16.873562948950465 30.375980127225052 -1.8683408783878228
    endloop
  endfacet
  facet normal -0.9945218953682735 -0.10452846326765203 -1.248286273830719e-15
    outer loop
      vertex 16.873562948950465 30.375980127225052 -1.8683408783878228
      vertex 16.87127466355781 30.397751708426075 -4
      vertex 16.913080052697545 30 -1.8683408783878228
    endloop
  endfacet
  facet normal 0.40673664307585894 -0.9135454576425747 0
    outer loop
      vertex 14.043459973651228 31.656775925109347 -1.8652586241038485
      vertex 14.043459973651228 31.656775925109347 -4
      vertex 14.071905581210661 31.66944072556584 -1.8683408783878228
    endloop
  endfacet
  facet normal 0.5877852522924496 -0.8090169943749645 0
    outer loop
      vertex 14.043459973651228 31.656775925109347 -4
      vertex 14.043459973651228 31.656775925109347 -1.8652586241038485
      vertex 14.025879766288412 31.64400315680911 -1.8683408783878228
    endloop
  endfacet
  facet normal 0.587785252292486 -0.809016994374938 0
    outer loop
      vertex 13.719899584325454 31.4216955418862 -1.864888656999499
      vertex 13.719899584325454 31.4216955418862 -4
      vertex 13.743945402081662 31.439165851106754 -1.8683408783878228
    endloop
  endfacet
  facet normal -0.20791169081776198 -0.9781476007338051 7.176852199157661e-16
    outer loop
      vertex 15.564640557253606 31.825087160360933 -1.8683408783878228
      vertex 15.199971318016477 31.9026 -4
      vertex 15.591174247883261 31.819447250312276 -4
    endloop
  endfacet
  facet normal 0.7431448254774073 -0.6691306063588438 0
    outer loop
      vertex 13.719899584325454 31.4216955418862 -4
      vertex 13.719899584325454 31.4216955418862 -1.864888656999499
      vertex 13.701378259613357 31.40112552686973 -1.8683408783878228
    endloop
  endfacet
  facet normal 0.5877852522924718 -0.8090169943749483 2.46876428260052e-16
    outer loop
      vertex 13.719899584325454 31.4216955418862 -4
      vertex 14.025879766288412 31.64400315680911 -1.8683408783878228
      vertex 13.743945402081662 31.439165851106754 -1.8683408783878228
    endloop
  endfacet
  facet normal 0.7431448254773918 -0.669130606358861 1.4542609531345353e-16
    outer loop
      vertex 13.452285725767965 31.124480241430525 -4
      vertex 13.701378259613357 31.40112552686973 -1.8683408783878228
      vertex 13.46899784896899 31.14304093460695 -1.8683408783878228
    endloop
  endfacet
  facet normal 0.7431448254774 -0.6691306063588518 0
    outer loop
      vertex 13.452285725767965 31.124480241430525 -1.8650119816676156
      vertex 13.452285725767965 31.124480241430525 -4
      vertex 13.46899784896899 31.14304093460695 -1.8683408783878228
    endloop
  endfacet
  facet normal 0.8660254037844474 -0.4999999999999849 0
    outer loop
      vertex 13.452285725767965 31.124480241430525 -4
      vertex 13.452285725767965 31.124480241430525 -1.8650119816676156
      vertex 13.436812816197207 31.097680375913054 -1.8683408783878228
    endloop
  endfacet
  facet normal 0.8660254037844941 -0.499999999999904 0
    outer loop
      vertex 13.25231440775149 30.778119758569474 -1.8656285705085836
      vertex 13.25231440775149 30.778119758569474 -4
      vertex 13.26133200036934 30.793738687145552 -1.8683408783878228
    endloop
  endfacet
  facet normal 0.20791169081806016 0.9781476007337417 0
    outer loop
      vertex 14.800028681983523 28.0974 -1.867477992062371
      vertex 14.800028681983523 28.0974 -4
      vertex 14.795232605563127 28.098419437513428 -1.8683408783878228
    endloop
  endfacet
  facet normal -0.4067366430757994 -0.9135454576426013 9.54604434415653e-16
    outer loop
      vertex 15.928094418789339 31.66944072556584 -1.8683408783878228
      vertex 15.591174247883261 31.819447250312276 -4
      vertex 15.956540026348772 31.656775925109347 -4
    endloop
  endfacet
  facet normal 0 -1 0
    outer loop
      vertex 15.186614627698022 31.9026 -1.8683408783878228
      vertex 14.800028681983523 31.9026 -4
      vertex 15.199971318016477 31.9026 -4
    endloop
  endfacet
  facet normal 0.9945218953682733 -0.10452846326765299 0
    outer loop
      vertex 13.086919947302453 30 -4
      vertex 13.126437051049534 30.37598012722505 -1.8683408783878228
      vertex 13.086919947302453 30 -1.8683408783878228
    endloop
  endfacet
  facet normal 0.9945218953682711 -0.10452846326767479 0
    outer loop
      vertex 13.128725336442193 30.397751708426075 -4
      vertex 13.128725336442193 30.397751708426075 -1.8667382855320547
      vertex 13.126437051049534 30.37598012722505 -1.8683408783878228
    endloop
  endfacet
  facet normal 0.9510565162951781 -0.30901699437487173 0
    outer loop
      vertex 13.128725336442193 30.397751708426075 -1.8667382855320547
      vertex 13.128725336442193 30.397751708426075 -4
      vertex 13.13168260452094 30.40685324370705 -1.8683408783878228
    endloop
  endfacet
  facet normal 0.9510565162951529 -0.3090169943749496 3.6780240436845693e-16
    outer loop
      vertex 13.128725336442193 30.397751708426075 -4
      vertex 13.24304275107444 30.749584533452182 -1.8683408783878228
      vertex 13.13168260452094 30.40685324370705 -1.8683408783878228
    endloop
  endfacet
  facet normal 0.8660254037844372 -0.5000000000000027 9.629405511933844e-16
    outer loop
      vertex 13.25231440775149 30.778119758569474 -4
      vertex 13.436812816197207 31.097680375913054 -1.8683408783878228
      vertex 13.26133200036934 30.793738687145552 -1.8683408783878228
    endloop
  endfacet
  facet normal -0.20791169081776467 0.9781476007338045 -1.2146714599160997e-15
    outer loop
      vertex 75.20476739443687 28.098419437513428 -1.8683408783878228
      vertex 75.59117424788326 28.180552749687724 -4
      vertex 75.19997131801648 28.0974 -4
    endloop
  endfacet
  facet normal -0.4067366430757943 0.9135454576426034 1.733498207655953e-15
    outer loop
      vertex 75.60392972423621 28.186231853654828 -1.8683408783878228
      vertex 75.95654002634878 28.343224074890653 -4
      vertex 75.59117424788326 28.180552749687724 -4
    endloop
  endfacet
  facet normal -0.5877852522924842 0.8090169943749393 -5.416565893963901e-16
    outer loop
      vertex 75.97412023371159 28.35599684319089 -1.8683408783878228
      vertex 76.28010041567454 28.5783044581138 -4
      vertex 75.95654002634878 28.343224074890653 -4
    endloop
  endfacet
  facet normal -0.7431448254773844 0.6691306063588691 -4.438809755382832e-16
    outer loop
      vertex 76.29862174038664 28.59887447313027 -1.8683408783878228
      vertex 76.54771427423204 28.875519758569475 -4
      vertex 76.28010041567454 28.5783044581138 -4
    endloop
  endfacet
  facet normal -0.8660254037844347 0.5000000000000068 1.0767252756500138e-15
    outer loop
      vertex 76.5631871838028 28.902319624086946 -1.8683408783878228
      vertex 76.74768559224852 29.221880241430526 -4
      vertex 76.54771427423204 28.875519758569475 -4
    endloop
  endfacet
  facet normal -0.951056516295153 0.30901699437494934 -2.067524604383684e-15
    outer loop
      vertex 76.75695724892556 29.250415466547818 -1.8683408783878228
      vertex 76.87127466355781 29.602248291573925 -4
      vertex 76.74768559224852 29.221880241430526 -4
    endloop
  endfacet
  facet normal -0.9945218953682733 0.1045284632676542 -2.9280869115175364e-15
    outer loop
      vertex 76.87356294895046 29.624019872774948 -1.8683408783878228
      vertex 76.91308005269755 30 -4
      vertex 76.87127466355781 29.602248291573925 -4
    endloop
  endfacet
  facet normal 0 1 0
    outer loop
      vertex 75.19997131801648 28.0974 -4
      vertex 74.81338537230198 28.0974 -1.8683408783878228
      vertex 75.18661462769802 28.0974 -1.8683408783878228
    endloop
  endfacet
  facet normal 0 1 0
    outer loop
      vertex 75.19997131801648 28.0974 -1.867477992062371
      vertex 75.19997131801648 28.0974 -4
      vertex 75.18661462769802 28.0974 -1.8683408783878228
    endloop
  endfacet
  facet normal -0.20791169081828115 0.9781476007336947 0
    outer loop
      vertex 75.19997131801648 28.0974 -4
      vertex 75.19997131801648 28.0974 -1.867477992062371
      vertex 75.20476739443687 28.098419437513428 -1.8683408783878228
    endloop
  endfacet
  facet normal -0.20791169081775 0.9781476007338076 1.5666240802120593e-15
    outer loop
      vertex 75.59117424788326 28.180552749687724 -4
      vertex 75.20476739443687 28.098419437513428 -1.8683408783878228
      vertex 75.56464055725361 28.174912839639067 -1.8683408783878228
    endloop
  endfacet
  facet normal -0.2079116908178704 0.9781476007337822 0
    outer loop
      vertex 75.59117424788326 28.180552749687724 -1.8661218001833664
      vertex 75.59117424788326 28.180552749687724 -4
      vertex 75.56464055725361 28.174912839639067 -1.8683408783878228
    endloop
  endfacet
  facet normal -0.4067366430755526 0.9135454576427111 0
    outer loop
      vertex 75.59117424788326 28.180552749687724 -4
      vertex 75.59117424788326 28.180552749687724 -1.8661218001833664
      vertex 75.60392972423621 28.186231853654828 -1.8683408783878228
    endloop
  endfacet
  facet normal -0.4067366430757981 0.9135454576426018 9.728688411637408e-16
    outer loop
      vertex 75.95654002634878 28.343224074890653 -4
      vertex 75.60392972423621 28.186231853654828 -1.8683408783878228
      vertex 75.92809441878934 28.33055927443416 -1.8683408783878228
    endloop
  endfacet
  facet normal -0.40673664307585894 0.9135454576425747 0
    outer loop
      vertex 75.95654002634878 28.343224074890653 -1.8652586241038485
      vertex 75.95654002634878 28.343224074890653 -4
      vertex 75.92809441878934 28.33055927443416 -1.8683408783878228
    endloop
  endfacet
  facet normal -0.5877852522925273 0.809016994374908 0
    outer loop
      vertex 75.95654002634878 28.343224074890653 -4
      vertex 75.95654002634878 28.343224074890653 -1.8652586241038485
      vertex 75.97412023371159 28.35599684319089 -1.8683408783878228
    endloop
  endfacet
  facet normal -0.5877852522924741 0.8090169943749467 1.6747084645800992e-15
    outer loop
      vertex 76.28010041567454 28.5783044581138 -4
      vertex 75.97412023371159 28.35599684319089 -1.8683408783878228
      vertex 76.25605459791834 28.560834148893246 -1.8683408783878228
    endloop
  endfacet
  facet normal -0.5877852522925714 0.8090169943748762 0
    outer loop
      vertex 76.28010041567454 28.5783044581138 -1.864888656999499
      vertex 76.28010041567454 28.5783044581138 -4
      vertex 76.25605459791834 28.560834148893246 -1.8683408783878228
    endloop
  endfacet
  facet normal -0.7431448254774073 0.6691306063588438 0
    outer loop
      vertex 76.28010041567454 28.5783044581138 -4
      vertex 76.28010041567454 28.5783044581138 -1.864888656999499
      vertex 76.29862174038664 28.59887447313027 -1.8683408783878228
    endloop
  endfacet
  facet normal -0.7431448254773917 0.669130606358861 -2.331361473534042e-15
    outer loop
      vertex 76.54771427423204 28.875519758569475 -4
      vertex 76.29862174038664 28.59887447313027 -1.8683408783878228
      vertex 76.531002151031 28.85695906539305 -1.8683408783878228
    endloop
  endfacet
  facet normal -0.7431448254772587 0.6691306063590089 0
    outer loop
      vertex 76.54771427423204 28.875519758569475 -1.8650119816676156
      vertex 76.54771427423204 28.875519758569475 -4
      vertex 76.531002151031 28.85695906539305 -1.8683408783878228
    endloop
  endfacet
  facet normal -0.8660254037843977 0.5000000000000709 0
    outer loop
      vertex 76.54771427423204 28.875519758569475 -4
      vertex 76.54771427423204 28.875519758569475 -1.8650119816676156
      vertex 76.5631871838028 28.902319624086946 -1.8683408783878228
    endloop
  endfacet
  facet normal -0.8660254037844372 0.5000000000000026 2.412169734000221e-16
    outer loop
      vertex 76.74768559224852 29.221880241430526 -4
      vertex 76.5631871838028 28.902319624086946 -1.8683408783878228
      vertex 76.73866799963066 29.206261312854448 -1.8683408783878228
    endloop
  endfacet
  facet normal -0.8660254037844514 0.49999999999997785 0
    outer loop
      vertex 76.74768559224852 29.221880241430526 -1.8656285705085836
      vertex 76.74768559224852 29.221880241430526 -4
      vertex 76.73866799963066 29.206261312854448 -1.8683408783878228
    endloop
  endfacet
  facet normal -0.9510565162951984 0.3090169943748096 0
    outer loop
      vertex 76.74768559224852 29.221880241430526 -4
      vertex 76.74768559224852 29.221880241430526 -1.8656285705085836
      vertex 76.75695724892556 29.250415466547818 -1.8683408783878228
    endloop
  endfacet
  facet normal -0.9510565162951586 0.3090169943749318 -5.2639912108659274e-15
    outer loop
      vertex 76.87127466355781 29.602248291573925 -4
      vertex 76.75695724892556 29.250415466547818 -1.8683408783878228
      vertex 76.86831739547905 29.59314675629295 -1.8683408783878228
    endloop
  endfacet
  facet normal -0.9510565162947964 0.309016994376047 0
    outer loop
      vertex 76.87127466355781 29.602248291573925 -1.8667382855320547
      vertex 76.87127466355781 29.602248291573925 -4
      vertex 76.86831739547905 29.59314675629295 -1.8683408783878228
    endloop
  endfacet
  facet normal -0.9945218953683032 0.10452846326737063 0
    outer loop
      vertex 76.87127466355781 29.602248291573925 -4
      vertex 76.87127466355781 29.602248291573925 -1.8667382855320547
      vertex 76.87356294895046 29.624019872774948 -1.8683408783878228
    endloop
  endfacet
  facet normal -0.9945218953682715 0.10452846326767061 0
    outer loop
      vertex 76.91308005269755 30 -4
      vertex 76.87356294895046 29.624019872774948 -1.8683408783878228
      vertex 76.91308005269755 30 -1.8683408783878228
    endloop
  endfacet
  facet normal -0.9945218953682733 -0.1045284632676542 0
    outer loop
      vertex 76.91308005269755 30 -4
      vertex 76.91308005269755 30 -1.8683408783878228
      vertex 76.87127466355781 30.397751708426075 -4
    endloop
  endfacet
  facet normal -0.951056516295153 -0.3090169943749493 -5.181210346193317e-15
    outer loop
      vertex 76.86831739547905 30.40685324370705 -1.8683408783878228
      vertex 76.74768559224852 30.778119758569474 -4
      vertex 76.87127466355781 30.397751708426075 -4
    endloop
  endfacet
  facet normal -0.8660254037844347 -0.5000000000000069 2.8224195368080213e-16
    outer loop
      vertex 76.73866799963066 30.793738687145552 -1.8683408783878228
      vertex 76.54771427423204 31.124480241430525 -4
      vertex 76.74768559224852 30.778119758569474 -4
    endloop
  endfacet
  facet normal -0.7431448254773844 -0.6691306063588691 -2.2043507641159014e-15
    outer loop
      vertex 76.531002151031 31.14304093460695 -1.8683408783878228
      vertex 76.28010041567454 31.4216955418862 -4
      vertex 76.54771427423204 31.124480241430525 -4
    endloop
  endfacet
  facet normal -0.5877852522924842 -0.8090169943749393 1.5009321910454581e-15
    outer loop
      vertex 76.25605459791834 31.439165851106754 -1.8683408783878228
      vertex 75.95654002634878 31.656775925109347 -4
      vertex 76.28010041567454 31.4216955418862 -4
    endloop
  endfacet
  facet normal -0.20791169081776467 -0.9781476007338045 1.3754752314212774e-15
    outer loop
      vertex 75.56464055725361 31.825087160360933 -1.8683408783878228
      vertex 75.19997131801648 31.9026 -4
      vertex 75.59117424788326 31.819447250312276 -4
    endloop
  endfacet
  facet normal -0.4067366430757943 -0.9135454576426034 1.0337696424012627e-15
    outer loop
      vertex 75.92809441878934 31.66944072556584 -1.8683408783878228
      vertex 75.59117424788326 31.819447250312276 -4
      vertex 75.95654002634878 31.656775925109347 -4
    endloop
  endfacet
  facet normal 0 -1 0
    outer loop
      vertex 75.18661462769802 31.9026 -1.8683408783878228
      vertex 74.80002868198352 31.9026 -4
      vertex 75.19997131801648 31.9026 -4
    endloop
  endfacet
  facet normal -0.9945218953682715 -0.10452846326767061 -3.097648593760416e-15
    outer loop
      vertex 76.87356294895046 30.375980127225052 -1.8683408783878228
      vertex 76.87127466355781 30.397751708426075 -4
      vertex 76.91308005269755 30 -1.8683408783878228
    endloop
  endfacet
  facet normal -0.9945218953683032 -0.10452846326737063 0
    outer loop
      vertex 76.87127466355781 30.397751708426075 -1.8667382855320547
      vertex 76.87127466355781 30.397751708426075 -4
      vertex 76.87356294895046 30.375980127225052 -1.8683408783878228
    endloop
  endfacet
  facet normal -0.9510565162947964 -0.309016994376047 0
    outer loop
      vertex 76.87127466355781 30.397751708426075 -4
      vertex 76.87127466355781 30.397751708426075 -1.8667382855320547
      vertex 76.86831739547905 30.40685324370705 -1.8683408783878228
    endloop
  endfacet
  facet normal -0.9510565162951984 -0.3090169943748096 0
    outer loop
      vertex 76.74768559224852 30.778119758569474 -1.8656285705085836
      vertex 76.74768559224852 30.778119758569474 -4
      vertex 76.75695724892556 30.749584533452182 -1.8683408783878228
    endloop
  endfacet
  facet normal -0.8660254037844514 -0.49999999999997785 0
    outer loop
      vertex 76.74768559224852 30.778119758569474 -4
      vertex 76.74768559224852 30.778119758569474 -1.8656285705085836
      vertex 76.73866799963066 30.793738687145552 -1.8683408783878228
    endloop
  endfacet
  facet normal -0.9510565162951586 -0.3090169943749318 -1.8086939660034594e-15
    outer loop
      vertex 76.74768559224852 30.778119758569474 -4
      vertex 76.86831739547905 30.40685324370705 -1.8683408783878228
      vertex 76.75695724892556 30.749584533452182 -1.8683408783878228
    endloop
  endfacet
  facet normal -0.8660254037844372 -0.5000000000000027 1.146296283334496e-15
    outer loop
      vertex 76.54771427423204 31.124480241430525 -4
      vertex 76.73866799963066 30.793738687145552 -1.8683408783878228
      vertex 76.5631871838028 31.097680375913054 -1.8683408783878228
    endloop
  endfacet
  facet normal -0.8660254037843977 -0.5000000000000709 0
    outer loop
      vertex 76.54771427423204 31.124480241430525 -1.8650119816676156
      vertex 76.54771427423204 31.124480241430525 -4
      vertex 76.5631871838028 31.097680375913054 -1.8683408783878228
    endloop
  endfacet
  facet normal -0.7431448254772587 -0.6691306063590089 0
    outer loop
      vertex 76.54771427423204 31.124480241430525 -4
      vertex 76.54771427423204 31.124480241430525 -1.8650119816676156
      vertex 76.531002151031 31.14304093460695 -1.8683408783878228
    endloop
  endfacet
  facet normal -0.2079116908178704 -0.9781476007337822 0
    outer loop
      vertex 75.59117424788326 31.819447250312276 -4
      vertex 75.59117424788326 31.819447250312276 -1.8661218001833664
      vertex 75.56464055725361 31.825087160360933 -1.8683408783878228
    endloop
  endfacet
  facet normal 0 1 0
    outer loop
      vertex 74.81338537230198 28.0974 -1.8683408783878228
      vertex 75.19997131801648 28.0974 -4
      vertex 74.80002868198352 28.0974 -4
    endloop
  endfacet
  facet normal 0.4067366430757943 0.9135454576426034 1.0337696424012627e-15
    outer loop
      vertex 74.07190558121066 28.33055927443416 -1.8683408783878228
      vertex 74.40882575211674 28.180552749687724 -4
      vertex 74.04345997365122 28.343224074890653 -4
    endloop
  endfacet
  facet normal 0.20791169081776467 0.9781476007338045 1.3754752314212774e-15
    outer loop
      vertex 74.43535944274639 28.174912839639067 -1.8683408783878228
      vertex 74.80002868198352 28.0974 -4
      vertex 74.40882575211674 28.180552749687724 -4
    endloop
  endfacet
  facet normal 0.5877852522924842 0.8090169943749393 1.5009321910454581e-15
    outer loop
      vertex 73.74394540208166 28.560834148893246 -1.8683408783878228
      vertex 74.04345997365122 28.343224074890653 -4
      vertex 73.71989958432546 28.5783044581138 -4
    endloop
  endfacet
  facet normal 0.7431448254773844 0.6691306063588691 -2.2043507641159014e-15
    outer loop
      vertex 73.468997848969 28.85695906539305 -1.8683408783878228
      vertex 73.71989958432546 28.5783044581138 -4
      vertex 73.45228572576796 28.875519758569475 -4
    endloop
  endfacet
  facet normal 0.8660254037844347 0.5000000000000069 2.8224195368080213e-16
    outer loop
      vertex 73.26133200036934 29.206261312854448 -1.8683408783878228
      vertex 73.45228572576796 28.875519758569475 -4
      vertex 73.25231440775148 29.221880241430526 -4
    endloop
  endfacet
  facet normal 0.951056516295153 0.3090169943749493 -5.181210346193317e-15
    outer loop
      vertex 73.13168260452095 29.59314675629295 -1.8683408783878228
      vertex 73.25231440775148 29.221880241430526 -4
      vertex 73.12872533644219 29.602248291573925 -4
    endloop
  endfacet
  facet normal 0.9945218953682733 0.1045284632676542 0
    outer loop
      vertex 73.08691994730245 30 -4
      vertex 73.08691994730245 30 -1.8683408783878228
      vertex 73.12872533644219 29.602248291573925 -4
    endloop
  endfacet
  facet normal 0.20791169081775 0.9781476007338076 -1.2491689679694741e-15
    outer loop
      vertex 74.80002868198352 28.0974 -4
      vertex 74.43535944274639 28.174912839639067 -1.8683408783878228
      vertex 74.79523260556313 28.098419437513428 -1.8683408783878228
    endloop
  endfacet
  facet normal 0.20791169081828115 0.9781476007336947 0
    outer loop
      vertex 74.80002868198352 28.0974 -1.867477992062371
      vertex 74.80002868198352 28.0974 -4
      vertex 74.79523260556313 28.098419437513428 -1.8683408783878228
    endloop
  endfacet
  facet normal 0 1 0
    outer loop
      vertex 74.80002868198352 28.0974 -4
      vertex 74.80002868198352 28.0974 -1.867477992062371
      vertex 74.81338537230198 28.0974 -1.8683408783878228
    endloop
  endfacet
  facet normal 0.5877852522925714 0.8090169943748762 0
    outer loop
      vertex 73.71989958432546 28.5783044581138 -4
      vertex 73.71989958432546 28.5783044581138 -1.864888656999499
      vertex 73.74394540208166 28.560834148893246 -1.8683408783878228
    endloop
  endfacet
  facet normal 0.7431448254774073 0.6691306063588438 0
    outer loop
      vertex 73.71989958432546 28.5783044581138 -1.864888656999499
      vertex 73.71989958432546 28.5783044581138 -4
      vertex 73.70137825961336 28.59887447313027 -1.8683408783878228
    endloop
  endfacet
  facet normal 0.7431448254773917 0.669130606358861 -3.0400218060923167e-16
    outer loop
      vertex 73.71989958432546 28.5783044581138 -4
      vertex 73.468997848969 28.85695906539305 -1.8683408783878228
      vertex 73.70137825961336 28.59887447313027 -1.8683408783878228
    endloop
  endfacet
  facet normal 0.4067366430755526 0.9135454576427111 0
    outer loop
      vertex 74.40882575211674 28.180552749687724 -1.8661218001833664
      vertex 74.40882575211674 28.180552749687724 -4
      vertex 74.39607027576379 28.186231853654828 -1.8683408783878228
    endloop
  endfacet
  facet normal 0.4067366430757981 0.9135454576426018 1.7609291830452955e-15
    outer loop
      vertex 74.40882575211674 28.180552749687724 -4
      vertex 74.07190558121066 28.33055927443416 -1.8683408783878228
      vertex 74.39607027576379 28.186231853654828 -1.8683408783878228
    endloop
  endfacet
  facet normal 0.5877852522924741 0.8090169943749467 -6.690134188060592e-16
    outer loop
      vertex 74.04345997365122 28.343224074890653 -4
      vertex 73.74394540208166 28.560834148893246 -1.8683408783878228
      vertex 74.02587976628841 28.35599684319089 -1.8683408783878228
    endloop
  endfacet
  facet normal 0.40673664307585894 0.9135454576425747 0
    outer loop
      vertex 74.04345997365122 28.343224074890653 -4
      vertex 74.04345997365122 28.343224074890653 -1.8652586241038485
      vertex 74.07190558121066 28.33055927443416 -1.8683408783878228
    endloop
  endfacet
  facet normal 0.5877852522925273 0.809016994374908 0
    outer loop
      vertex 74.04345997365122 28.343224074890653 -1.8652586241038485
      vertex 74.04345997365122 28.343224074890653 -4
      vertex 74.02587976628841 28.35599684319089 -1.8683408783878228
    endloop
  endfacet
  facet normal 0.2079116908178704 0.9781476007337822 0
    outer loop
      vertex 74.40882575211674 28.180552749687724 -4
      vertex 74.40882575211674 28.180552749687724 -1.8661218001833664
      vertex 74.43535944274639 28.174912839639067 -1.8683408783878228
    endloop
  endfacet
  facet normal 0.7431448254772587 0.6691306063590089 0
    outer loop
      vertex 73.45228572576796 28.875519758569475 -4
      vertex 73.45228572576796 28.875519758569475 -1.8650119816676156
      vertex 73.468997848969 28.85695906539305 -1.8683408783878228
    endloop
  endfacet
  facet normal 0.8660254037843977 0.5000000000000709 0
    outer loop
      vertex 73.45228572576796 28.875519758569475 -1.8650119816676156
      vertex 73.45228572576796 28.875519758569475 -4
      vertex 73.4368128161972 28.902319624086946 -1.8683408783878228
    endloop
  endfacet
  facet normal 0.8660254037844372 0.5000000000000027 1.146296283334496e-15
    outer loop
      vertex 73.45228572576796 28.875519758569475 -4
      vertex 73.26133200036934 29.206261312854448 -1.8683408783878228
      vertex 73.4368128161972 28.902319624086946 -1.8683408783878228
    endloop
  endfacet
  facet normal 0.9510565162951586 0.3090169943749318 -1.8086939660034594e-15
    outer loop
      vertex 73.25231440775148 29.221880241430526 -4
      vertex 73.13168260452095 29.59314675629295 -1.8683408783878228
      vertex 73.24304275107444 29.250415466547818 -1.8683408783878228
    endloop
  endfacet
  facet normal 0.8660254037844514 0.49999999999997785 0
    outer loop
      vertex 73.25231440775148 29.221880241430526 -4
      vertex 73.25231440775148 29.221880241430526 -1.8656285705085836
      vertex 73.26133200036934 29.206261312854448 -1.8683408783878228
    endloop
  endfacet
  facet normal 0.9510565162951984 0.3090169943748096 0
    outer loop
      vertex 73.25231440775148 29.221880241430526 -1.8656285705085836
      vertex 73.25231440775148 29.221880241430526 -4
      vertex 73.24304275107444 29.250415466547818 -1.8683408783878228
    endloop
  endfacet
  facet normal 0.9510565162947964 0.309016994376047 0
    outer loop
      vertex 73.12872533644219 29.602248291573925 -4
      vertex 73.12872533644219 29.602248291573925 -1.8667382855320547
      vertex 73.13168260452095 29.59314675629295 -1.8683408783878228
    endloop
  endfacet
  facet normal 0.9945218953683048 0.10452846326735375 0
    outer loop
      vertex 73.12872533644219 29.602248291573925 -1.8667382855320547
      vertex 73.12872533644219 29.602248291573925 -4
      vertex 73.12643705104954 29.62401987277495 -1.8683408783878228
    endloop
  endfacet
  facet normal 0.9945218953682715 0.1045284632676716 -3.2819620341153866e-15
    outer loop
      vertex 73.12643705104954 29.62401987277495 -1.8683408783878228
      vertex 73.12872533644219 29.602248291573925 -4
      vertex 73.08691994730245 30 -1.8683408783878228
    endloop
  endfacet
  facet normal 0.9945218953682733 -0.1045284632676542 -3.1023007114090048e-15
    outer loop
      vertex 73.12643705104954 30.37598012722505 -1.8683408783878228
      vertex 73.08691994730245 30 -4
      vertex 73.12872533644219 30.397751708426075 -4
    endloop
  endfacet
  facet normal 0.951056516295153 -0.30901699437494934 -2.067524604383684e-15
    outer loop
      vertex 73.24304275107444 30.749584533452182 -1.8683408783878228
      vertex 73.12872533644219 30.397751708426075 -4
      vertex 73.25231440775148 30.778119758569474 -4
    endloop
  endfacet
  facet normal 0.8660254037844347 -0.5000000000000068 1.0767252756500138e-15
    outer loop
      vertex 73.4368128161972 31.097680375913054 -1.8683408783878228
      vertex 73.25231440775148 30.778119758569474 -4
      vertex 73.45228572576796 31.124480241430525 -4
    endloop
  endfacet
  facet normal 0.7431448254773844 -0.6691306063588691 -4.438809755382832e-16
    outer loop
      vertex 73.70137825961336 31.40112552686973 -1.8683408783878228
      vertex 73.45228572576796 31.124480241430525 -4
      vertex 73.71989958432546 31.4216955418862 -4
    endloop
  endfacet
  facet normal 0.5877852522924842 -0.8090169943749393 -5.416565893963901e-16
    outer loop
      vertex 74.02587976628841 31.64400315680911 -1.8683408783878228
      vertex 73.71989958432546 31.4216955418862 -4
      vertex 74.04345997365122 31.656775925109347 -4
    endloop
  endfacet
  facet normal 0.4067366430757943 -0.9135454576426034 1.733498207655953e-15
    outer loop
      vertex 74.39607027576379 31.813768146345172 -1.8683408783878228
      vertex 74.04345997365122 31.656775925109347 -4
      vertex 74.40882575211674 31.819447250312276 -4
    endloop
  endfacet
  facet normal 0.20791169081776467 -0.9781476007338045 -1.2146714599160997e-15
    outer loop
      vertex 74.79523260556313 31.901580562486572 -1.8683408783878228
      vertex 74.40882575211674 31.819447250312276 -4
      vertex 74.80002868198352 31.9026 -4
    endloop
  endfacet
  facet normal 0.9945218953682715 -0.1045284632676716 0
    outer loop
      vertex 73.08691994730245 30 -4
      vertex 73.12643705104954 30.37598012722505 -1.8683408783878228
      vertex 73.08691994730245 30 -1.8683408783878228
    endloop
  endfacet
  facet normal 0.9945218953683048 -0.10452846326735375 0
    outer loop
      vertex 73.12872533644219 30.397751708426075 -4
      vertex 73.12872533644219 30.397751708426075 -1.8667382855320547
      vertex 73.12643705104954 30.37598012722505 -1.8683408783878228
    endloop
  endfacet
  facet normal 0.9510565162947964 -0.309016994376047 0
    outer loop
      vertex 73.12872533644219 30.397751708426075 -1.8667382855320547
      vertex 73.12872533644219 30.397751708426075 -4
      vertex 73.13168260452095 30.40685324370705 -1.8683408783878228
    endloop
  endfacet
  facet normal 0.9510565162951586 -0.3090169943749318 -5.2639912108659274e-15
    outer loop
      vertex 73.12872533644219 30.397751708426075 -4
      vertex 73.24304275107444 30.749584533452182 -1.8683408783878228
      vertex 73.13168260452095 30.40685324370705 -1.8683408783878228
    endloop
  endfacet
  facet normal 0.9510565162951984 -0.3090169943748096 0
    outer loop
      vertex 73.25231440775148 30.778119758569474 -4
      vertex 73.25231440775148 30.778119758569474 -1.8656285705085836
      vertex 73.24304275107444 30.749584533452182 -1.8683408783878228
    endloop
  endfacet
  facet normal -0.5877852522924741 -0.8090169943749467 -6.690134188060592e-16
    outer loop
      vertex 75.95654002634878 31.656775925109347 -4
      vertex 76.25605459791834 31.439165851106754 -1.8683408783878228
      vertex 75.97412023371159 31.64400315680911 -1.8683408783878228
    endloop
  endfacet
  facet normal 0.8660254037844372 -0.5000000000000026 2.412169734000221e-16
    outer loop
      vertex 73.25231440775148 30.778119758569474 -4
      vertex 73.4368128161972 31.097680375913054 -1.8683408783878228
      vertex 73.26133200036934 30.793738687145552 -1.8683408783878228
    endloop
  endfacet
  facet normal 0.8660254037844514 -0.49999999999997785 0
    outer loop
      vertex 73.25231440775148 30.778119758569474 -1.8656285705085836
      vertex 73.25231440775148 30.778119758569474 -4
      vertex 73.26133200036934 30.793738687145552 -1.8683408783878228
    endloop
  endfacet
  facet normal 0.7431448254773917 -0.669130606358861 -2.331361473534042e-15
    outer loop
      vertex 73.45228572576796 31.124480241430525 -4
      vertex 73.70137825961336 31.40112552686973 -1.8683408783878228
      vertex 73.468997848969 31.14304093460695 -1.8683408783878228
    endloop
  endfacet
  facet normal 0.8660254037843977 -0.5000000000000709 0
    outer loop
      vertex 73.45228572576796 31.124480241430525 -4
      vertex 73.45228572576796 31.124480241430525 -1.8650119816676156
      vertex 73.4368128161972 31.097680375913054 -1.8683408783878228
    endloop
  endfacet
  facet normal 0.7431448254772587 -0.6691306063590089 0
    outer loop
      vertex 73.45228572576796 31.124480241430525 -1.8650119816676156
      vertex 73.45228572576796 31.124480241430525 -4
      vertex 73.468997848969 31.14304093460695 -1.8683408783878228
    endloop
  endfacet
  facet normal 0.7431448254774073 -0.6691306063588438 0
    outer loop
      vertex 73.71989958432546 31.4216955418862 -4
      vertex 73.71989958432546 31.4216955418862 -1.864888656999499
      vertex 73.70137825961336 31.40112552686973 -1.8683408783878228
    endloop
  endfacet
  facet normal 0.5877852522925714 -0.8090169943748762 0
    outer loop
      vertex 73.71989958432546 31.4216955418862 -1.864888656999499
      vertex 73.71989958432546 31.4216955418862 -4
      vertex 73.74394540208166 31.439165851106754 -1.8683408783878228
    endloop
  endfacet
  facet normal 0.5877852522924741 -0.8090169943749467 1.6747084645800992e-15
    outer loop
      vertex 73.71989958432546 31.4216955418862 -4
      vertex 74.02587976628841 31.64400315680911 -1.8683408783878228
      vertex 73.74394540208166 31.439165851106754 -1.8683408783878228
    endloop
  endfacet
  facet normal 0.4067366430757981 -0.9135454576426018 9.728688411637408e-16
    outer loop
      vertex 74.04345997365122 31.656775925109347 -4
      vertex 74.39607027576379 31.813768146345172 -1.8683408783878228
      vertex 74.07190558121066 31.66944072556584 -1.8683408783878228
    endloop
  endfacet
  facet normal 0.5877852522925273 -0.809016994374908 0
    outer loop
      vertex 74.04345997365122 31.656775925109347 -4
      vertex 74.04345997365122 31.656775925109347 -1.8652586241038485
      vertex 74.02587976628841 31.64400315680911 -1.8683408783878228
    endloop
  endfacet
  facet normal 0.40673664307585894 -0.9135454576425747 0
    outer loop
      vertex 74.04345997365122 31.656775925109347 -1.8652586241038485
      vertex 74.04345997365122 31.656775925109347 -4
      vertex 74.07190558121066 31.66944072556584 -1.8683408783878228
    endloop
  endfacet
  facet normal 0.4067366430755526 -0.9135454576427111 0
    outer loop
      vertex 74.40882575211674 31.819447250312276 -4
      vertex 74.40882575211674 31.819447250312276 -1.8661218001833664
      vertex 74.39607027576379 31.813768146345172 -1.8683408783878228
    endloop
  endfacet
  facet normal 0.2079116908178704 -0.9781476007337822 0
    outer loop
      vertex 74.40882575211674 31.819447250312276 -1.8661218001833664
      vertex 74.40882575211674 31.819447250312276 -4
      vertex 74.43535944274639 31.825087160360933 -1.8683408783878228
    endloop
  endfacet
  facet normal 0.20791169081775 -0.9781476007338076 1.5666240802120593e-15
    outer loop
      vertex 74.40882575211674 31.819447250312276 -4
      vertex 74.79523260556313 31.901580562486572 -1.8683408783878228
      vertex 74.43535944274639 31.825087160360933 -1.8683408783878228
    endloop
  endfacet
  facet normal -0.5877852522925273 -0.809016994374908 0
    outer loop
      vertex 75.95654002634878 31.656775925109347 -1.8652586241038485
      vertex 75.95654002634878 31.656775925109347 -4
      vertex 75.97412023371159 31.64400315680911 -1.8683408783878228
    endloop
  endfacet
  facet normal -0.40673664307585894 -0.9135454576425747 0
    outer loop
      vertex 75.95654002634878 31.656775925109347 -4
      vertex 75.95654002634878 31.656775925109347 -1.8652586241038485
      vertex 75.92809441878934 31.66944072556584 -1.8683408783878228
    endloop
  endfacet
  facet normal -0.4067366430757981 -0.9135454576426018 1.7609291830452955e-15
    outer loop
      vertex 75.59117424788326 31.819447250312276 -4
      vertex 75.92809441878934 31.66944072556584 -1.8683408783878228
      vertex 75.60392972423621 31.813768146345172 -1.8683408783878228
    endloop
  endfacet
  facet normal -0.4067366430755526 -0.9135454576427111 0
    outer loop
      vertex 75.59117424788326 31.819447250312276 -1.8661218001833664
      vertex 75.59117424788326 31.819447250312276 -4
      vertex 75.60392972423621 31.813768146345172 -1.8683408783878228
    endloop
  endfacet
  facet normal -0.7431448254773917 -0.669130606358861 -3.0400218060923167e-16
    outer loop
      vertex 76.28010041567454 31.4216955418862 -4
      vertex 76.531002151031 31.14304093460695 -1.8683408783878228
      vertex 76.29862174038664 31.40112552686973 -1.8683408783878228
    endloop
  endfacet
  facet normal -0.7431448254774073 -0.6691306063588438 0
    outer loop
      vertex 76.28010041567454 31.4216955418862 -1.864888656999499
      vertex 76.28010041567454 31.4216955418862 -4
      vertex 76.29862174038664 31.40112552686973 -1.8683408783878228
    endloop
  endfacet
  facet normal -0.5877852522925714 -0.8090169943748762 0
    outer loop
      vertex 76.28010041567454 31.4216955418862 -4
      vertex 76.28010041567454 31.4216955418862 -1.864888656999499
      vertex 76.25605459791834 31.439165851106754 -1.8683408783878228
    endloop
  endfacet
  facet normal 0 -1 0
    outer loop
      vertex 75.19997131801648 31.9026 -4
      vertex 75.19997131801648 31.9026 -1.867477992062371
      vertex 75.18661462769802 31.9026 -1.8683408783878228
    endloop
  endfacet
  facet normal -0.20791169081828115 -0.9781476007336947 0
    outer loop
      vertex 75.19997131801648 31.9026 -1.867477992062371
      vertex 75.19997131801648 31.9026 -4
      vertex 75.20476739443687 31.901580562486572 -1.8683408783878228
    endloop
  endfacet
  facet normal 0 -1 0
    outer loop
      vertex 74.80002868198352 31.9026 -1.867477992062371
      vertex 74.80002868198352 31.9026 -4
      vertex 74.81338537230198 31.9026 -1.8683408783878228
    endloop
  endfacet
  facet normal 0.20791169081828115 -0.9781476007336947 0
    outer loop
      vertex 74.80002868198352 31.9026 -4
      vertex 74.80002868198352 31.9026 -1.867477992062371
      vertex 74.79523260556313 31.901580562486572 -1.8683408783878228
    endloop
  endfacet
  facet normal -0.20791169081775 -0.9781476007338076 -1.2491689679694741e-15
    outer loop
      vertex 75.19997131801648 31.9026 -4
      vertex 75.56464055725361 31.825087160360933 -1.8683408783878228
      vertex 75.20476739443687 31.901580562486572 -1.8683408783878228
    endloop
  endfacet
  facet normal 0 -1 0
    outer loop
      vertex 74.80002868198352 31.9026 -4
      vertex 75.18661462769802 31.9026 -1.8683408783878228
      vertex 74.81338537230198 31.9026 -1.8683408783878228
    endloop
  endfacet
  facet normal 0 0 1
    outer loop
      vertex 150 0 0
      vertex 75 26.462796 0
      vertex 74.60395880726948 26.48503719631678 0
    endloop
  endfacet
  facet normal 0 0 1
    outer loop
      vertex 135.39604119273054 33.51496280368322 0
      vertex 135.787101937674 33.448518910681194 0
      vertex 150 40 0
    endloop
  endfacet
  facet normal 0 0 1
    outer loop
      vertex 76.16826441906406 33.33870789150008 0
      vertex 76.53473529754159 33.18691068341991 0
      vertex 133.83173558093594 33.33870789150008 0
    endloop
  endfacet
  facet normal 0 0 1
    outer loop
      vertex 75.78710193767401 33.448518910681194 0
      vertex 76.16826441906406 33.33870789150008 0
      vertex 133.83173558093594 33.33870789150008 0
    endloop
  endfacet
  facet normal 0 0 1
    outer loop
      vertex 76.53473529754159 33.18691068341991 0
      vertex 76.88190598917835 32.99503622440708 0
      vertex 133.11809401082164 32.99503622440709 0
    endloop
  endfacet
  facet normal 0 0 1
    outer loop
      vertex 76.88190598917835 32.99503622440708 0
      vertex 77.20541062109392 32.76549744711185 0
      vertex 133.11809401082164 32.99503622440709 0
    endloop
  endfacet
  facet normal 0 0 1
    outer loop
      vertex 77.20541062109392 32.76549744711185 0
      vertex 77.50118093484018 32.50118093484018 0
      vertex 132.4988190651598 32.50118093484018 0
    endloop
  endfacet
  facet normal 0 0 1
    outer loop
      vertex 77.50118093484018 32.50118093484018 0
      vertex 77.76549744711184 32.20541062109392 0
      vertex 132.4988190651598 32.50118093484018 0
    endloop
  endfacet
  facet normal 0 0 1
    outer loop
      vertex 77.76549744711184 32.20541062109392 0
      vertex 77.99503622440709 31.881905989178357 0
      vertex 132.23450255288816 32.20541062109392 0
    endloop
  endfacet
  facet normal 0 0 1
    outer loop
      vertex 77.99503622440709 31.881905989178357 0
      vertex 78.18691068341991 31.534735297541584 0
      vertex 131.8130893165801 31.534735297541584 0
    endloop
  endfacet
  facet normal 0 0 1
    outer loop
      vertex 78.18691068341991 31.534735297541584 0
      vertex 78.33870789150008 31.168264419064066 0
      vertex 131.6612921084999 31.168264419064066 0
    endloop
  endfacet
  facet normal 0 0 1
    outer loop
      vertex 78.33870789150008 31.168264419064066 0
      vertex 78.4485189106812 30.78710193767401 0
      vertex 131.6612921084999 31.168264419064066 0
    endloop
  endfacet
  facet normal 0 0 1
    outer loop
      vertex 78.4485189106812 30.78710193767401 0
      vertex 78.51496280368322 30.396041192730525 0
      vertex 131.5514810893188 30.787101937674013 0
    endloop
  endfacet
  facet normal 0 0 1
    outer loop
      vertex 78.51496280368322 30.396041192730525 0
      vertex 78.537204 30 0
      vertex 131.462796 30 0
    endloop
  endfacet
  facet normal 0 0 1
    outer loop
      vertex 75.39604119273052 33.51496280368322 0
      vertex 150 40 0
      vertex 0 40 0
    endloop
  endfacet
  facet normal 0 1 0
    outer loop
      vertex 150 40 -4
      vertex 0 40 0
      vertex 150 40 0
    endloop
  endfacet
  facet normal 0 0 1
    outer loop
      vertex 131.462796 30 0
      vertex 78.537204 30 0
      vertex 78.51496280368322 29.603958807269475 0
    endloop
  endfacet
  facet normal 0 0 1
    outer loop
      vertex 131.5514810893188 29.212898062325987 0
      vertex 78.51496280368322 29.603958807269475 0
      vertex 78.4485189106812 29.21289806232599 0
    endloop
  endfacet
  facet normal 0 0 1
    outer loop
      vertex 131.6612921084999 28.831735580935934 0
      vertex 78.4485189106812 29.21289806232599 0
      vertex 78.33870789150008 28.831735580935934 0
    endloop
  endfacet
  facet normal 0 0 1
    outer loop
      vertex 131.6612921084999 28.831735580935934 0
      vertex 78.33870789150008 28.831735580935934 0
      vertex 78.18691068341991 28.465264702458416 0
    endloop
  endfacet
  facet normal 0 0 1
    outer loop
      vertex 131.8130893165801 28.465264702458416 0
      vertex 78.18691068341991 28.465264702458416 0
      vertex 77.99503622440709 28.118094010821643 0
    endloop
  endfacet
  facet normal 0 0 1
    outer loop
      vertex 132.23450255288816 27.79458937890608 0
      vertex 77.99503622440709 28.118094010821643 0
      vertex 77.76549744711184 27.794589378906082 0
    endloop
  endfacet
  facet normal 0 0 1
    outer loop
      vertex 132.4988190651598 27.498819065159818 0
      vertex 77.76549744711184 27.794589378906082 0
      vertex 77.50118093484018 27.498819065159818 0
    endloop
  endfacet
  facet normal 0 0 1
    outer loop
      vertex 132.79458937890607 27.234502552888156 0
      vertex 77.50118093484018 27.498819065159818 0
      vertex 77.20541062109392 27.234502552888156 0
    endloop
  endfacet
  facet normal 0 0 1
    outer loop
      vertex 133.11809401082164 27.004963775592916 0
      vertex 77.20541062109392 27.234502552888156 0
      vertex 76.88190598917835 27.004963775592916 0
    endloop
  endfacet
  facet normal 0 0 -1
    outer loop
      vertex 150 40 -4
      vertex 136.28010041567455 31.4216955418862 -4
      vertex 135.95654002634876 31.656775925109347 -4
    endloop
  endfacet
  facet normal 0 0 -1
    outer loop
      vertex 150 40 -4
      vertex 136.54771427423202 31.124480241430525 -4
      vertex 136.28010041567455 31.4216955418862 -4
    endloop
  endfacet
  facet normal 0 0 -1
    outer loop
      vertex 150 40 -4
      vertex 136.7476855922485 30.778119758569474 -4
      vertex 136.54771427423202 31.124480241430525 -4
    endloop
  endfacet
  facet normal 0 0 -1
    outer loop
      vertex 150 40 -4
      vertex 136.91308005269755 30 -4
      vertex 136.8712746635578 30.397751708426075 -4
    endloop
  endfacet
  facet normal 0 0 -1
    outer loop
      vertex 150 40 -4
      vertex 136.8712746635578 30.397751708426075 -4
      vertex 136.7476855922485 30.778119758569474 -4
    endloop
  endfacet
  facet normal 0 0 -1
    outer loop
      vertex 150 40 -4
      vertex 136.8712746635578 29.602248291573925 -4
      vertex 136.91308005269755 30 -4
    endloop
  endfacet
  facet normal 0 0 -1
    outer loop
      vertex 150 40 -4
      vertex 136.7476855922485 29.221880241430526 -4
      vertex 136.8712746635578 29.602248291573925 -4
    endloop
  endfacet
  facet normal 0 0 -1
    outer loop
      vertex 150 40 -4
      vertex 135.59117424788326 31.819447250312276 -4
      vertex 135.19997131801648 31.9026 -4
    endloop
  endfacet
  facet normal 0 0 -1
    outer loop
      vertex 150 40 -4
      vertex 135.95654002634876 31.656775925109347 -4
      vertex 135.59117424788326 31.819447250312276 -4
    endloop
  endfacet
  facet normal 0 0 -1
    outer loop
      vertex 150 40 -4
      vertex 135.19997131801648 31.9026 -4
      vertex 134.80002868198352 31.9026 -4
    endloop
  endfacet
  facet normal 0 0 -1
    outer loop
      vertex 75 20 -4
      vertex 150 40 -4
      vertex 134.80002868198352 31.9026 -4
    endloop
  endfacet
  facet normal 1 0 0
    outer loop
      vertex 150 20 -4
      vertex 150 40 -4
      vertex 150 20 -2
    endloop
  endfacet
  facet normal 0 0 -1
    outer loop
      vertex 150 40 -4
      vertex 150 20 -4
      vertex 136.7476855922485 29.221880241430526 -4
    endloop
  endfacet
  facet normal 0 0 -1
    outer loop
      vertex 150 20 -4
      vertex 136.54771427423202 28.875519758569475 -4
      vertex 136.7476855922485 29.221880241430526 -4
    endloop
  endfacet
  facet normal 0 0 -1
    outer loop
      vertex 150 20 -4
      vertex 136.28010041567455 28.5783044581138 -4
      vertex 136.54771427423202 28.875519758569475 -4
    endloop
  endfacet
  facet normal 0 0 -1
    outer loop
      vertex 150 20 -4
      vertex 135.95654002634876 28.343224074890653 -4
      vertex 136.28010041567455 28.5783044581138 -4
    endloop
  endfacet
  facet normal 0 0 -1
    outer loop
      vertex 150 20 -4
      vertex 135.59117424788326 28.180552749687724 -4
      vertex 135.95654002634876 28.343224074890653 -4
    endloop
  endfacet
  facet normal 0 0 -1
    outer loop
      vertex 150 20 -4
      vertex 135.19997131801648 28.0974 -4
      vertex 135.59117424788326 28.180552749687724 -4
    endloop
  endfacet
  facet normal 0 0 -1
    outer loop
      vertex 150 20 -4
      vertex 134.04345997365124 28.343224074890653 -4
      vertex 134.40882575211674 28.180552749687724 -4
    endloop
  endfacet
  facet normal 0 0 -1
    outer loop
      vertex 150 20 -4
      vertex 134.80002868198352 28.0974 -4
      vertex 135.19997131801648 28.0974 -4
    endloop
  endfacet
  facet normal 0 0 -1
    outer loop
      vertex 150 20 -4
      vertex 134.40882575211674 28.180552749687724 -4
      vertex 134.80002868198352 28.0974 -4
    endloop
  endfacet
  facet normal 0 0 -1
    outer loop
      vertex 75 20 -4
      vertex 134.80002868198352 31.9026 -4
      vertex 134.40882575211674 31.819447250312276 -4
    endloop
  endfacet
  facet normal 0 0 -1
    outer loop
      vertex 75 20 -4
      vertex 134.40882575211674 31.819447250312276 -4
      vertex 134.04345997365124 31.656775925109347 -4
    endloop
  endfacet
  facet normal 0 0 -1
    outer loop
      vertex 75 20 -4
      vertex 134.04345997365124 31.656775925109347 -4
      vertex 133.71989958432545 31.4216955418862 -4
    endloop
  endfacet
  facet normal 0 0 -1
    outer loop
      vertex 133.71989958432545 31.4216955418862 -4
      vertex 133.45228572576798 31.124480241430525 -4
      vertex 75 20 -4
    endloop
  endfacet
  facet normal 0 0 -1
    outer loop
      vertex 133.45228572576798 31.124480241430525 -4
      vertex 133.2523144077515 30.778119758569474 -4
      vertex 75 20 -4
    endloop
  endfacet
  facet normal 0 0 -1
    outer loop
      vertex 133.2523144077515 30.778119758569474 -4
      vertex 133.1287253364422 30.397751708426075 -4
      vertex 75 20 -4
    endloop
  endfacet
  facet normal 0 0 -1
    outer loop
      vertex 133.1287253364422 30.397751708426075 -4
      vertex 133.08691994730245 30 -4
      vertex 75 20 -4
    endloop
  endfacet
  facet normal 0 0 -1
    outer loop
      vertex 75 20 -4
      vertex 133.08691994730245 30 -4
      vertex 133.1287253364422 29.602248291573925 -4
    endloop
  endfacet
  facet normal 0 0 -1
    outer loop
      vertex 75 20 -4
      vertex 133.1287253364422 29.602248291573925 -4
      vertex 133.2523144077515 29.221880241430526 -4
    endloop
  endfacet
  facet normal 0 0 -1
    outer loop
      vertex 75 20 -4
      vertex 133.2523144077515 29.221880241430526 -4
      vertex 133.45228572576798 28.875519758569475 -4
    endloop
  endfacet
  facet normal 0 0 -1
    outer loop
      vertex 75 20 -4
      vertex 133.45228572576798 28.875519758569475 -4
      vertex 133.71989958432545 28.5783044581138 -4
    endloop
  endfacet
  facet normal 0 0 -1
    outer loop
      vertex 75 20 -4
      vertex 133.71989958432545 28.5783044581138 -4
      vertex 134.04345997365124 28.343224074890653 -4
    endloop
  endfacet
  facet normal 0 0 -1
    outer loop
      vertex 150 20 -4
      vertex 75 20 -4
      vertex 134.04345997365124 28.343224074890653 -4
    endloop
  endfacet
  facet normal 0 0 -1
    outer loop
      vertex 150 40 -4
      vertex 76.54771427423204 31.124480241430525 -4
      vertex 76.28010041567454 31.4216955418862 -4
    endloop
  endfacet
  facet normal 0 0 -1
    outer loop
      vertex 150 40 -4
      vertex 76.74768559224852 30.778119758569474 -4
      vertex 76.54771427423204 31.124480241430525 -4
    endloop
  endfacet
  facet normal 0 0 -1
    outer loop
      vertex 150 40 -4
      vertex 75.59117424788326 31.819447250312276 -4
      vertex 75.19997131801648 31.9026 -4
    endloop
  endfacet
  facet normal 0 0 -1
    outer loop
      vertex 150 40 -4
      vertex 75.95654002634878 31.656775925109347 -4
      vertex 75.59117424788326 31.819447250312276 -4
    endloop
  endfacet
  facet normal 0 0 -1
    outer loop
      vertex 150 40 -4
      vertex 76.28010041567454 31.4216955418862 -4
      vertex 75.95654002634878 31.656775925109347 -4
    endloop
  endfacet
  facet normal 0 0 -1
    outer loop
      vertex 150 40 -4
      vertex 76.87127466355781 30.397751708426075 -4
      vertex 76.74768559224852 30.778119758569474 -4
    endloop
  endfacet
  facet normal 0 0 -1
    outer loop
      vertex 150 40 -4
      vertex 76.91308005269755 30 -4
      vertex 76.87127466355781 30.397751708426075 -4
    endloop
  endfacet
  facet normal 0 0 -1
    outer loop
      vertex 150 40 -4
      vertex 76.87127466355781 29.602248291573925 -4
      vertex 76.91308005269755 30 -4
    endloop
  endfacet
  facet normal 0 0 -1
    outer loop
      vertex 150 40 -4
      vertex 76.74768559224852 29.221880241430526 -4
      vertex 76.87127466355781 29.602248291573925 -4
    endloop
  endfacet
  facet normal 0 0 -1
    outer loop
      vertex 150 40 -4
      vertex 76.54771427423204 28.875519758569475 -4
      vertex 76.74768559224852 29.221880241430526 -4
    endloop
  endfacet
  facet normal 0 0 -1
    outer loop
      vertex 150 40 -4
      vertex 76.28010041567454 28.5783044581138 -4
      vertex 76.54771427423204 28.875519758569475 -4
    endloop
  endfacet
  facet normal 0 0 -1
    outer loop
      vertex 150 40 -4
      vertex 75.95654002634878 28.343224074890653 -4
      vertex 76.28010041567454 28.5783044581138 -4
    endloop
  endfacet
  facet normal 0 0 -1
    outer loop
      vertex 150 40 -4
      vertex 75.59117424788326 28.180552749687724 -4
      vertex 75.95654002634878 28.343224074890653 -4
    endloop
  endfacet
  facet normal 0 0 -1
    outer loop
      vertex 150 40 -4
      vertex 75.19997131801648 28.0974 -4
      vertex 75.59117424788326 28.180552749687724 -4
    endloop
  endfacet
  facet normal 0 0 -1
    outer loop
      vertex 0 40 -4
      vertex 150 40 -4
      vertex 75.19997131801648 31.9026 -4
    endloop
  endfacet
  facet normal 0 0 1
    outer loop
      vertex 135.787101937674 33.448518910681194 0
      vertex 136.16826441906406 33.33870789150008 0
      vertex 150 40 0
    endloop
  endfacet
  facet normal 0 0 -1
    outer loop
      vertex 150 40 -4
      vertex 75 20 -4
      vertex 75.19997131801648 28.0974 -4
    endloop
  endfacet
  facet normal 0 0 -1
    outer loop
      vertex 75 20 -4
      vertex 74.80002868198352 28.0974 -4
      vertex 75.19997131801648 28.0974 -4
    endloop
  endfacet
  facet normal 0 0 1
    outer loop
      vertex 136.16826441906406 33.33870789150008 0
      vertex 136.53473529754157 33.18691068341991 0
      vertex 150 40 0
    endloop
  endfacet
  facet normal 0 0 1
    outer loop
      vertex 150 0 0
      vertex 138.537204 30 0
      vertex 138.5149628036832 29.603958807269475 0
    endloop
  endfacet
  facet normal 0 0 1
    outer loop
      vertex 150 0 0
      vertex 138.5149628036832 29.603958807269475 0
      vertex 138.4485189106812 29.21289806232599 0
    endloop
  endfacet
  facet normal 0 0 1
    outer loop
      vertex 150 0 0
      vertex 138.4485189106812 29.21289806232599 0
      vertex 138.3387078915001 28.831735580935934 0
    endloop
  endfacet
  facet normal 0 0 1
    outer loop
      vertex 150 0 0
      vertex 138.3387078915001 28.831735580935934 0
      vertex 138.1869106834199 28.465264702458416 0
    endloop
  endfacet
  facet normal 0 0 1
    outer loop
      vertex 150 0 0
      vertex 138.1869106834199 28.465264702458416 0
      vertex 137.99503622440707 28.118094010821643 0
    endloop
  endfacet
  facet normal 0 0 1
    outer loop
      vertex 150 0 0
      vertex 137.99503622440707 28.118094010821643 0
      vertex 137.76549744711184 27.794589378906082 0
    endloop
  endfacet
  facet normal 0 0 1
    outer loop
      vertex 150 0 0
      vertex 137.76549744711184 27.794589378906082 0
      vertex 137.5011809348402 27.498819065159818 0
    endloop
  endfacet
  facet normal 0 0 1
    outer loop
      vertex 150 0 0
      vertex 137.5011809348402 27.498819065159818 0
      vertex 137.20541062109393 27.234502552888156 0
    endloop
  endfacet
  facet normal 0 0 1
    outer loop
      vertex 150 0 0
      vertex 137.20541062109393 27.234502552888156 0
      vertex 136.88190598917836 27.004963775592916 0
    endloop
  endfacet
  facet normal 0 0 1
    outer loop
      vertex 150 0 0
      vertex 136.88190598917836 27.004963775592916 0
      vertex 136.53473529754157 26.81308931658009 0
    endloop
  endfacet
  facet normal 0 0 1
    outer loop
      vertex 150 0 0
      vertex 136.53473529754157 26.81308931658009 0
      vertex 136.16826441906406 26.66129210849992 0
    endloop
  endfacet
  facet normal 0 0 1
    outer loop
      vertex 150 0 0
      vertex 136.16826441906406 26.66129210849992 0
      vertex 135.787101937674 26.551481089318806 0
    endloop
  endfacet
  facet normal 0 0 1
    outer loop
      vertex 150 0 0
      vertex 135.787101937674 26.551481089318806 0
      vertex 135.39604119273054 26.48503719631678 0
    endloop
  endfacet
  facet normal 0 0 1
    outer loop
      vertex 150 0 0
      vertex 135.39604119273054 26.48503719631678 0
      vertex 135 26.462796 0
    endloop
  endfacet
  facet normal 0 0 1
    outer loop
      vertex 150 0 0
      vertex 134.60395880726946 26.48503719631678 0
      vertex 134.212898062326 26.551481089318806 0
    endloop
  endfacet
  facet normal 0 0 1
    outer loop
      vertex 150 0 0
      vertex 135 26.462796 0
      vertex 134.60395880726946 26.48503719631678 0
    endloop
  endfacet
  facet normal 0 0 1
    outer loop
      vertex 150 0 0
      vertex 133.83173558093594 26.66129210849992 0
      vertex 133.46526470245843 26.81308931658009 0
    endloop
  endfacet
  facet normal 0 0 1
    outer loop
      vertex 150 0 0
      vertex 133.46526470245843 26.81308931658009 0
      vertex 133.11809401082164 27.004963775592916 0
    endloop
  endfacet
  facet normal 0 0 1
    outer loop
      vertex 150 0 0
      vertex 134.212898062326 26.551481089318806 0
      vertex 133.83173558093594 26.66129210849992 0
    endloop
  endfacet
  facet normal 0 0 1
    outer loop
      vertex 150 0 0
      vertex 133.11809401082164 27.004963775592916 0
      vertex 76.88190598917835 27.004963775592916 0
    endloop
  endfacet
  facet normal 0 0 1
    outer loop
      vertex 133.11809401082164 27.004963775592916 0
      vertex 132.79458937890607 27.234502552888156 0
      vertex 77.20541062109392 27.234502552888156 0
    endloop
  endfacet
  facet normal 0 0 1
    outer loop
      vertex 132.79458937890607 27.234502552888156 0
      vertex 132.4988190651598 27.498819065159818 0
      vertex 77.50118093484018 27.498819065159818 0
    endloop
  endfacet
  facet normal 0 0 1
    outer loop
      vertex 132.4988190651598 27.498819065159818 0
      vertex 132.23450255288816 27.79458937890608 0
      vertex 77.76549744711184 27.794589378906082 0
    endloop
  endfacet
  facet normal 0 0 1
    outer loop
      vertex 132.23450255288816 27.79458937890608 0
      vertex 132.00496377559293 28.118094010821647 0
      vertex 77.99503622440709 28.118094010821643 0
    endloop
  endfacet
  facet normal 0 0 1
    outer loop
      vertex 132.00496377559293 28.118094010821647 0
      vertex 131.8130893165801 28.465264702458416 0
      vertex 77.99503622440709 28.118094010821643 0
    endloop
  endfacet
  facet normal 0 0 1
    outer loop
      vertex 131.8130893165801 28.465264702458416 0
      vertex 131.6612921084999 28.831735580935934 0
      vertex 78.18691068341991 28.465264702458416 0
    endloop
  endfacet
  facet normal 0 0 1
    outer loop
      vertex 131.6612921084999 28.831735580935934 0
      vertex 131.5514810893188 29.212898062325987 0
      vertex 78.4485189106812 29.21289806232599 0
    endloop
  endfacet
  facet normal 0 0 1
    outer loop
      vertex 131.5514810893188 29.212898062325987 0
      vertex 131.4850371963168 29.603958807269475 0
      vertex 78.51496280368322 29.603958807269475 0
    endloop
  endfacet
  facet normal 0 0 1
    outer loop
      vertex 131.4850371963168 29.603958807269475 0
      vertex 131.462796 30 0
      vertex 78.51496280368322 29.603958807269475 0
    endloop
  endfacet
  facet normal 1 0 0
    outer loop
      vertex 150 40 0
      vertex 150 0 0
      vertex 150 20 -2
    endloop
  endfacet
  facet normal 0 0 1
    outer loop
      vertex 150 0 0
      vertex 150 40 0
      vertex 138.537204 30 0
    endloop
  endfacet
  facet normal 1 0 0
    outer loop
      vertex 150 0 0
      vertex 150 0 -2
      vertex 150 20 -2
    endloop
  endfacet
  facet normal 0 0 1
    outer loop
      vertex 150 0 0
      vertex 76.88190598917835 27.004963775592916 0
      vertex 76.53473529754159 26.81308931658009 0
    endloop
  endfacet
  facet normal 0 0 1
    outer loop
      vertex 150 0 0
      vertex 76.53473529754159 26.81308931658009 0
      vertex 76.16826441906406 26.66129210849992 0
    endloop
  endfacet
  facet normal 0 0 1
    outer loop
      vertex 150 0 0
      vertex 76.16826441906406 26.66129210849992 0
      vertex 75.78710193767401 26.551481089318806 0
    endloop
  endfacet
  facet normal 0 0 1
    outer loop
      vertex 150 0 0
      vertex 75.78710193767401 26.551481089318806 0
      vertex 75.39604119273052 26.48503719631678 0
    endloop
  endfacet
  facet normal 0 0 1
    outer loop
      vertex 150 0 0
      vertex 75.39604119273052 26.48503719631678 0
      vertex 75 26.462796 0
    endloop
  endfacet
  facet normal -1 0 0
    outer loop
      vertex 0 0 -2
      vertex 0 0 0
      vertex 0 40 0
    endloop
  endfacet
  facet normal 0 0 1
    outer loop
      vertex 74.21289806232599 26.551481089318806 0
      vertex 73.83173558093594 26.66129210849992 0
      vertex 150 0 0
    endloop
  endfacet
  facet normal 0 0 1
    outer loop
      vertex 74.21289806232599 26.551481089318806 0
      vertex 150 0 0
      vertex 74.60395880726948 26.48503719631678 0
    endloop
  endfacet
  facet normal 0 0 1
    outer loop
      vertex 136.53473529754157 33.18691068341991 0
      vertex 136.88190598917836 32.99503622440708 0
      vertex 150 40 0
    endloop
  endfacet
  facet normal 0 -1 0
    outer loop
      vertex 150 0 -2
      vertex 150 0 0
      vertex 0 0 0
    endloop
  endfacet
  facet normal 0 0 1
    outer loop
      vertex 75 33.537204 0
      vertex 75.39604119273052 33.51496280368322 0
      vertex 0 40 0
    endloop
  endfacet
  facet normal 0 0 1
    outer loop
      vertex 74.60395880726948 33.51496280368322 0
      vertex 75 33.537204 0
      vertex 0 40 0
    endloop
  endfacet
  facet normal 0 0 1
    outer loop
      vertex 74.21289806232599 33.448518910681194 0
      vertex 74.60395880726948 33.51496280368322 0
      vertex 0 40 0
    endloop
  endfacet
  facet normal 0 0 1
    outer loop
      vertex 73.83173558093594 33.33870789150008 0
      vertex 74.21289806232599 33.448518910681194 0
      vertex 0 40 0
    endloop
  endfacet
  facet normal 0 0 1
    outer loop
      vertex 73.46526470245841 33.18691068341991 0
      vertex 73.83173558093594 33.33870789150008 0
      vertex 0 40 0
    endloop
  endfacet
  facet normal 0 0 1
    outer loop
      vertex 73.11809401082165 32.99503622440709 0
      vertex 73.46526470245841 33.18691068341991 0
      vertex 0 40 0
    endloop
  endfacet
  facet normal 0 0 1
    outer loop
      vertex 72.79458937890608 32.76549744711185 0
      vertex 73.11809401082165 32.99503622440709 0
      vertex 0 40 0
    endloop
  endfacet
  facet normal 0 0 1
    outer loop
      vertex 72.49881906515982 32.50118093484018 0
      vertex 72.79458937890608 32.76549744711185 0
      vertex 0 40 0
    endloop
  endfacet
  facet normal 0 0 1
    outer loop
      vertex 72.23450255288816 32.20541062109392 0
      vertex 72.49881906515982 32.50118093484018 0
      vertex 0 40 0
    endloop
  endfacet
  facet normal 0 0 1
    outer loop
      vertex 72.00496377559291 31.881905989178353 0
      vertex 72.23450255288816 32.20541062109392 0
      vertex 0 40 0
    endloop
  endfacet
  facet normal 0 0 1
    outer loop
      vertex 71.81308931658009 31.534735297541584 0
      vertex 72.00496377559291 31.881905989178353 0
      vertex 0 40 0
    endloop
  endfacet
  facet normal 0 0 1
    outer loop
      vertex 71.66129210849992 31.168264419064066 0
      vertex 71.81308931658009 31.534735297541584 0
      vertex 0 40 0
    endloop
  endfacet
  facet normal 0 0 1
    outer loop
      vertex 71.5514810893188 30.787101937674013 0
      vertex 71.66129210849992 31.168264419064066 0
      vertex 0 40 0
    endloop
  endfacet
  facet normal 0 0 1
    outer loop
      vertex 71.48503719631678 30.396041192730525 0
      vertex 71.5514810893188 30.787101937674013 0
      vertex 0 40 0
    endloop
  endfacet
  facet normal 0 0 1
    outer loop
      vertex 71.462796 30 0
      vertex 71.48503719631678 30.396041192730525 0
      vertex 0 40 0
    endloop
  endfacet
  facet normal 0 0 1
    outer loop
      vertex 71.48503719631678 29.603958807269475 0
      vertex 71.462796 30 0
      vertex 0 40 0
    endloop
  endfacet
  facet normal 0 0 1
    outer loop
      vertex 71.5514810893188 29.212898062325987 0
      vertex 71.48503719631678 29.603958807269475 0
      vertex 0 40 0
    endloop
  endfacet
  facet normal 0 0 1
    outer loop
      vertex 71.66129210849992 28.831735580935934 0
      vertex 71.5514810893188 29.212898062325987 0
      vertex 0 40 0
    endloop
  endfacet
  facet normal 0 0 1
    outer loop
      vertex 72.23450255288816 27.79458937890608 0
      vertex 72.00496377559291 28.118094010821647 0
      vertex 0 40 0
    endloop
  endfacet
  facet normal 0 0 1
    outer loop
      vertex 71.81308931658009 28.465264702458416 0
      vertex 71.66129210849992 28.831735580935934 0
      vertex 0 40 0
    endloop
  endfacet
  facet normal 0 0 1
    outer loop
      vertex 72.00496377559291 28.118094010821647 0
      vertex 71.81308931658009 28.465264702458416 0
      vertex 0 40 0
    endloop
  endfacet
  facet normal 0 0 1
    outer loop
      vertex 72.49881906515982 27.498819065159818 0
      vertex 72.23450255288816 27.79458937890608 0
      vertex 0 40 0
    endloop
  endfacet
  facet normal 0 0 1
    outer loop
      vertex 72.79458937890608 27.234502552888156 0
      vertex 72.49881906515982 27.498819065159818 0
      vertex 0 40 0
    endloop
  endfacet
  facet normal 0 0 1
    outer loop
      vertex 73.11809401082165 27.004963775592916 0
      vertex 72.79458937890608 27.234502552888156 0
      vertex 0 40 0
    endloop
  endfacet
  facet normal 0 0 1
    outer loop
      vertex 73.46526470245841 26.81308931658009 0
      vertex 73.11809401082165 27.004963775592916 0
      vertex 0 40 0
    endloop
  endfacet
  facet normal 0 0 1
    outer loop
      vertex 73.83173558093594 26.66129210849992 0
      vertex 73.46526470245841 26.81308931658009 0
      vertex 0 40 0
    endloop
  endfacet
  facet normal 0 0 1
    outer loop
      vertex 75.39604119273052 33.51496280368322 0
      vertex 75.78710193767401 33.448518910681194 0
      vertex 150 40 0
    endloop
  endfacet
  facet normal 0 0 1
    outer loop
      vertex 16.534735297541584 33.18691068341991 0
      vertex 16.881905989178357 32.99503622440708 0
      vertex 150 0 0
    endloop
  endfacet
  facet normal 0 0 1
    outer loop
      vertex 16.881905989178357 32.99503622440708 0
      vertex 17.205410621093918 32.76549744711185 0
      vertex 150 0 0
    endloop
  endfacet
  facet normal 0 0 1
    outer loop
      vertex 17.205410621093918 32.76549744711185 0
      vertex 17.501180934840182 32.50118093484018 0
      vertex 150 0 0
    endloop
  endfacet
  facet normal 0 0 1
    outer loop
      vertex 17.501180934840182 32.50118093484018 0
      vertex 17.765497447111844 32.20541062109392 0
      vertex 150 0 0
    endloop
  endfacet
  facet normal 0 0 1
    outer loop
      vertex 17.765497447111844 32.20541062109392 0
      vertex 17.995036224407084 31.881905989178357 0
      vertex 150 0 0
    endloop
  endfacet
  facet normal 0 0 1
    outer loop
      vertex 18.18691068341991 31.534735297541584 0
      vertex 18.33870789150008 31.168264419064066 0
      vertex 150 0 0
    endloop
  endfacet
  facet normal 0 0 1
    outer loop
      vertex 18.33870789150008 31.168264419064066 0
      vertex 18.448518910681194 30.78710193767401 0
      vertex 150 0 0
    endloop
  endfacet
  facet normal 0 0 1
    outer loop
      vertex 17.995036224407084 31.881905989178357 0
      vertex 18.18691068341991 31.534735297541584 0
      vertex 150 0 0
    endloop
  endfacet
  facet normal 0 0 1
    outer loop
      vertex 18.448518910681194 30.78710193767401 0
      vertex 18.51496280368322 30.396041192730525 0
      vertex 150 0 0
    endloop
  endfacet
  facet normal 0 0 1
    outer loop
      vertex 18.51496280368322 30.396041192730525 0
      vertex 18.537204 30 0
      vertex 150 0 0
    endloop
  endfacet
  facet normal 0 0 1
    outer loop
      vertex 150 0 0
      vertex 15.78710193767401 33.448518910681194 0
      vertex 16.168264419064066 33.33870789150008 0
    endloop
  endfacet
  facet normal 0 0 1
    outer loop
      vertex 16.534735297541584 33.18691068341991 0
      vertex 150 0 0
      vertex 16.168264419064066 33.33870789150008 0
    endloop
  endfacet
  facet normal 0 0 1
    outer loop
      vertex 150 0 0
      vertex 0 40 0
      vertex 15.78710193767401 33.448518910681194 0
    endloop
  endfacet
  facet normal 0 0 1
    outer loop
      vertex 0 40 0
      vertex 15.396041192730525 33.51496280368322 0
      vertex 15.78710193767401 33.448518910681194 0
    endloop
  endfacet
  facet normal 0 0 1
    outer loop
      vertex 0 40 0
      vertex 15 33.537204 0
      vertex 15.396041192730525 33.51496280368322 0
    endloop
  endfacet
  facet normal 0 0 1
    outer loop
      vertex 0 40 0
      vertex 14.603958807269475 33.51496280368322 0
      vertex 15 33.537204 0
    endloop
  endfacet
  facet normal 0 0 1
    outer loop
      vertex 0 40 0
      vertex 14.21289806232599 33.448518910681194 0
      vertex 14.603958807269475 33.51496280368322 0
    endloop
  endfacet
  facet normal 1 0 0
    outer loop
      vertex 150 40 0
      vertex 150 20 -2
      vertex 150 40 -4
    endloop
  endfacet
  facet normal 0 0 1
    outer loop
      vertex 0 40 0
      vertex 13.831735580935936 33.33870789150008 0
      vertex 14.21289806232599 33.448518910681194 0
    endloop
  endfacet
  facet normal 0 0 1
    outer loop
      vertex 0 40 0
      vertex 13.465264702458416 33.18691068341991 0
      vertex 13.831735580935936 33.33870789150008 0
    endloop
  endfacet
  facet normal 0 0 1
    outer loop
      vertex 0 40 0
      vertex 13.118094010821645 32.99503622440709 0
      vertex 13.465264702458416 33.18691068341991 0
    endloop
  endfacet
  facet normal 0 0 1
    outer loop
      vertex 0 40 0
      vertex 12.79458937890608 32.76549744711185 0
      vertex 13.118094010821645 32.99503622440709 0
    endloop
  endfacet
  facet normal 0 0 1
    outer loop
      vertex 0 40 0
      vertex 12.498819065159818 32.50118093484018 0
      vertex 12.79458937890608 32.76549744711185 0
    endloop
  endfacet
  facet normal 0 0 1
    outer loop
      vertex 0 40 0
      vertex 12.234502552888156 32.20541062109392 0
      vertex 12.498819065159818 32.50118093484018 0
    endloop
  endfacet
  facet normal 0 0 1
    outer loop
      vertex 0 40 0
      vertex 12.004963775592916 31.881905989178353 0
      vertex 12.234502552888156 32.20541062109392 0
    endloop
  endfacet
  facet normal 0 0 1
    outer loop
      vertex 0 40 0
      vertex 11.813089316580092 31.534735297541584 0
      vertex 12.004963775592916 31.881905989178353 0
    endloop
  endfacet
  facet normal 0 0 1
    outer loop
      vertex 0 40 0
      vertex 11.661292108499921 31.168264419064066 0
      vertex 11.813089316580092 31.534735297541584 0
    endloop
  endfacet
  facet normal 0 0 1
    outer loop
      vertex 0 40 0
      vertex 11.551481089318804 30.787101937674013 0
      vertex 11.661292108499921 31.168264419064066 0
    endloop
  endfacet
  facet normal 0 0 1
    outer loop
      vertex 0 40 0
      vertex 11.485037196316782 30.396041192730525 0
      vertex 11.551481089318804 30.787101937674013 0
    endloop
  endfacet
  facet normal 0 0 1
    outer loop
      vertex 0 40 0
      vertex 11.462795999999999 30 0
      vertex 11.485037196316782 30.396041192730525 0
    endloop
  endfacet
  facet normal 0 0 1
    outer loop
      vertex 0 40 0
      vertex 11.485037196316782 29.603958807269475 0
      vertex 11.462795999999999 30 0
    endloop
  endfacet
  facet normal 0 0 1
    outer loop
      vertex 0 40 0
      vertex 11.551481089318804 29.212898062325987 0
      vertex 11.485037196316782 29.603958807269475 0
    endloop
  endfacet
  facet normal 0 0 1
    outer loop
      vertex 0 40 0
      vertex 11.661292108499921 28.831735580935934 0
      vertex 11.551481089318804 29.212898062325987 0
    endloop
  endfacet
  facet normal 0 0 1
    outer loop
      vertex 0 40 0
      vertex 11.813089316580092 28.465264702458416 0
      vertex 11.661292108499921 28.831735580935934 0
    endloop
  endfacet
  facet normal 0 0 1
    outer loop
      vertex 0 40 0
      vertex 12.004963775592916 28.118094010821647 0
      vertex 11.813089316580092 28.465264702458416 0
    endloop
  endfacet
  facet normal 0 0 1
    outer loop
      vertex 0 40 0
      vertex 12.234502552888156 27.79458937890608 0
      vertex 12.004963775592916 28.118094010821647 0
    endloop
  endfacet
  facet normal -1 0 0
    outer loop
      vertex 0 20 -2
      vertex 0 40 0
      vertex 0 40 -4
    endloop
  endfacet
  facet normal 0 0 1
    outer loop
      vertex 0 40 0
      vertex 0 0 0
      vertex 12.234502552888156 27.79458937890608 0
    endloop
  endfacet
  facet normal -1 0 0
    outer loop
      vertex 0 0 -2
      vertex 0 40 0
      vertex 0 20 -2
    endloop
  endfacet
  facet normal 0 1 0
    outer loop
      vertex 150 40 -4
      vertex 0 40 -4
      vertex 0 40 0
    endloop
  endfacet
  facet normal 0 0 -1
    outer loop
      vertex 0 40 -4
      vertex 75.19997131801648 31.9026 -4
      vertex 74.80002868198352 31.9026 -4
    endloop
  endfacet
  facet normal 0 0 -1
    outer loop
      vertex 15.199971318016477 31.9026 -4
      vertex 74.80002868198352 31.9026 -4
      vertex 74.40882575211674 31.819447250312276 -4
    endloop
  endfacet
  facet normal 0 0 -1
    outer loop
      vertex 74.40882575211674 31.819447250312276 -4
      vertex 74.04345997365122 31.656775925109347 -4
      vertex 15.591174247883261 31.819447250312276 -4
    endloop
  endfacet
  facet normal 0 0 -1
    outer loop
      vertex 74.04345997365122 31.656775925109347 -4
      vertex 73.71989958432546 31.4216955418862 -4
      vertex 15.956540026348772 31.656775925109347 -4
    endloop
  endfacet
  facet normal 0 0 -1
    outer loop
      vertex 73.71989958432546 31.4216955418862 -4
      vertex 73.45228572576796 31.124480241430525 -4
      vertex 16.280100415674546 31.4216955418862 -4
    endloop
  endfacet
  facet normal 0 0 -1
    outer loop
      vertex 73.45228572576796 31.124480241430525 -4
      vertex 73.25231440775148 30.778119758569474 -4
      vertex 16.547714274232035 31.124480241430525 -4
    endloop
  endfacet
  facet normal 0 0 -1
    outer loop
      vertex 73.25231440775148 30.778119758569474 -4
      vertex 73.12872533644219 30.397751708426075 -4
      vertex 16.747685592248512 30.778119758569474 -4
    endloop
  endfacet
  facet normal 0 0 -1
    outer loop
      vertex 73.12872533644219 30.397751708426075 -4
      vertex 73.08691994730245 30 -4
      vertex 16.87127466355781 30.397751708426075 -4
    endloop
  endfacet
  facet normal 0 0 -1
    outer loop
      vertex 75 20 -4
      vertex 73.71989958432546 28.5783044581138 -4
      vertex 74.04345997365122 28.343224074890653 -4
    endloop
  endfacet
  facet normal 0 0 -1
    outer loop
      vertex 75 20 -4
      vertex 74.04345997365122 28.343224074890653 -4
      vertex 74.40882575211674 28.180552749687724 -4
    endloop
  endfacet
  facet normal 0 0 -1
    outer loop
      vertex 75 20 -4
      vertex 74.40882575211674 28.180552749687724 -4
      vertex 74.80002868198352 28.0974 -4
    endloop
  endfacet
  facet normal 0 0 -1
    outer loop
      vertex 16.913080052697545 30 -4
      vertex 73.08691994730245 30 -4
      vertex 73.12872533644219 29.602248291573925 -4
    endloop
  endfacet
  facet normal 0 0 -1
    outer loop
      vertex 16.87127466355781 29.602248291573925 -4
      vertex 73.12872533644219 29.602248291573925 -4
      vertex 73.25231440775148 29.221880241430526 -4
    endloop
  endfacet
  facet normal 0 0 -1
    outer loop
      vertex 16.747685592248512 29.221880241430526 -4
      vertex 73.25231440775148 29.221880241430526 -4
      vertex 73.45228572576796 28.875519758569475 -4
    endloop
  endfacet
  facet normal 0 0 -1
    outer loop
      vertex 16.547714274232035 28.875519758569475 -4
      vertex 73.45228572576796 28.875519758569475 -4
      vertex 73.71989958432546 28.5783044581138 -4
    endloop
  endfacet
  facet normal 0 0 -1
    outer loop
      vertex 75 20 -4
      vertex 16.280100415674546 28.5783044581138 -4
      vertex 73.71989958432546 28.5783044581138 -4
    endloop
  endfacet
  facet normal 0 0 -1
    outer loop
      vertex 15.199971318016477 31.9026 -4
      vertex 0 40 -4
      vertex 74.80002868198352 31.9026 -4
    endloop
  endfacet
  facet normal 0 0 -1
    outer loop
      vertex 74.04345997365122 31.656775925109347 -4
      vertex 15.956540026348772 31.656775925109347 -4
      vertex 15.591174247883261 31.819447250312276 -4
    endloop
  endfacet
  facet normal 0 0 -1
    outer loop
      vertex 73.71989958432546 31.4216955418862 -4
      vertex 16.280100415674546 31.4216955418862 -4
      vertex 15.956540026348772 31.656775925109347 -4
    endloop
  endfacet
  facet normal 0 0 -1
    outer loop
      vertex 15.591174247883261 31.819447250312276 -4
      vertex 15.199971318016477 31.9026 -4
      vertex 74.40882575211674 31.819447250312276 -4
    endloop
  endfacet
  facet normal 0 0 -1
    outer loop
      vertex 73.45228572576796 31.124480241430525 -4
      vertex 16.547714274232035 31.124480241430525 -4
      vertex 16.280100415674546 31.4216955418862 -4
    endloop
  endfacet
  facet normal 0 0 -1
    outer loop
      vertex 73.25231440775148 30.778119758569474 -4
      vertex 16.747685592248512 30.778119758569474 -4
      vertex 16.547714274232035 31.124480241430525 -4
    endloop
  endfacet
  facet normal 0 0 -1
    outer loop
      vertex 73.12872533644219 30.397751708426075 -4
      vertex 16.87127466355781 30.397751708426075 -4
      vertex 16.747685592248512 30.778119758569474 -4
    endloop
  endfacet
  facet normal 0 0 -1
    outer loop
      vertex 73.08691994730245 30 -4
      vertex 16.913080052697545 30 -4
      vertex 16.87127466355781 30.397751708426075 -4
    endloop
  endfacet
  facet normal 0 0 -1
    outer loop
      vertex 15.199971318016477 31.9026 -4
      vertex 14.800028681983523 31.9026 -4
      vertex 0 40 -4
    endloop
  endfacet
  facet normal 0 0 -1
    outer loop
      vertex 14.800028681983523 31.9026 -4
      vertex 14.408825752116739 31.819447250312276 -4
      vertex 0 40 -4
    endloop
  endfacet
  facet normal 0 0 -1
    outer loop
      vertex 14.408825752116739 31.819447250312276 -4
      vertex 14.043459973651228 31.656775925109347 -4
      vertex 0 40 -4
    endloop
  endfacet
  facet normal 0 0 -1
    outer loop
      vertex 14.043459973651228 31.656775925109347 -4
      vertex 13.719899584325454 31.4216955418862 -4
      vertex 0 40 -4
    endloop
  endfacet
  facet normal 0 0 -1
    outer loop
      vertex 13.719899584325454 31.4216955418862 -4
      vertex 13.452285725767965 31.124480241430525 -4
      vertex 0 40 -4
    endloop
  endfacet
  facet normal 0 0 -1
    outer loop
      vertex 13.452285725767965 31.124480241430525 -4
      vertex 13.25231440775149 30.778119758569474 -4
      vertex 0 40 -4
    endloop
  endfacet
  facet normal 0 0 -1
    outer loop
      vertex 13.25231440775149 30.778119758569474 -4
      vertex 13.128725336442193 30.397751708426075 -4
      vertex 0 40 -4
    endloop
  endfacet
  facet normal 0 0 -1
    outer loop
      vertex 13.128725336442193 30.397751708426075 -4
      vertex 13.086919947302453 30 -4
      vertex 0 40 -4
    endloop
  endfacet
  facet normal 0 0 -1
    outer loop
      vertex 0 20 -4
      vertex 0 40 -4
      vertex 13.086919947302453 30 -4
    endloop
  endfacet
  facet normal 0 0 -1
    outer loop
      vertex 16.87127466355781 29.602248291573925 -4
      vertex 16.913080052697545 30 -4
      vertex 73.12872533644219 29.602248291573925 -4
    endloop
  endfacet
  facet normal 0 0 -1
    outer loop
      vertex 16.747685592248512 29.221880241430526 -4
      vertex 16.87127466355781 29.602248291573925 -4
      vertex 73.25231440775148 29.221880241430526 -4
    endloop
  endfacet
  facet normal 0 0 -1
    outer loop
      vertex 16.547714274232035 28.875519758569475 -4
      vertex 16.747685592248512 29.221880241430526 -4
      vertex 73.45228572576796 28.875519758569475 -4
    endloop
  endfacet
  facet normal 0 0 -1
    outer loop
      vertex 16.280100415674546 28.5783044581138 -4
      vertex 16.547714274232035 28.875519758569475 -4
      vertex 73.71989958432546 28.5783044581138 -4
    endloop
  endfacet
  facet normal 0 0 -1
    outer loop
      vertex 75 20 -4
      vertex 15.956540026348772 28.343224074890653 -4
      vertex 16.280100415674546 28.5783044581138 -4
    endloop
  endfacet
  facet normal 0 0 -1
    outer loop
      vertex 75 20 -4
      vertex 15.591174247883261 28.180552749687724 -4
      vertex 15.956540026348772 28.343224074890653 -4
    endloop
  endfacet
  facet normal 0 0 -1
    outer loop
      vertex 75 20 -4
      vertex 15.199971318016477 28.0974 -4
      vertex 15.591174247883261 28.180552749687724 -4
    endloop
  endfacet
  facet normal 0 0 -1
    outer loop
      vertex 75 20 -4
      vertex 14.800028681983523 28.0974 -4
      vertex 15.199971318016477 28.0974 -4
    endloop
  endfacet
  facet normal 0 0 1
    outer loop
      vertex 136.88190598917836 32.99503622440708 0
      vertex 137.20541062109393 32.76549744711185 0
      vertex 150 40 0
    endloop
  endfacet
  facet normal 0 0 -1
    outer loop
      vertex 75 20 -4
      vertex 0 20 -4
      vertex 14.800028681983523 28.0974 -4
    endloop
  endfacet
  facet normal -1 0 0
    outer loop
      vertex 0 40 -4
      vertex 0 20 -4
      vertex 0 20 -2
    endloop
  endfacet
  facet normal 0 0 -1
    outer loop
      vertex 0 20 -4
      vertex 14.043459973651228 28.343224074890653 -4
      vertex 14.408825752116739 28.180552749687724 -4
    endloop
  endfacet
  facet normal 0 0 -1
    outer loop
      vertex 0 20 -4
      vertex 14.408825752116739 28.180552749687724 -4
      vertex 14.800028681983523 28.0974 -4
    endloop
  endfacet
  facet normal 0 0 -1
    outer loop
      vertex 0 20 -4
      vertex 13.128725336442193 29.602248291573925 -4
      vertex 13.25231440775149 29.221880241430526 -4
    endloop
  endfacet
  facet normal 0 0 -1
    outer loop
      vertex 0 20 -4
      vertex 13.086919947302453 30 -4
      vertex 13.128725336442193 29.602248291573925 -4
    endloop
  endfacet
  facet normal 0 0 1
    outer loop
      vertex 78.51496280368322 30.396041192730525 0
      vertex 131.462796 30 0
      vertex 131.4850371963168 30.396041192730525 0
    endloop
  endfacet
  facet normal 0 0 1
    outer loop
      vertex 78.51496280368322 30.396041192730525 0
      vertex 131.4850371963168 30.396041192730525 0
      vertex 131.5514810893188 30.787101937674013 0
    endloop
  endfacet
  facet normal 0 0 1
    outer loop
      vertex 78.4485189106812 30.78710193767401 0
      vertex 131.5514810893188 30.787101937674013 0
      vertex 131.6612921084999 31.168264419064066 0
    endloop
  endfacet
  facet normal 0 0 1
    outer loop
      vertex 78.18691068341991 31.534735297541584 0
      vertex 131.6612921084999 31.168264419064066 0
      vertex 131.8130893165801 31.534735297541584 0
    endloop
  endfacet
  facet normal 0 0 1
    outer loop
      vertex 77.99503622440709 31.881905989178357 0
      vertex 131.8130893165801 31.534735297541584 0
      vertex 132.00496377559293 31.881905989178353 0
    endloop
  endfacet
  facet normal 0 0 1
    outer loop
      vertex 77.99503622440709 31.881905989178357 0
      vertex 132.00496377559293 31.881905989178353 0
      vertex 132.23450255288816 32.20541062109392 0
    endloop
  endfacet
  facet normal 0 0 1
    outer loop
      vertex 77.76549744711184 32.20541062109392 0
      vertex 132.23450255288816 32.20541062109392 0
      vertex 132.4988190651598 32.50118093484018 0
    endloop
  endfacet
  facet normal 0 0 1
    outer loop
      vertex 77.20541062109392 32.76549744711185 0
      vertex 132.4988190651598 32.50118093484018 0
      vertex 132.79458937890607 32.76549744711185 0
    endloop
  endfacet
  facet normal 0 0 1
    outer loop
      vertex 77.20541062109392 32.76549744711185 0
      vertex 132.79458937890607 32.76549744711185 0
      vertex 133.11809401082164 32.99503622440709 0
    endloop
  endfacet
  facet normal 0 0 1
    outer loop
      vertex 76.53473529754159 33.18691068341991 0
      vertex 133.11809401082164 32.99503622440709 0
      vertex 133.46526470245843 33.18691068341991 0
    endloop
  endfacet
  facet normal 0 0 1
    outer loop
      vertex 76.53473529754159 33.18691068341991 0
      vertex 133.46526470245843 33.18691068341991 0
      vertex 133.83173558093594 33.33870789150008 0
    endloop
  endfacet
  facet normal 0 0 1
    outer loop
      vertex 75.78710193767401 33.448518910681194 0
      vertex 133.83173558093594 33.33870789150008 0
      vertex 134.212898062326 33.448518910681194 0
    endloop
  endfacet
  facet normal 0 0 1
    outer loop
      vertex 75.78710193767401 33.448518910681194 0
      vertex 134.212898062326 33.448518910681194 0
      vertex 150 40 0
    endloop
  endfacet
  facet normal 0 0 -1
    outer loop
      vertex 0 20 -4
      vertex 13.25231440775149 29.221880241430526 -4
      vertex 13.452285725767965 28.875519758569475 -4
    endloop
  endfacet
  facet normal 0 0 -1
    outer loop
      vertex 0 20 -4
      vertex 13.452285725767965 28.875519758569475 -4
      vertex 13.719899584325454 28.5783044581138 -4
    endloop
  endfacet
  facet normal 0 0 -1
    outer loop
      vertex 0 20 -4
      vertex 13.719899584325454 28.5783044581138 -4
      vertex 14.043459973651228 28.343224074890653 -4
    endloop
  endfacet
  facet normal 0 0 1
    outer loop
      vertex 150 0 0
      vertex 18.537204 30 0
      vertex 18.51496280368322 29.603958807269475 0
    endloop
  endfacet
  facet normal 0 0 1
    outer loop
      vertex 150 0 0
      vertex 18.51496280368322 29.603958807269475 0
      vertex 18.448518910681194 29.21289806232599 0
    endloop
  endfacet
  facet normal 0 0 1
    outer loop
      vertex 150 0 0
      vertex 18.448518910681194 29.21289806232599 0
      vertex 18.33870789150008 28.831735580935934 0
    endloop
  endfacet
  facet normal 0 0 1
    outer loop
      vertex 150 0 0
      vertex 18.33870789150008 28.831735580935934 0
      vertex 18.18691068341991 28.465264702458416 0
    endloop
  endfacet
  facet normal 0 0 1
    outer loop
      vertex 150 0 0
      vertex 18.18691068341991 28.465264702458416 0
      vertex 17.995036224407084 28.118094010821643 0
    endloop
  endfacet
  facet normal 0 0 1
    outer loop
      vertex 0 0 0
      vertex 150 0 0
      vertex 17.995036224407084 28.118094010821643 0
    endloop
  endfacet
  facet normal 0 0 1
    outer loop
      vertex 137.20541062109393 32.76549744711185 0
      vertex 137.5011809348402 32.50118093484018 0
      vertex 150 40 0
    endloop
  endfacet
  facet normal 0 -1 0
    outer loop
      vertex 0 0 0
      vertex 0 0 -2
      vertex 150 0 -2
    endloop
  endfacet
  facet normal 0 0 1
    outer loop
      vertex 0 0 0
      vertex 17.995036224407084 28.118094010821643 0
      vertex 17.765497447111844 27.794589378906082 0
    endloop
  endfacet
  facet normal 0 0 1
    outer loop
      vertex 0 0 0
      vertex 17.765497447111844 27.794589378906082 0
      vertex 17.501180934840182 27.498819065159818 0
    endloop
  endfacet
  facet normal 0 0 1
    outer loop
      vertex 0 0 0
      vertex 17.501180934840182 27.498819065159818 0
      vertex 17.205410621093918 27.234502552888156 0
    endloop
  endfacet
  facet normal 0 0 1
    outer loop
      vertex 0 0 0
      vertex 17.205410621093918 27.234502552888156 0
      vertex 16.881905989178357 27.004963775592916 0
    endloop
  endfacet
  facet normal 0 0 1
    outer loop
      vertex 0 0 0
      vertex 16.881905989178357 27.004963775592916 0
      vertex 16.534735297541584 26.81308931658009 0
    endloop
  endfacet
  facet normal 0 0 1
    outer loop
      vertex 0 0 0
      vertex 16.534735297541584 26.81308931658009 0
      vertex 16.168264419064066 26.66129210849992 0
    endloop
  endfacet
  facet normal 0 0 1
    outer loop
      vertex 0 0 0
      vertex 16.168264419064066 26.66129210849992 0
      vertex 15.787101937674013 26.551481089318806 0
    endloop
  endfacet
  facet normal 0 0 1
    outer loop
      vertex 0 0 0
      vertex 15.787101937674013 26.551481089318806 0
      vertex 15.396041192730525 26.48503719631678 0
    endloop
  endfacet
  facet normal 0 0 1
    outer loop
      vertex 0 0 0
      vertex 15.396041192730525 26.48503719631678 0
      vertex 15 26.462796 0
    endloop
  endfacet
  facet normal 0 0 1
    outer loop
      vertex 0 0 0
      vertex 14.603958807269475 26.48503719631678 0
      vertex 14.212898062325987 26.551481089318806 0
    endloop
  endfacet
  facet normal 0 0 1
    outer loop
      vertex 0 0 0
      vertex 15 26.462796 0
      vertex 14.603958807269475 26.48503719631678 0
    endloop
  endfacet
  facet normal 0 0 1
    outer loop
      vertex 0 0 0
      vertex 12.498819065159818 27.498819065159818 0
      vertex 12.234502552888156 27.79458937890608 0
    endloop
  endfacet
  facet normal 0 0 1
    outer loop
      vertex 0 0 0
      vertex 12.79458937890608 27.234502552888156 0
      vertex 12.498819065159818 27.498819065159818 0
    endloop
  endfacet
  facet normal 0 0 1
    outer loop
      vertex 0 0 0
      vertex 13.831735580935936 26.66129210849992 0
      vertex 13.465264702458416 26.81308931658009 0
    endloop
  endfacet
  facet normal 0 0 1
    outer loop
      vertex 0 0 0
      vertex 13.465264702458416 26.81308931658009 0
      vertex 13.118094010821645 27.004963775592916 0
    endloop
  endfacet
  facet normal 0 0 1
    outer loop
      vertex 0 0 0
      vertex 13.118094010821645 27.004963775592916 0
      vertex 12.79458937890608 27.234502552888156 0
    endloop
  endfacet
  facet normal 0 0 1
    outer loop
      vertex 0 0 0
      vertex 14.212898062325987 26.551481089318806 0
      vertex 13.831735580935936 26.66129210849992 0
    endloop
  endfacet
  facet normal 0 0 1
    outer loop
      vertex 138.5149628036832 30.396041192730525 0
      vertex 138.537204 30 0
      vertex 150 40 0
    endloop
  endfacet
  facet normal 0 0 1
    outer loop
      vertex 138.4485189106812 30.78710193767401 0
      vertex 138.5149628036832 30.396041192730525 0
      vertex 150 40 0
    endloop
  endfacet
  facet normal 0 0 1
    outer loop
      vertex 138.3387078915001 31.168264419064066 0
      vertex 138.4485189106812 30.78710193767401 0
      vertex 150 40 0
    endloop
  endfacet
  facet normal 0 0 1
    outer loop
      vertex 138.1869106834199 31.534735297541584 0
      vertex 138.3387078915001 31.168264419064066 0
      vertex 150 40 0
    endloop
  endfacet
  facet normal 0 0 1
    outer loop
      vertex 137.5011809348402 32.50118093484018 0
      vertex 137.76549744711184 32.20541062109392 0
      vertex 150 40 0
    endloop
  endfacet
  facet normal 0 0 1
    outer loop
      vertex 137.99503622440707 31.881905989178357 0
      vertex 138.1869106834199 31.534735297541584 0
      vertex 150 40 0
    endloop
  endfacet
  facet normal 0 0 1
    outer loop
      vertex 137.76549744711184 32.20541062109392 0
      vertex 137.99503622440707 31.881905989178357 0
      vertex 150 40 0
    endloop
  endfacet
  facet normal 0 0 1
    outer loop
      vertex 134.212898062326 33.448518910681194 0
      vertex 134.60395880726946 33.51496280368322 0
      vertex 150 40 0
    endloop
  endfacet
  facet normal 0 0 1
    outer loop
      vertex 134.60395880726946 33.51496280368322 0
      vertex 135 33.537204 0
      vertex 150 40 0
    endloop
  endfacet
  facet normal 0 0 1
    outer loop
      vertex 135 33.537204 0
      vertex 135.39604119273054 33.51496280368322 0
      vertex 150 40 0
    endloop
  endfacet
  facet normal 0 0 1
    outer loop
      vertex 73.83173558093594 26.66129210849992 0
      vertex 0 40 0
      vertex 150 0 0
    endloop
  endfacet
  facet normal 0 0 -1
    outer loop
      vertex 150 0 -2
      vertex 0 0 -2
      vertex 0 20 -2
    endloop
  endfacet
  facet normal 0 -1 0
    outer loop
      vertex 0 20 -4
      vertex 75 20 -4
      vertex 0 20 -2
    endloop
  endfacet
  facet normal 0 0 -1
    outer loop
      vertex 150 0 -2
      vertex 0 20 -2
      vertex 150 20 -2
    endloop
  endfacet
  facet normal 0 -1 0
    outer loop
      vertex 150 20 -4
      vertex 0 20 -2
      vertex 75 20 -4
    endloop
  endfacet
  facet normal 0 -1 0
    outer loop
      vertex 150 20 -4
      vertex 150 20 -2
      vertex 0 20 -2
    endloop
  endfacet
endsolid OpenSCAD_Model
